\n>>> cargo fmt --all --check
exit=0
\n>>> cargo check --workspace
   Compiling incin-macros v0.0.0 (/home/xupremix/Projects/incin/crates/incin-macros)
    Checking incin-lsp v0.0.0 (/home/xupremix/Projects/incin/crates/incin-lsp)
    Checking xtask v0.0.0 (/home/xupremix/Projects/incin/xtask)
    Checking incin-core v0.0.0 (/home/xupremix/Projects/incin/crates/incin-core)
    Checking incin-backends v0.0.0 (/home/xupremix/Projects/incin/crates/incin-backends)
    Checking incin-data v0.0.0 (/home/xupremix/Projects/incin/crates/incin-data)
    Checking incin-telemetry v0.0.0 (/home/xupremix/Projects/incin/crates/incin-telemetry)
    Checking incin-viz-plugin-api v0.0.0 (/home/xupremix/Projects/incin/crates/incin-viz-plugin-api)
    Checking incin-viz v0.0.0 (/home/xupremix/Projects/incin/crates/incin-viz)
    Checking incin v0.0.0 (/home/xupremix/Projects/incin/crates/incin)
    Checking native_training_demo v0.0.0 (/home/xupremix/Projects/incin/crates/incin/examples/native_training_demo)
    Checking tui_graph_demo v0.0.0 (/home/xupremix/Projects/incin/crates/incin/examples/tui_graph_demo)
    Checking cnn v0.0.0 (/home/xupremix/Projects/incin/crates/incin/examples/cnn)
    Checking dataloader v0.0.0 (/home/xupremix/Projects/incin/crates/incin/examples/dataloader)
    Checking named_tensors v0.0.0 (/home/xupremix/Projects/incin/crates/incin/examples/named_tensors)
    Checking named_dims_safety v0.0.0 (/home/xupremix/Projects/incin/crates/incin/examples/named_dims_safety)
    Checking backends v0.0.0 (/home/xupremix/Projects/incin/crates/incin/examples/backends)
    Checking tensors v0.0.0 (/home/xupremix/Projects/incin/crates/incin/examples/tensors)
    Checking matmul v0.0.0 (/home/xupremix/Projects/incin/crates/incin/examples/matmul)
    Finished `dev` profile [unoptimized] target(s) in 5.79s
exit=0
\n>>> cargo test --workspace
   Compiling libc v0.2.186
   Compiling foldhash v0.2.0
   Compiling incin-core v0.0.0 (/home/xupremix/Projects/incin/crates/incin-core)
   Compiling rustix v1.1.4
   Compiling futures-util v0.3.32
   Compiling utf8parse v0.2.2
   Compiling is_terminal_polyfill v1.70.2
   Compiling colorchoice v1.0.5
   Compiling anstyle-query v1.1.5
   Compiling crossbeam-channel v0.5.16
   Compiling itertools v0.14.0
   Compiling strum v0.28.0
   Compiling critical-section v1.2.0
   Compiling castaway v0.2.4
   Compiling hashbrown v0.17.1
   Compiling hashbrown v0.16.1
   Compiling anstyle-parse v1.0.0
   Compiling time-core v0.1.9
   Compiling num-conv v0.2.2
   Compiling deranged v0.5.8
   Compiling powerfmt v0.2.0
   Compiling num_threads v0.1.7
   Compiling line-clipping v0.3.7
   Compiling compact_str v0.9.1
   Compiling anstream v1.0.0
   Compiling derive_more v2.1.1
   Compiling naga v22.1.0
   Compiling gpu-descriptor v0.3.2
   Compiling tower-http v0.6.11
   Compiling incin-lsp v0.0.0 (/home/xupremix/Projects/incin/crates/incin-lsp)
   Compiling toml_datetime v0.6.11
   Compiling clap_builder v4.6.0
   Compiling serde_spanned v0.6.9
   Compiling incin-diagnostics v0.0.0 (/home/xupremix/Projects/incin/crates/incin-diagnostics)
   Compiling indexmap v2.14.0
   Compiling lru v0.18.0
   Compiling kasuari v0.4.12
   Compiling reqwest v0.12.28
   Compiling toml_edit v0.22.27
   Compiling getrandom v0.2.17
   Compiling parking_lot_core v0.9.12
   Compiling khronos-egl v6.0.0
   Compiling fs2 v0.4.3
   Compiling getrandom v0.4.3
   Compiling mio v1.2.1
   Compiling socket2 v0.6.4
   Compiling rand_core v0.6.4
   Compiling parking_lot v0.12.5
   Compiling dirs-sys v0.5.0
   Compiling ring v0.17.14
   Compiling getrandom v0.3.4
   Compiling rand_chacha v0.3.1
   Compiling dirs v6.0.0
   Compiling rand_core v0.9.3
   Compiling console v0.16.4
   Compiling tokio v1.52.3
   Compiling socks v0.3.4
   Compiling num_cpus v1.17.0
   Compiling rand v0.8.6
   Compiling rand_chacha v0.9.0
   Compiling is-terminal v0.4.17
   Compiling uuid v1.23.4
   Compiling rand v0.9.2
   Compiling indicatif v0.18.6
   Compiling tempfile v3.27.0
   Compiling interprocess v2.4.2
   Compiling clap v4.6.1
   Compiling criterion v0.5.1
   Compiling rand_distr v0.4.3
   Compiling unicode-truncate v2.0.1
   Compiling time v0.3.53
   Compiling futures-executor v0.3.32
   Compiling ratatui-core v0.1.2
   Compiling errno v0.3.14
   Compiling futures v0.3.32
   Compiling signal-hook-registry v1.4.8
   Compiling hf-hub v0.5.0
   Compiling rustls-webpki v0.103.13
   Compiling signal-hook v0.3.18
   Compiling toml v0.8.23
   Compiling signal-hook-mio v0.2.5
   Compiling crossterm v0.29.0
   Compiling rustls v0.23.41
   Compiling xtask v0.0.0 (/home/xupremix/Projects/incin/xtask)
   Compiling ratatui-widgets v0.3.2
   Compiling ratatui-crossterm v0.1.2
   Compiling ratatui-macros v0.7.2
   Compiling ratatui v0.30.2
   Compiling wgpu-hal v22.0.0
   Compiling tokio-util v0.7.18
   Compiling tower v0.5.3
   Compiling h2 v0.4.15
   Compiling tokio-rustls v0.26.4
   Compiling ureq v3.3.0
   Compiling wgpu-core v22.1.0
   Compiling hyper v1.10.1
   Compiling hyper-util v0.1.20
   Compiling hyper-rustls v0.27.9
   Compiling wgpu v22.1.0
   Compiling incin-data v0.0.0 (/home/xupremix/Projects/incin/crates/incin-data)
   Compiling incin-telemetry v0.0.0 (/home/xupremix/Projects/incin/crates/incin-telemetry)
   Compiling incin-viz-plugin-api v0.0.0 (/home/xupremix/Projects/incin/crates/incin-viz-plugin-api)
   Compiling incin-viz v0.0.0 (/home/xupremix/Projects/incin/crates/incin-viz)
   Compiling incin-backends v0.0.0 (/home/xupremix/Projects/incin/crates/incin-backends)
   Compiling incin v0.0.0 (/home/xupremix/Projects/incin/crates/incin)
   Compiling incin-macros v0.0.0 (/home/xupremix/Projects/incin/crates/incin-macros)
   Compiling dataloader v0.0.0 (/home/xupremix/Projects/incin/crates/incin/examples/dataloader)
   Compiling matmul v0.0.0 (/home/xupremix/Projects/incin/crates/incin/examples/matmul)
   Compiling tui_graph_demo v0.0.0 (/home/xupremix/Projects/incin/crates/incin/examples/tui_graph_demo)
   Compiling backends v0.0.0 (/home/xupremix/Projects/incin/crates/incin/examples/backends)
   Compiling named_tensors v0.0.0 (/home/xupremix/Projects/incin/crates/incin/examples/named_tensors)
   Compiling tensors v0.0.0 (/home/xupremix/Projects/incin/crates/incin/examples/tensors)
   Compiling named_dims_safety v0.0.0 (/home/xupremix/Projects/incin/crates/incin/examples/named_dims_safety)
   Compiling cnn v0.0.0 (/home/xupremix/Projects/incin/crates/incin/examples/cnn)
   Compiling native_training_demo v0.0.0 (/home/xupremix/Projects/incin/crates/incin/examples/native_training_demo)
    Finished `test` profile [unoptimized] target(s) in 1m 00s
     Running unittests src/main.rs (target/debug/deps/backends-32a46cd75296e9ae)

running 0 tests

test result: ok. 0 passed; 0 failed; 0 ignored; 0 measured; 0 filtered out; finished in 0.00s

     Running unittests src/main.rs (target/debug/deps/cnn-6d889b858d563fdc)

running 0 tests

test result: ok. 0 passed; 0 failed; 0 ignored; 0 measured; 0 filtered out; finished in 0.00s

     Running unittests src/main.rs (target/debug/deps/dataloader-62dc3c968372287b)

running 0 tests

test result: ok. 0 passed; 0 failed; 0 ignored; 0 measured; 0 filtered out; finished in 0.00s

     Running unittests src/lib.rs (target/debug/deps/incin-92516ca8c3fec313)

running 2 tests
test tests::test_tensor_export ... ok
test tests::test_runtime_dtype_tensor_creation ... ok

test result: ok. 2 passed; 0 failed; 0 ignored; 0 measured; 0 filtered out; finished in 0.00s

     Running unittests src/bin/cargo-incin.rs (target/debug/deps/cargo_incin-966ff8904d4f8520)

running 0 tests

test result: ok. 0 passed; 0 failed; 0 ignored; 0 measured; 0 filtered out; finished in 0.00s

     Running tests/advanced_math_autograd_tests.rs (target/debug/deps/advanced_math_autograd_tests-1a0e6948c7c650af)

running 3 tests
test test_inplace_operations ... ok
test test_autograd_tape_closures ... ok
test test_trigonometric_and_transcendental_ops ... ok

test result: ok. 3 passed; 0 failed; 0 ignored; 0 measured; 0 filtered out; finished in 0.00s

     Running tests/autograd_tests.rs (target/debug/deps/autograd_tests-830e19de0106c63a)

running 2 tests
test test_backward_under_nan_checking_succeeds ... ok
test test_simple_linear_regression ... ok

test result: ok. 2 passed; 0 failed; 0 ignored; 0 measured; 0 filtered out; finished in 0.00s

     Running tests/bool_mask_contract.rs (target/debug/deps/bool_mask_contract-839f45b1e9150758)

running 0 tests

test result: ok. 0 passed; 0 failed; 0 ignored; 0 measured; 0 filtered out; finished in 0.00s

     Running tests/broadcast.rs (target/debug/deps/broadcast-8cae2e1ec51e597d)

running 1 test
test test_broadcast_success ... ok

test result: ok. 1 passed; 0 failed; 0 ignored; 0 measured; 0 filtered out; finished in 0.00s

     Running tests/canonical_only_backend_contract.rs (target/debug/deps/canonical_only_backend_contract-3018ee4880b0ab93)

running 0 tests

test result: ok. 0 passed; 0 failed; 0 ignored; 0 measured; 0 filtered out; finished in 0.00s

     Running tests/data_tests.rs (target/debug/deps/data_tests-2eaeef43aa5426ea)

running 1 test
test test_dataset ... ok

test result: ok. 1 passed; 0 failed; 0 ignored; 0 measured; 0 filtered out; finished in 0.00s

     Running tests/doctor.rs (target/debug/deps/doctor-b475cf3900c1937b)

running 24 tests
test a_build_with_no_backend_at_all_is_an_error ... ok
test a_compiled_backend_with_no_hardware_is_a_warning ... ok
test a_backend_that_is_both_compiled_and_present_says_nothing ... ok
test a_healthy_machine_produces_no_findings_and_exits_zero ... ok
test a_directory_without_its_write_bit_reports_as_not_writable ... ok
test a_machine_with_no_device_probes_nothing ... ok
test a_missing_toolchain_version_is_a_warning ... ok
test a_probe_reports_the_registrys_reason_for_a_rejection ... ok
test an_absent_isa_extension_is_a_note_about_the_scalar_path ... ok
test an_absent_or_unset_cache_is_not_a_finding ... ok
test an_unsupported_operation_is_reported_without_becoming_a_finding ... ok
test an_unwritable_cache_is_a_warning_naming_its_path ... ok
test findings_are_ordered_by_severity ... ok
test inspecting_a_cache_path_does_not_create_it ... ok
test the_argument_vocabulary_is_closed ... ok
test probes_cover_the_devices_that_answered_and_no_others ... ok
test the_json_carries_its_schema_version_and_a_fixed_key_set ... ok
test the_json_reports_every_probe_the_text_does ... ok
test the_reported_features_are_exactly_the_manifests ... ok
test the_json_and_the_text_agree_about_what_was_found ... ok
test the_text_rendering_is_stable ... ok
test the_real_machine_produces_a_report ... ok
test a_real_build_agrees_with_the_mock_about_whether_it_can_run ... ok
test the_subcommand_renders_text_by_default_and_json_on_request ... ok

test result: ok. 24 passed; 0 failed; 0 ignored; 0 measured; 0 filtered out; finished in 0.26s

     Running tests/dp2_network.rs (target/debug/deps/dp2_network-5c7f69467f330bfe)

running 0 tests

test result: ok. 0 passed; 0 failed; 0 ignored; 0 measured; 0 filtered out; finished in 0.00s

     Running tests/error_contract.rs (target/debug/deps/error_contract-1fd21aceaa007570)

running 3 tests
test stable_facade_exposes_typed_bounded_failure_contract ... ok
test tensor_operators_propagate_results_instead_of_panicking ... ok
test extracting_a_tensor_as_a_same_width_but_different_type_is_refused ... ok

test result: ok. 3 passed; 0 failed; 0 ignored; 0 measured; 0 filtered out; finished in 0.00s

     Running tests/facade_contract.rs (target/debug/deps/facade_contract-6b0ae48e2e9810ee)

running 2 tests
test expert_storage_encoding_has_a_named_path ... ok
test stable_facade_consumer_contracts has been running for over 60 seconds
test stable_facade_consumer_contracts ... ok

test result: ok. 2 passed; 0 failed; 0 ignored; 0 measured; 0 filtered out; finished in 271.48s

     Running tests/final_architecture_contract.rs (target/debug/deps/final_architecture_contract-30d4837df53b11fe)

running 0 tests

test result: ok. 0 passed; 0 failed; 0 ignored; 0 measured; 0 filtered out; finished in 0.00s

     Running tests/foundation_handoff_contract.rs (target/debug/deps/foundation_handoff_contract-eda5612f2505f59d)

running 0 tests

test result: ok. 0 passed; 0 failed; 0 ignored; 0 measured; 0 filtered out; finished in 0.00s

     Running tests/fsdp.rs (target/debug/deps/fsdp-567fbb7fecf0fbcf)

running 0 tests

test result: ok. 0 passed; 0 failed; 0 ignored; 0 measured; 0 filtered out; finished in 0.00s

     Running tests/handoff_manual_module.rs (target/debug/deps/handoff_manual_module-6006d46d58b0511b)

running 0 tests

test result: ok. 0 passed; 0 failed; 0 ignored; 0 measured; 0 filtered out; finished in 0.00s

     Running tests/high_priority_ops_tests.rs (target/debug/deps/high_priority_ops_tests-cee15d46b5bc17f2)

running 4 tests
test test_creation_factory_ops ... ok
test test_selection_and_indexing ... ok
test test_matrix_and_reductions ... ok
test test_elementwise_math_ops ... ok

test result: ok. 4 passed; 0 failed; 0 ignored; 0 measured; 0 filtered out; finished in 0.00s

     Running tests/hot_path_allocations.rs (target/debug/deps/hot_path_allocations-57f61d2f37454dae)

running 4 tests
test a_binary_elementwise_operation_stays_within_its_measured_allocation_count ... ok
test a_unary_operation_stays_within_its_measured_allocation_count ... ok
test broadcasting_an_operand_costs_exactly_what_not_broadcasting_it_costs ... ok
test a_higher_rank_operand_does_not_cost_more_metadata_than_a_rank_two_one ... ok

test result: ok. 4 passed; 0 failed; 0 ignored; 0 measured; 0 filtered out; finished in 0.00s

     Running tests/layers.rs (target/debug/deps/layers-ac9def1a1f28e941)

running 3 tests
test test_tensor_mixed_shapes ... ok
test test_linear_mixed_shapes ... ok
test test_conv2d_mixed_shapes ... ok

test result: ok. 3 passed; 0 failed; 0 ignored; 0 measured; 0 filtered out; finished in 0.00s

     Running tests/macro_tests.rs (target/debug/deps/macro_tests-5c6f5504a0165540)

running 3 tests
test test_idx_macro ... ok
test test_s_macro ... ok
test test_module_macro ... ok

test result: ok. 3 passed; 0 failed; 0 ignored; 0 measured; 0 filtered out; finished in 0.00s

     Running tests/medium_priority_ops_tests.rs (target/debug/deps/medium_priority_ops_tests-afb9546c94d3614e)

running 4 tests
test test_spatial_and_norm_ops ... ok
test test_comparisons_and_logical ... ok
test test_asymmetric_scalars_and_extremes ... ok
test test_fused_matmul_and_sdpa ... ok

test result: ok. 4 passed; 0 failed; 0 ignored; 0 measured; 0 filtered out; finished in 0.00s

     Running tests/named_layers_tests.rs (target/debug/deps/named_layers_tests-521a59d749d7aac5)

running 2 tests
test test_named_layers_derivation ... ok
test test_sequential_named_layers ... ok

test result: ok. 2 passed; 0 failed; 0 ignored; 0 measured; 0 filtered out; finished in 0.11s

     Running tests/nn_tests.rs (target/debug/deps/nn_tests-71a31390f1dd96c7)

running 10 tests
test test_param ... ok
test test_sequential_state_dict_keys_are_flat_like_pytorch ... ok
test test_linear ... ok
test test_sequential ... ok
test test_seq_ty_matches_seq_value_type ... ok
test test_train_mode_propagates_through_sequential_dropout ... ok
test test_layer_norm ... ok
test test_batch_norm2d ... ok
test test_embedding ... ok
test test_conv2d ... ok

test result: ok. 10 passed; 0 failed; 0 ignored; 0 measured; 0 filtered out; finished in 0.04s

     Running tests/optim_tests.rs (target/debug/deps/optim_tests-46fce900ca0646d7)

running 9 tests
test optimizer_parameter_groups_collect_through_typed_state_visitors ... ok
test adam_step_overflow_preserves_parameters_and_state ... ok
test test_sgd ... ok
test test_adam_optimizer_state_dict_checkpointing ... ok
test test_adam ... ok
test malformed_adam_state_load_is_typed_and_transactional ... ok
test test_adamw_optimizer_state_dict_checkpointing ... ok
test test_adamw ... ok
test adam_step_rolls_back_parameters_state_and_counter_on_backend_failure ... ok

test result: ok. 9 passed; 0 failed; 0 ignored; 0 measured; 0 filtered out; finished in 0.02s

     Running tests/plan_report.rs (target/debug/deps/plan_report-df1b14fc88302a9c)

running 0 tests

test result: ok. 0 passed; 0 failed; 0 ignored; 0 measured; 0 filtered out; finished in 0.00s

     Running tests/pointwise_semantics_contract.rs (target/debug/deps/pointwise_semantics_contract-e99fedb29ba91832)

running 0 tests

test result: ok. 0 passed; 0 failed; 0 ignored; 0 measured; 0 filtered out; finished in 0.00s

     Running tests/pp2_network.rs (target/debug/deps/pp2_network-7db6c6b32d255ce5)

running 0 tests

test result: ok. 0 passed; 0 failed; 0 ignored; 0 measured; 0 filtered out; finished in 0.00s

     Running tests/rendezvous.rs (target/debug/deps/rendezvous-d669e2ffc580dabb)

running 0 tests

test result: ok. 0 passed; 0 failed; 0 ignored; 0 measured; 0 filtered out; finished in 0.00s

     Running tests/serde_tests.rs (target/debug/deps/serde_tests-d4c2da1ca4d30ab2)

running 10 tests
test test_state_extraction_failure_propagates ... ok
test test_explicit_state_name_is_schema_stable ... ok
test test_owned_heterogeneous_snapshot_extraction ... ok
test test_state_dict_extraction ... ok
test test_sequential_state_dict_flat_keys_and_round_trip ... ok
test test_late_state_failure_does_not_commit_earlier_leaves ... ok
test test_strict_load_rejects_bad_snapshots_without_mutation ... ok
test test_postcard_snapshot_round_trip ... ok
test test_mixed_dtype_snapshot_round_trip ... ok
test test_mixed_dtype_checkpoint_round_trip ... ok

test result: ok. 10 passed; 0 failed; 0 ignored; 0 measured; 0 filtered out; finished in 0.01s

     Running tests/shape_literal_range.rs (target/debug/deps/shape_literal_range-8c9f68263dcd184d)

running 1 test
test shape_literal_range_uses_raw_static_extent_types ... ok

test result: ok. 1 passed; 0 failed; 0 ignored; 0 measured; 0 filtered out; finished in 0.00s

     Running tests/shape_macro.rs (target/debug/deps/shape_macro-0e2eb75580d3645e)

running 0 tests

test result: ok. 0 passed; 0 failed; 0 ignored; 0 measured; 0 filtered out; finished in 0.00s

     Running tests/shape_safety.rs (target/debug/deps/shape_safety-92ab77865981fcfd)

running 1 test
test chunk_and_split_reject_invalid_axes_without_panicking ... ok

test result: ok. 1 passed; 0 failed; 0 ignored; 0 measured; 0 filtered out; finished in 0.00s

     Running tests/target_api_facade.rs (target/debug/deps/target_api_facade-c4e392bfcf3837c7)

running 0 tests

test result: ok. 0 passed; 0 failed; 0 ignored; 0 measured; 0 filtered out; finished in 0.00s

     Running tests/tensor_display.rs (target/debug/deps/tensor_display-097f2f8d05b2aab8)

running 5 tests
test non_default_dtype_is_named_in_the_footer ... ok
test two_d_float_tensor_aligns_negative_columns ... ok
test one_d_float_tensor_prints_like_pytorch ... ok
test debug_still_carries_shape_and_placement_alongside_real_values ... ok
test no_grad_tensor_omits_the_requires_grad_footer ... ok

test result: ok. 5 passed; 0 failed; 0 ignored; 0 measured; 0 filtered out; finished in 0.00s

     Running tests/tensor_ops.rs (target/debug/deps/tensor_ops-91a70876e66def28)

running 25 tests
test test_reduction_mean ... ok
test test_broadcast_trailing_dims ... ok
test test_reduction_max_min ... ok
test test_binary_div ... ok
test test_binary_sub ... ok
test test_binary_mul ... ok
test test_binary_add ... ok
test test_broadcast_1d_to_2d ... ok
test test_broadcast_scalar ... ok
test test_manipulation_reshape_flatten ... ok
test test_indexing_narrow ... ok
test test_manipulation_transpose_squeeze ... ok
test test_indexing_concat ... ok
test test_loss_mse ... ok
test test_indexing_stack ... ok
test test_loss_cross_entropy ... ok
test test_unary_abs ... ok
test test_unary_gelu ... ok
test test_reduction_sum ... ok
test test_unary_relu ... ok
test to_scalar_bool_rejects_numeric_u8_tensor ... ok
test test_unary_swish ... ok
test to_vec1_bool_rejects_numeric_u8_tensor ... ok
test test_unary_softmax ... ok
test test_unary_misc ... ok

test result: ok. 25 passed; 0 failed; 0 ignored; 0 measured; 0 filtered out; finished in 0.01s

     Running tests/tp2_network.rs (target/debug/deps/tp2_network-bd0f9ffc54dfbee8)

running 0 tests

test result: ok. 0 passed; 0 failed; 0 ignored; 0 measured; 0 filtered out; finished in 0.00s

     Running tests/trainer.rs (target/debug/deps/trainer-e42eac3356b5afc6)

running 0 tests

test result: ok. 0 passed; 0 failed; 0 ignored; 0 measured; 0 filtered out; finished in 0.00s

     Running tests/transformer_block.rs (target/debug/deps/transformer_block-f8494e09b76c96c5)

running 2 tests
test static_attention_shapes_compile_and_run ... ok
test cpu_transformer_forward_backward_adamw_and_state_roundtrip ... ok

test result: ok. 2 passed; 0 failed; 0 ignored; 0 measured; 0 filtered out; finished in 0.01s

     Running tests/tune_cli.rs (target/debug/deps/tune_cli-dcabb10569fd982b)

running 4 tests
test tune_cli_supports_clear_flag ... ok
test tune_cli_renders_text_report ... ok
test tune_cli_supports_offline_flag ... ok
test tune_cli_renders_json_report ... ok

test result: ok. 4 passed; 0 failed; 0 ignored; 0 measured; 0 filtered out; finished in 0.00s

     Running unittests src/lib.rs (target/debug/deps/incin_backends-2e519dc225538ee0)

running 349 tests
test backend_kind::tests::selects_wgpu_backend ... ok
test backend_kind::tests::selects_cpu_backend ... ok
test bytes::tests::an_empty_allocation_is_zero_bytes ... ok
test bytes::tests::scalar_dtypes_size_by_element_width ... ok
test bytes::tests::quantized_dtypes_size_by_block_not_element_width ... ok
test bytes::tests::a_partial_quantized_block_is_rejected ... ok
test bytes::tests::an_overflowing_byte_length_is_reported_not_truncated ... ok
test capability::catalog_tests::exact_capability_rows_and_executor_admission_share_one_declaration ... ok
test backend_kind::tests::runtime_from_bytes_rejects_wrong_length ... ok
test capability_docs::tests::a_rank_bound_reads_as_a_bound_only_when_it_is_one ... ok
test cpu::canonical::tests::a_compression_into_an_unsupported_representation_is_refused ... ok
test capability::catalog_tests::coverage_has_one_explicit_decision_per_catalog_operation ... ok
test cpu::canonical::tests::an_allocation_given_an_operand_is_refused ... ok
test backend_kind::tests::runtime_dispatch_selects_cpu_and_preserves_metadata ... ok
test backend_kind::tests::checked_storage_wrapping_rejects_metadata_mismatches ... ok
test cpu::canonical::tests::a_conversion_to_a_quantized_dtype_is_refused_by_name ... ok
test cpu::canonical::tests::a_non_f32_convolution_operand_is_refused ... ok
test cpu::canonical::tests::an_epsilon_that_flushes_to_zero_in_f32_is_refused ... ok
test cpu::canonical::tests::a_loss_with_no_reduction_keeps_the_elementwise_shape ... ok
test cpu::canonical::tests::canonical_and_legacy_gradients_are_identical ... ok
test cpu::canonical::tests::an_uneven_axis_leaves_a_shorter_final_piece ... ok
test cpu::canonical::tests::an_allocation_is_refused_by_a_row_it_does_not_match ... ok
test cpu::canonical::tests::canonical_conv1d_executes_at_the_ranks_its_row_advertises ... ok
test cpu::canonical::tests::canonical_axis_reduction_gradients_match_finite_differences ... ok
test backend_kind::tests::device_transfer_detaches_tracked_tensor_type ... ok
test backend_kind::tests::static_cpu_transfer_rebuilds_dynamic_dispatch_storage ... ok
test backend_kind::tests::runtime_dispatch_reduces_and_transfers_through_host_bytes ... ok
test cpu::canonical::tests::chunking_beyond_the_axis_extent_produces_fewer_pieces_not_empty_ones ... ok
test backend_kind::tests::derived_module_transfer_changes_its_backend_output_type ... ok
test cpu::canonical::tests::dropout_outside_training_returns_the_operand_unchanged ... ok
test cpu::canonical::tests::each_canonical_loss_computes_its_own_formula ... ok
test cpu::canonical::tests::quantization_round_trips_within_the_block_format_error ... ok
test capability_docs::tests::repeated_registrations_are_unioned_rather_than_replaced ... ok
test capability_docs::tests::a_backend_missing_an_operation_gets_an_explicit_dash ... ok
test backend_kind::tests::dynamic_layer_builders_consume_dtype_device_and_optional_flags ... ok
test cpu::canonical::tests::canonical_view_gradients_match_finite_differences ... ok
test cpu::canonical::tests::canonical_pointwise_gradients_match_finite_differences ... ok
test cpu::canonical::tests::a_linear_layer_transposes_its_weight_and_adds_its_bias ... ok
test cpu::canonical::tests::a_convolution_with_a_bias_is_not_refused_by_its_own_rank_bound ... ok
test cpu::canonical::tests::rms_norm_scales_by_the_root_mean_square_without_centring ... ok
test cpu::canonical::tests::the_ranged_fills_read_their_parameters_in_the_right_order ... ok
test cpu::canonical::tests::the_dot_and_outer_products_contract_and_expand ... ok
test cpu::canonical::tests::a_training_batch_norm_normalizes_by_the_batch_statistics ... ok
test cpu::canonical::tests::an_inference_batch_norm_with_running_statistics_executes ... ok
test cpu::canonical::tests::canonical_layer_norm_executes_and_normalizes_each_row ... ok
test cpu::canonical::tests::the_variance_estimators_differ_by_their_correction ... ok
test cpu::canonical::tests::the_norm_orders_agree_where_the_fast_paths_meet_the_general_one ... ok
test cpu::canonical::tests::the_axis_variance_forms_reduce_the_axis_they_name ... ok
test cpu::creation::tests::integer_fill_rejects_implicit_truncation_and_saturation ... ok
test cpu::creation::tests::dyn_dtype_uses_runtime_buffer_variant ... ok
test cpu::canonical::tests::training_and_inference_batch_norm_disagree ... ok
test cpu::creation::tests::ones_produces_correct_shape_and_all_one_values ... ok
test cpu::creation::tests::integer_ranges_reject_fractional_values ... ok
test cpu::creation::tests::transfer_to_cpu_returns_equivalent_storage ... ok
test cpu::creation::tests::var_ones_wraps_equivalent_ones_result ... ok
test cpu::creation::tests::rand_produces_values_in_zero_one_range ... ok
test cpu::creation::tests::var_rand_wraps_equivalent_rand_result ... ok
test cpu::creation::tests::var_zeros_wraps_equivalent_zeros_result ... ok
test cpu::creation::tests::zeros_produces_correct_shape_and_all_zero_values ... ok
test cpu::canonical::tests::canonical_matmul_gradients_match_finite_differences ... ok
test cpu::creation::tests::var_randn_wraps_equivalent_randn_result ... ok
test cpu::gradcheck::tests::numerical_grad_matches_closed_form_derivative_of_cube ... ok
test cpu::ops::conv::tests::conv1d_backward_overlapping_windows_accumulates_grad_input ... ok
test cpu::ops::conv::tests::conv1d_forward_hand_computed_no_padding ... ok
test cpu::gradcheck::tests::gradcheck_matches_analytic_gradient_of_sum_of_squares ... ok
test cpu::ops::conv::tests::conv1d_forward_with_bias_adds_per_channel_constant ... ok
test cpu::ops::conv::tests::conv1d_forward_with_padding_zero_fills_boundary ... ok
test cpu::ops::conv::tests::conv2d_forward_hand_computed_no_padding ... ok
test cpu::ops::conv::tests::conv1d_forward_groups_matches_two_independent_convs ... ok
test cpu::ops::conv::tests::conv2d_forward_depthwise_groups_equal_cin ... ok
test cpu::ops::conv::tests::conv_transpose2d_forward_hand_computed_basic ... ok
test cpu::ops::conv::tests::conv2d_forward_groups_matches_two_independent_convs ... ok
test cpu::creation::tests::randn_produces_statistically_plausible_standard_normal_samples ... ok
test cpu::ops::conv::tests::conv_transpose2d_forward_output_padding_appends_trailing_zeros_only ... ok
test cpu::ops::conv::tests::conv_transpose2d_forward_stride_upsamples ... ok
test cpu::ops::conv::tests::conv_transpose2d_rejects_groups_other_than_one ... ok
test cpu::ops::conv::tests::conv1d_gradcheck_input_and_weight ... ok
test cpu::ops::elementwise::tests::add_preserves_f64_dtype_and_precision ... ok
test cpu::ops::elementwise::tests::add_broadcasts_forward_correctly ... ok
test cpu::ops::elementwise::tests::add_backward_unbroadcasts_correctly_for_bias_vector_case ... ok
test cpu::ops::elementwise::tests::add_scalar_float_forward_and_backward ... ok
test cpu::ops::elementwise::tests::abs_forward_and_gradcheck ... ok
test cpu::ops::conv::tests::conv_transpose2d_gradcheck_input_and_weight ... ok
test cpu::ops::elementwise::tests::gelu_forward_zero_and_one ... ok
test cpu::ops::elementwise::tests::exp_forward_and_gradcheck ... ok
test cpu::ops::elementwise::tests::gelu_gradcheck ... ok
test cpu::ops::elementwise::tests::log_softmax_exp_sums_to_one_on_vector ... ok
test cpu::ops::elementwise::tests::log_softmax_is_finite_and_correct_on_large_magnitude_equal_logits ... ok
test cpu::ops::elementwise::tests::log_forward_gradcheck_and_domain_propagation ... ok
test cpu::ops::elementwise::tests::mul_backward_uses_other_operands_real_values ... ok
test cpu::ops::elementwise::tests::mul_forward_computes_elementwise_product_with_broadcast ... ok
test cpu::ops::elementwise::tests::mul_backward_with_broadcast_bias_vector_case ... ok
test cpu::ops::elementwise::tests::mul_scalar_float_forward_and_backward ... ok
test cpu::ops::elementwise::tests::log_softmax_gradcheck ... ok
test cpu::ops::elementwise::tests::numeric_ops_preserve_half_storage_and_compute_in_f32 ... ok
test cpu::ops::elementwise::tests::neg_forward_and_gradcheck ... ok
test cpu::ops::elementwise::tests::numeric_ops_preserve_non_contiguous_view_semantics ... ok
test cpu::ops::elementwise::tests::relu_forward_and_backward_zero_at_boundary ... ok
test cpu::ops::elementwise::tests::relu_preserves_f64_dtype ... ok
test cpu::ops::elementwise::tests::relu_gradcheck_on_nonzero_input ... ok
test cpu::ops::elementwise::tests::softmax_after_refactor_still_passes_all_prior_behavior ... ok
test cpu::ops::elementwise::tests::sigmoid_forward_and_gradcheck ... ok
test cpu::ops::elementwise::tests::softmax_backward_finite_on_large_magnitude_equal_logits ... ok
test cpu::ops::elementwise::tests::softmax_forward_sums_to_one_on_vector ... ok
test cpu::ops::elementwise::tests::softmax_forward_stable_on_large_magnitude_equal_logits ... ok
test cpu::ops::elementwise::tests::softmax_forward_uniform_on_all_zero_logits ... ok
test cpu::ops::elementwise::tests::softmax_forward_sums_to_one_per_row_on_matrix ... ok
test cpu::ops::conv::tests::conv2d_gradcheck_input_and_weight ... ok
test cpu::ops::elementwise::tests::sub_backward_negates_rhs_contribution ... ok
test cpu::ops::elementwise::tests::sub_forward_computes_elementwise_difference_with_broadcast ... ok
test cpu::ops::elementwise::tests::sqrt_forward_gradcheck_and_nan_propagation ... ok
test cpu::ops::elementwise_kernel::tests::benchmark_cpu_binary_kernels ... ignored, microbenchmark: run explicitly with --release --ignored --nocapture
test cpu::ops::elementwise::tests::tanh_gradcheck ... ok
test cpu::ops::elementwise_kernel::tests::f32_contiguous_add_stays_typed ... ok
test cpu::ops::elementwise::tests::softmax_gradcheck ... ok
test cpu::ops::elementwise_kernel::tests::f64_contiguous_math_keeps_f64_precision ... ok
test cpu::ops::elementwise_kernel::tests::half_storage_uses_f32_compute ... ok
test cpu::ops::elementwise_kernel::tests::general_broadcast_uses_typed_strided_kernel ... ok
test cpu::ops::elementwise_kernel::tests::scalar_broadcast_preserves_operand_order ... ok
test cpu::ops::elementwise_kernel::tests::dense_broadcast_vector_projection_preserves_order_and_odd_tails ... ok
test cpu::ops::elementwise_kernel::tests::scalar_vector_kernels_preserve_order_and_handle_tails ... ok
test cpu::ops::elementwise_kernel::tests::unary_family_uses_native_float_compute ... ok
test cpu::ops::elementwise_kernel::tests::vector_kernels_handle_odd_scalar_tails_for_every_operation ... ok
test cpu::ops::embedding::tests::backward_unaddressed_rows_get_exactly_zero_gradient ... ok
test cpu::ops::embedding::tests::forward_1d_indices_gathers_correct_rows_with_repeats ... ok
test cpu::ops::embedding::tests::negative_index_returns_conversion_error_not_panic ... ok
test cpu::ops::embedding::tests::backward_repeated_index_accumulates_not_overwrites ... ok
test cpu::ops::embedding::tests::forward_2d_indices_gathers_correct_rows ... ok
test cpu::ops::embedding::tests::out_of_range_index_returns_typed_shape_error ... ok
test cpu::ops::loss::tests::bce_with_logits_finite_on_large_negative_logit ... ok
test cpu::ops::loss::tests::bce_with_logits_backward_finite_on_extreme_logits ... ok
test cpu::ops::loss::tests::bce_with_logits_finite_on_large_positive_logit ... ok
test cpu::ops::loss::tests::bce_with_logits_mean_at_zero_logit_equals_log2 ... ok
test cpu::ops::loss::tests::bce_with_logits_sum_and_none_dispatch_correctly ... ok
test cpu::ops::loss::tests::cross_entropy_loss_finite_on_extreme_logits ... ok
test cpu::ops::loss::tests::cross_entropy_loss_mean_matches_hand_computed_nll ... ok
test cpu::ops::loss::tests::bce_with_logits_gradcheck ... ok
test cpu::ops::loss::tests::cross_entropy_loss_none_produces_per_sample_nll_vector ... ok
test cpu::ops::loss::tests::cross_entropy_loss_sum_equals_batch_times_mean ... ok
test cpu::ops::loss::tests::cross_entropy_loss_uniform_logits_equal_log_num_classes ... ok
test cpu::ops::loss::tests::l1_loss_mean_produces_correct_scalar ... ok
test cpu::ops::loss::tests::l1_loss_none_produces_elementwise_absolute_diff ... ok
test cpu::ops::loss::tests::l1_loss_gradcheck ... ok
test cpu::ops::loss::tests::l1_loss_sum_produces_correct_scalar ... ok
test cpu::ops::loss::tests::mse_loss_mean_produces_correct_scalar ... ok
test cpu::ops::loss::tests::mse_loss_mean_backward_matches_analytic_formula_2_times_pred_minus_target_over_n ... ok
test cpu::ops::loss::tests::mse_loss_none_produces_elementwise_squared_diff ... ok
test cpu::ops::loss::tests::mse_loss_sum_produces_correct_scalar ... ok
test cpu::ops::loss::tests::cross_entropy_rejects_fractional_and_out_of_range_targets ... ok
test cpu::ops::loss::tests::cross_entropy_loss_gradcheck ... ok
test cpu::ops::matmul::tests::a_batched_non_f32_matmul_keeps_its_dtype ... ok
test cpu::ops::matmul::tests::a_contiguous_f64_matmul_computes_values_and_keeps_its_dtype ... ok
test cpu::gradcheck::tests::gradcheck_panics_on_non_scalar_output - should panic ... ok
test cpu::ops::matmul::tests::a_broadcast_non_contiguous_operand_matches_its_per_slice_reference ... ok
test cpu::ops::matmul::tests::batch_axes_broadcast_on_both_sides_index_the_right_slices ... ok
test cpu::ops::matmul::tests::batched_matmul_batch_broadcast_left_reuses_single_slice ... ok
test cpu::ops::matmul::tests::batched_matmul_equal_batch_matches_per_slice_reference ... ok
test cpu::ops::matmul::tests::batched_matmul_batch_broadcast_right_reuses_single_slice ... ok
test cpu::ops::matmul::tests::a_batched_matmul_records_one_tape_entry_per_call_not_one_per_slice ... ok
test cpu::ops::matmul::tests::batched_matmul_rank4_matches_reference_at_one_batch_index ... ok
test cpu::ops::matmul::tests::every_layout_agrees_with_the_kernel_that_is_always_correct ... ok
test cpu::ops::matmul::tests::batched_matmul_rank3_broadcasts_against_rank4_leading_dim_insertion ... ok
test cpu::ops::matmul::tests::batched_matmul_size_one_batch_is_broadcast_not_unwrapped ... ok
test cpu::ops::matmul::tests::batched_matmul_size_zero_batch_produces_empty_output_without_panic ... ok
test cpu::ops::matmul::tests::matmul_forward_hand_computed_2x3_times_3x4 ... ok
test cpu::ops::elementwise::tests::swish_forward_and_gradcheck ... ok
test cpu::ops::matmul::tests::matmul_forward_transposed_lhs_view_is_correct_without_materializing ... ok
test cpu::ops::matmul::tests::matmul_shape_incompatible_returns_err_not_panic ... ok
test cpu::ops::norm::tests::batch_norm_all_args_provided_matches_hand_computed_formula ... ok
test cpu::ops::norm::tests::batch_norm_momentum_has_no_effect_on_output ... ok
test cpu::ops::norm::tests::batch_norm_rank2_uses_channel_dim_1 ... ok
test cpu::ops::norm::tests::batch_norm_none_args_match_explicit_default_fallback ... ok
test cpu::ops::matmul::tests::batched_matmul_gradcheck_unbatched_degenerate ... ok
test cpu::ops::norm::tests::layer_norm_custom_weight_and_bias_applies_affine ... ok
test cpu::ops::norm::tests::layer_norm_identity_weight_zero_bias_normalizes_each_row ... ok
test cpu::ops::pool::tests::adaptive_avg_pool2d_evenly_dividing_matches_avg_pool2d ... ok
test cpu::ops::pool::tests::adaptive_avg_pool2d_non_evenly_dividing_produces_variable_windows ... ok
test cpu::ops::norm::tests::layer_norm_none_bias_matches_explicit_zero_bias ... ok
test cpu::ops::pool::tests::adaptive_avg_pool2d_gradcheck_non_evenly_dividing ... ok
test cpu::ops::pool::tests::avg_pool2d_backward_overlapping_windows_sums_grad_contributions ... ok
test cpu::ops::matmul::tests::batched_matmul_gradcheck_batch_broadcast_right ... ok
test cpu::ops::pool::tests::avg_pool2d_gradcheck_overlapping ... ok
test cpu::ops::matmul::tests::batched_matmul_unbatched_degenerate_matches_matmul_impl ... ok
test cpu::canonical::tests::dropout_zeroes_some_elements_and_scales_the_rest_by_the_keep_reciprocal ... ok
test cpu::ops::elementwise_kernel::tests::parallel_dense_broadcast_projection_crosses_chunk_boundaries ... ok
test cpu::ops::matmul::tests::matmul_backward_matches_hand_computed_gradients ... ok
test cpu::ops::pool::tests::max_pool2d_forward_no_overlap_hand_computed ... ok
test cpu::ops::pool::tests::max_pool2d_backward_non_overlapping_routes_grad_to_winner_only ... ok
test cpu::ops::norm::tests::layer_norm_rank3_normalizes_per_batch_seq_position ... ok
test cpu::ops::pool::tests::max_pool2d_forward_with_padding_zero_boundary ... ok
test cpu::ops::pool::tests::max_pool2d_backward_overlapping_windows_shared_winner_accumulates ... ok
test cpu::ops::pool::tests::avg_pool2d_forward_no_overlap_hand_computed ... ok
test cpu::ops::matmul::tests::batched_matmul_gradcheck_equal_batch ... ok
test cpu::ops::quant::tests::test_quantize_dequantize_fidelity ... ok
test cpu::ops::quant::tests::test_quantized_matmul ... ok
test cpu::ops::matmul::tests::batched_matmul_gradcheck_batch_broadcast_left ... ok
test cpu::ops::quant::tests::unsupported_quantized_elementwise_arithmetic_is_typed ... ok
test cpu::ops::pool::tests::max_pool2d_gradcheck_overlapping ... ok
test cpu::ops::norm::tests::layer_norm_gradcheck ... ok
test cpu::ops::reduce::tests::max_dim_column_maxima_on_2x3 ... ok
test cpu::ops::reduce::tests::argmax_argmin_do_not_push_tape_entries ... ok
test cpu::ops::reduce::tests::argmax_dim_none_returns_scalar_flat_index_of_global_max ... ok
test cpu::ops::reduce::tests::max_keepdim_column_maxima_on_2x3 ... ok
test cpu::ops::reduce::tests::argmax_dim0_returns_row_index_of_column_max ... ok
test cpu::ops::reduce::tests::max_all_and_min_all_on_flat_vector ... ok
test cpu::ops::reduce::tests::mean_all_backward_distributes_grad_scaled_by_1_over_n ... ok
test cpu::ops::reduce::tests::mean_dim_column_means_on_2x3 ... ok
test cpu::ops::reduce::tests::mean_keepdim_column_means_on_2x3 ... ok
test cpu::ops::reduce::tests::argmin_dim0_and_dim_none_mirror_argmax ... ok
test cpu::ops::reduce::tests::max_dim_gradcheck_all_distinct_values ... ok
test cpu::ops::reduce::tests::mean_all_on_2x3_returns_correct_scalar ... ok
test cpu::ops::reduce::tests::max_dim_backward_routes_gradient_to_exactly_one_winner_on_tie ... ok
test cpu::ops::reduce::tests::mean_dim_gradcheck_dim0 ... ok
test cpu::ops::reduce::tests::mean_keepdim_gradcheck_dim1 ... ok
test cpu::ops::reduce::tests::min_dim_column_minima_on_2x3 ... ok
test cpu::ops::reduce::tests::min_keepdim_column_minima_on_2x3 ... ok
test cpu::ops::reduce::tests::prod_all_keeps_the_operand_dtype ... ok
test cpu::ops::reduce::tests::prod_all_on_2x3_returns_correct_scalar ... ok
test cpu::ops::reduce::tests::prod_dim_multiplies_along_the_named_axis_only ... ok
test cpu::ops::reduce::tests::sum_all_backward_distributes_grad_uniformly ... ok
test cpu::ops::reduce::tests::sum_all_on_2x3_returns_correct_scalar ... ok
test cpu::ops::reduce::tests::sum_all_backward_scales_by_incoming_gradient ... ok
test cpu::ops::reduce::tests::sum_dim_removes_axis_1_on_2x3 ... ok
test cpu::ops::reduce::tests::sum_dim_removes_axis_0_on_2x3 ... ok
test cpu::ops::reduce::tests::sum_dim_backward_broadcasts_grad_back_to_original_shape ... ok
test cpu::ops::reduce::tests::sum_keepdim_retains_axis_0_on_2x3 ... ok
test cpu::ops::norm::tests::batch_norm_gradcheck ... ok
test cpu::ops::reduce::tests::sum_keepdim_backward_broadcasts_grad_to_original_shape ... ok
test cpu::ops::shape_ops::tests::attention_keeps_the_operand_dtype ... ok
test cpu::ops::shape_ops::tests::broadcast_as_through_trait_matches_direct_storage_call ... ok
test cpu::ops::shape_ops::tests::broadcast_left_backward_unbroadcasts_to_original_shape ... ok
test cpu::ops::shape_ops::tests::broadcast_as_backward_unbroadcasts_to_original_shape ... ok
test cpu::ops::shape_ops::tests::broadcast_left_through_trait_matches_direct_broadcast_as_call ... ok
test cpu::ops::shape_ops::tests::broadcast_left_prepends_multiple_new_leading_dims ... ok
test cpu::ops::shape_ops::tests::broadcast_left_prepends_single_new_leading_dim ... ok
test cpu::ops::shape_ops::tests::concat_backward_narrows_grad_to_each_inputs_own_shape_and_values ... ok
test cpu::ops::shape_ops::tests::concat_dim0_stacks_rows_in_input_order ... ok
test cpu::ops::shape_ops::tests::concat_dim1_interleaves_columns_by_row ... ok
test cpu::ops::shape_ops::tests::concat_dim_out_of_bounds_returns_err ... ok
test cpu::ops::shape_ops::tests::concat_empty_input_list_returns_err_not_panic ... ok
test cpu::ops::shape_ops::tests::concat_on_transposed_input_produces_correct_values_without_materializing ... ok
test cpu::ops::shape_ops::tests::concat_rejects_non_concat_axis_size_mismatch_even_when_broadcast_compatible ... ok
test cpu::ops::shape_ops::tests::flatten_all_dims_produces_1d_shape ... ok
test cpu::ops::shape_ops::tests::flatten_backward_reshapes_grad_to_original_shape ... ok
test cpu::ops::shape_ops::tests::flatten_merges_middle_dims ... ok
test cpu::ops::shape_ops::tests::float_to_scalar_reads_single_element ... ok
test cpu::ops::shape_ops::tests::float_to_vec1_reads_all_elements_row_major ... ok
test cpu::ops::shape_ops::tests::group_norm_statistics_are_per_sample_not_across_the_batch ... ok
test cpu::ops::shape_ops::tests::instance_norm_normalizes_each_channel_of_each_sample_alone ... ok
test cpu::ops::shape_ops::tests::matmul_dispatch_rank2_matches_matmul_impl_directly ... ok
test cpu::ops::shape_ops::tests::matmul_dispatch_rank3_matches_batched_matmul_impl_directly ... ok
test cpu::ops::shape_ops::tests::matmul_via_trensor_ops_delegates_to_matmul_impl ... ok
test cpu::ops::shape_ops::tests::narrow_backward_zero_pads_grad_to_original_shape ... ok
test cpu::ops::shape_ops::tests::narrow_on_transposed_input_produces_correct_values_without_materializing ... ok
test cpu::ops::shape_ops::tests::narrow_out_of_bounds_returns_err_not_panic ... ok
test cpu::ops::shape_ops::tests::narrow_through_trait_matches_direct_storage_call ... ok
test cpu::ops::shape_ops::tests::reshape_backward_reshapes_grad_back_to_original_shape ... ok
test cpu::ops::shape_ops::tests::reshape_through_trait_matches_direct_storage_call ... ok
test cpu::ops::shape_ops::tests::slice_backward_zero_pads_grad_to_original_shape ... ok
test cpu::ops::shape_ops::tests::slice_matches_manual_sequential_narrow_calls ... ok
test cpu::ops::shape_ops::tests::slice_on_transposed_input_across_multiple_dims_produces_correct_values ... ok
test cpu::ops::shape_ops::tests::slice_out_of_bounds_range_returns_err_not_panic ... ok
test cpu::ops::shape_ops::tests::squeeze_backward_reshapes_grad_to_original_shape ... ok
test cpu::ops::shape_ops::tests::squeeze_on_non_one_sized_axis_returns_shape_mismatch ... ok
test cpu::ops::shape_ops::tests::squeeze_removes_size_one_axis_and_preserves_values ... ok
test cpu::ops::shape_ops::tests::stack_backward_narrows_and_squeezes_grad_to_original_shape ... ok
test cpu::ops::shape_ops::tests::stack_dim0_inserts_new_leading_axis ... ok
test cpu::ops::shape_ops::tests::stack_dim_equal_to_rank_appends_new_trailing_axis ... ok
test cpu::ops::shape_ops::tests::stack_empty_input_list_returns_err_not_panic ... ok
test cpu::ops::shape_ops::tests::stack_rejects_mismatched_shapes ... ok
test cpu::ops::shape_ops::tests::transpose_backward_reapplies_same_transpose ... ok
test cpu::ops::shape_ops::tests::transpose_through_trait_matches_direct_storage_call ... ok
test cpu::ops::shape_ops::tests::unsupported_methods_return_typed_error_not_silent_placeholder ... ok
test cpu::storage::tests::broadcast_as_expands_and_shares_buffer ... ok
test cpu::storage::tests::checked_integer_readback_preserves_integer_values ... ok
test cpu::storage::tests::checked_integer_readback_rejects_lossy_float_values ... ok
test cpu::storage::tests::from_contiguous_has_expected_shape_and_strides ... ok
test cpu::storage::tests::narrow_boundary_values_succeed ... ok
test cpu::storage::tests::narrow_contiguous_shares_buffer_and_slices_correct_values ... ok
test cpu::storage::tests::narrow_dim_out_of_range_errors ... ok
test cpu::storage::tests::narrow_on_transposed_view_reads_correct_values_without_materializing ... ok
test cpu::storage::tests::narrow_out_of_bounds_length_errors ... ok
test cpu::storage::tests::reshape_contiguous_shares_buffer_and_gets_new_id ... ok
test cpu::storage::tests::reshape_non_contiguous_materializes_then_reshapes ... ok
test cpu::storage::tests::scatter_into_zeros_1d_case ... ok
test cpu::storage::tests::scatter_into_zeros_full_overlap_matches_values_exactly ... ok
test cpu::storage::tests::scatter_into_zeros_partial_overlap_writes_only_target_region ... ok
test cpu::storage::tests::scatter_into_zeros_returns_fresh_buffer_not_sharing_values_rc ... ok
test cpu::storage::tests::transpose_shares_buffer_and_swaps_shape_strides ... ok
test cpu::storage::tests::transposed_view_reads_correct_values_without_contiguous_call ... ok
test cpu::stride::tests::is_contiguous_false_for_transposed_strides ... ok
test cpu::stride::tests::is_contiguous_true_for_fresh_strides ... ok
test cpu::stride::tests::numel_for_a_dynamic_shape_matches_checked_numel ... ok
test cpu::stride::tests::numel_for_a_static_shape_reads_the_type_level_constant ... ok
test cpu::tape::tests::a_non_finite_gradient_is_returned_rather_than_panicked ... ok
test cpu::tape::tests::backward_accumulates_not_overwrites_on_tensor_reuse ... ok
test cpu::tape::tests::backward_drains_tape_and_second_call_is_not_contaminated ... ok
test cpu::tape::tests::backward_seeds_loss_gradient_with_ones ... ok
test cpu::tape::tests::tape_len_is_zero_immediately_after_any_backward_call ... ok
test cpu::tape::tests::unbroadcast_bias_vector_b_n_to_n ... ok
test cpu::tape::tests::unbroadcast_same_shape_is_noop ... ok
test cpu::tape::tests::unbroadcast_scalar_target_sums_all_axes ... ok
test cpu::typed_kernel::tests::test_typed_kernel_f16_bf16 ... ok
test cpu::typed_kernel::tests::test_typed_kernel_unary_f32 ... ok
test cpu::typed_kernel::tests::test_typed_kernel_binary_f64 ... ok
test cpu::var::tests::var_as_tensor_returns_clone_of_current_value ... ok
test cpu::var::tests::assign_var_replaces_value_and_subsequent_read_reflects_it ... ok
test cpu::var::tests::two_sequential_assign_var_calls_each_succeed_and_final_read_reflects_second ... ok
test cpu::var::tests::var_as_tensor_does_not_hold_live_borrow_across_assign_var ... ok
test detect::tests::a_family_that_is_not_compiled_in_is_never_detected ... ok
test detect::tests::preference_order_is_honored ... ok
test cpu::storage::tests::tensor_id_never_repeats_across_many_calls ... ok
test iteration::tests::broadcast_axes_become_zero_stride ... ok
test iteration::tests::coalesces_only_axes_contiguous_for_every_operand ... ok
test iteration::tests::contiguous_operands_keep_their_strides ... ok
test iteration::tests::empty_iteration_has_no_physical_index ... ok
test iteration::tests::incompatible_shapes_are_rejected ... ok
test iteration::tests::non_contiguous_strides_and_offsets_are_preserved ... ok
test iteration::tests::unary_plan_preserves_view_metadata_and_checks_bounds ... ok
test iteration::tests::unit_axes_are_removed_regardless_of_stride ... ok
test kernel::tests::cuda_bfloat16_uses_f32_compute_and_bfloat16_storage ... ok
test detect::tests::an_empty_preference_still_yields_the_cpu ... ok
test kernel::tests::layout_specializations_share_expressions_but_have_distinct_abis_and_keys ... ok
test kernel::tests::cuda_float_specializations_share_a_template_but_not_cache_keys ... ok
test kernel::tests::canonical_keys_separate_binary_specializations_from_tuning_problems ... ok
test kernel::tests::packed_templates_use_vector_storage_and_mask_scalar_tails ... ok
test layout::tests::broadcast_shape_both_expand ... ok
test layout::tests::broadcast_shape_incompatible_errors ... ok
test layout::tests::broadcast_shape_preserves_zero_extent ... ok
test kernel::tests::renderer_rejects_non_float_dtypes_and_invalid_identifiers ... ok
test layout::tests::broadcast_shape_right_aligned_leading_dim_insert ... ok
test layout::tests::broadcast_shape_scalar_broadcast ... ok
test kernel::tests::normalization_templates_use_welford_and_dtype_specific_compute ... ok
test kernel::tests::reduction_templates_share_structure_and_apply_accumulator_policy ... ok
test layout::tests::contiguous_strides_row_major ... ok
test layout::tests::contiguous_strides_scalar ... ok
test layout::tests::increment_index_carries_across_axes ... ok
test layout::tests::increment_index_wraps_at_the_end ... ok
test quant::tests::block_matches_the_dtype_tables_block_size ... ok
test tuning::tests::tuning_uses_synchronized_medians_and_shape_buckets ... ok
test tuning::tests::candidate_generation_separates_access_and_launch_width ... ok
test cpu::ops::matmul::tests::batched_matmul_gradcheck_rank4 ... ok
test tuning::tests::tuning_claim_is_single_flight_and_commits_a_measured_winner ... ok
test tuning::tests::measured_results_round_trip_through_device_scoped_cache ... ok
test cpu::ops::matmul::tests::a_large_product_agrees_with_the_kernel_that_is_always_correct ... ok
test cpu::ops::elementwise_kernel::tests::parallel_vector_chunks_preserve_operations_and_tails ... ok
test detect::tests::detection_always_yields_a_runnable_device ... ok
test detect::tests::probing_repeatedly_from_several_threads_is_survivable ... ok
test detect::tests::detection_agrees_with_itself ... ok

test result: ok. 348 passed; 0 failed; 1 ignored; 0 measured; 0 filtered out; finished in 0.24s

     Running tests/architecture_regression.rs (target/debug/deps/architecture_regression-63b9523ceee2fd77)

running 0 tests

test result: ok. 0 passed; 0 failed; 0 ignored; 0 measured; 0 filtered out; finished in 0.00s

     Running tests/candle_executor.rs (target/debug/deps/candle_executor-3a222fc324836b2a)

running 0 tests

test result: ok. 0 passed; 0 failed; 0 ignored; 0 measured; 0 filtered out; finished in 0.00s

     Running tests/canonical_dispatch_smoke.rs (target/debug/deps/canonical_dispatch_smoke-0894c5473bfb6873)

running 2 tests
test descriptor_validation_rejects_a_wrong_dtype_before_execution ... ok
test add_uses_the_descriptor_executor_and_preserves_shape ... ok

test result: ok. 2 passed; 0 failed; 0 ignored; 0 measured; 0 filtered out; finished in 0.00s

     Running tests/codegen_pointwise.rs (target/debug/deps/codegen_pointwise-514cefc3b950e3f6)

running 5 tests
test test_all_dtypes_type_mapping ... ok
test test_binary_add_f16_codegen ... ok
test test_scalar_broadcast_layout ... ok
test test_complex_fma_gelu_expression ... ok
test test_unary_relu_codegen ... ok

test result: ok. 5 passed; 0 failed; 0 ignored; 0 measured; 0 filtered out; finished in 0.00s

     Running tests/collective_tuning.rs (target/debug/deps/collective_tuning-2629bf94645f67da)

running 0 tests

test result: ok. 0 passed; 0 failed; 0 ignored; 0 measured; 0 filtered out; finished in 0.00s

     Running tests/compiled_cpu.rs (target/debug/deps/compiled_cpu-3c35c43de4568392)

running 0 tests

test result: ok. 0 passed; 0 failed; 0 ignored; 0 measured; 0 filtered out; finished in 0.00s

     Running tests/conformance.rs (target/debug/deps/conformance-abdd617de9322a1c)

running 6 tests
test tolerance_accepts_either_bound_and_rejects_a_non_finite_surprise ... ok
test a_backend_that_claims_nothing_skips_rather_than_fails ... ok
test the_template_backend_conforms ... ok
test a_backend_that_computes_the_wrong_product_fails_only_the_tolerance_check ... ok
test a_registry_that_claims_everything_fails_the_agreement_check ... ok
test a_panicking_executor_is_a_reported_failure_not_a_dead_harness ... ok

test result: ok. 6 passed; 0 failed; 0 ignored; 0 measured; 0 filtered out; finished in 0.00s

     Running tests/cpu_migration_status.rs (target/debug/deps/cpu_migration_status-64010f888349ec94)

running 5 tests
test every_migrated_identity_is_a_catalog_operation ... ok
test every_unmigrated_executable_operation_records_what_blocks_it ... ok
test no_migrated_operation_still_claims_to_be_blocked ... ok
test the_migration_status_document_matches_the_registrations ... ok
test no_migrated_operation_sits_at_a_non_executable_site ... ok

test result: ok. 5 passed; 0 failed; 0 ignored; 0 measured; 0 filtered out; finished in 0.01s

     Running tests/data_parallel_reference.rs (target/debug/deps/data_parallel_reference-df40a65982f57a8d)

running 0 tests

test result: ok. 0 passed; 0 failed; 0 ignored; 0 measured; 0 filtered out; finished in 0.00s

     Running tests/generated_docs.rs (target/debug/deps/generated_docs-80205921401977ca)

running 4 tests
test the_document_does_not_advertise_an_unregistered_operation ... ok
test the_capability_document_matches_the_registrations ... ok
test the_document_covers_every_registered_operation ... ok
test no_public_example_is_excluded_from_compilation ... ok

test result: ok. 4 passed; 0 failed; 0 ignored; 0 measured; 0 filtered out; finished in 0.10s

     Running tests/metal_tuning.rs (target/debug/deps/metal_tuning-6eeafd161bc27522)

running 0 tests

test result: ok. 0 passed; 0 failed; 0 ignored; 0 measured; 0 filtered out; finished in 0.00s

     Running tests/nccl_contract.rs (target/debug/deps/nccl_contract-0f6e2ba416a51879)

running 0 tests

test result: ok. 0 passed; 0 failed; 0 ignored; 0 measured; 0 filtered out; finished in 0.00s

     Running tests/nccl_two_rank.rs (target/debug/deps/nccl_two_rank-0cd883850a201ccd)

running 0 tests

test result: ok. 0 passed; 0 failed; 0 ignored; 0 measured; 0 filtered out; finished in 0.00s

     Running tests/pipeline_reference.rs (target/debug/deps/pipeline_reference-fafa657ba45164df)

running 0 tests

test result: ok. 0 passed; 0 failed; 0 ignored; 0 measured; 0 filtered out; finished in 0.00s

     Running tests/reference_collectives.rs (target/debug/deps/reference_collectives-09db13358b57f982)

running 0 tests

test result: ok. 0 passed; 0 failed; 0 ignored; 0 measured; 0 filtered out; finished in 0.00s

     Running tests/runtime_dtype_contract.rs (target/debug/deps/runtime_dtype_contract-9db1a33bac0d60de)

running 0 tests

test result: ok. 0 passed; 0 failed; 0 ignored; 0 measured; 0 filtered out; finished in 0.00s

     Running tests/safetensors_test.rs (target/debug/deps/safetensors_test-90d17d42bca5d22d)

running 1 test
test test_safetensors_save_and_load_roundtrip_cpu ... ok

test result: ok. 1 passed; 0 failed; 0 ignored; 0 measured; 0 filtered out; finished in 0.01s

     Running tests/simd_lanes.rs (target/debug/deps/simd_lanes-86628ce35591d69a)

running 2 tests
test test_simd_lanes_const_eval ... ok
test test_simd_lanes_positive_and_divisible ... ok

test result: ok. 2 passed; 0 failed; 0 ignored; 0 measured; 0 filtered out; finished in 0.00s

     Running tests/target_api.rs (target/debug/deps/target_api-a2642c1535f3465e)

running 0 tests

test result: ok. 0 passed; 0 failed; 0 ignored; 0 measured; 0 filtered out; finished in 0.00s

     Running tests/target_api_wgpu.rs (target/debug/deps/target_api_wgpu-5f4a86d2acd7bfcb)

running 0 tests

test result: ok. 0 passed; 0 failed; 0 ignored; 0 measured; 0 filtered out; finished in 0.00s

     Running tests/tensor_meta.rs (target/debug/deps/tensor_meta-359828ea63ff58f3)

running 6 tests
test every_enabled_backend_storage_uses_tensor_meta ... ok
test nonzero_view_offset_weakens_but_never_strengthens_alignment ... ok
test empty_views_are_valid_but_out_of_bounds_views_are_rejected ... ok
test invalid_alignment_rank_and_arithmetic_overflow_are_rejected ... ok
test contiguous_transpose_and_broadcast_have_one_checked_metadata_source ... ok
test wgpu_materialized_views_report_contiguous_zero_offset_metadata ... ok

test result: ok. 6 passed; 0 failed; 0 ignored; 0 measured; 0 filtered out; finished in 0.11s

     Running tests/tensor_parallel_reference.rs (target/debug/deps/tensor_parallel_reference-4fac00c4fbcea9f2)

running 0 tests

test result: ok. 0 passed; 0 failed; 0 ignored; 0 measured; 0 filtered out; finished in 0.00s

     Running tests/tiling.rs (target/debug/deps/tiling-1a58bebf40571f3c)

running 3 tests
test test_tile_2d_coverage_edge_cases ... ok
test test_tile_2d_coverage_rectangular_non_multiple ... ok
test test_tile_2d_coverage_square ... ok

test result: ok. 3 passed; 0 failed; 0 ignored; 0 measured; 0 filtered out; finished in 0.00s

     Running tests/tuning_cache.rs (target/debug/deps/tuning_cache-71629ae134431a8d)

running 0 tests

test result: ok. 0 passed; 0 failed; 0 ignored; 0 measured; 0 filtered out; finished in 0.00s

     Running tests/tuning_identity.rs (target/debug/deps/tuning_identity-658e57db5821409e)

running 0 tests

test result: ok. 0 passed; 0 failed; 0 ignored; 0 measured; 0 filtered out; finished in 0.00s

     Running tests/tuning_pruning.rs (target/debug/deps/tuning_pruning-afd013b583df0311)

running 0 tests

test result: ok. 0 passed; 0 failed; 0 ignored; 0 measured; 0 filtered out; finished in 0.00s

     Running tests/tuning_service.rs (target/debug/deps/tuning_service-98bb14063c7172b0)

running 0 tests

test result: ok. 0 passed; 0 failed; 0 ignored; 0 measured; 0 filtered out; finished in 0.00s

     Running tests/tuning_telemetry.rs (target/debug/deps/tuning_telemetry-08f5033a2dbb63a0)

running 0 tests

test result: ok. 0 passed; 0 failed; 0 ignored; 0 measured; 0 filtered out; finished in 0.00s

     Running tests/wgpu_executor.rs (target/debug/deps/wgpu_executor-c2bc7b3613bf7fbe)

running 12 tests
test the_binder_rejects_storage_belonging_to_another_backend ... ok
test the_reshape_binder_requires_exactly_one_input ... ok
test the_reshape_binder_rejects_an_operand_that_disagrees_with_the_descriptor ... ok
test the_conv2d_binder_rejects_a_weight_that_disagrees_with_the_descriptor ... ok
test the_binder_rejects_operands_that_disagree_with_the_descriptor ... ok
test the_binder_requires_exactly_two_inputs ... ok
test reshape_descriptor_execution_matches_the_legacy_path ... ok
test a_pool_descriptor_routes_to_the_accumulation_it_names_on_gpu ... ok
test rank2_descriptor_execution_matches_the_legacy_path ... ok
test a_conv2d_bias_actually_reaches_every_output_element ... ok
test a_reduction_descriptor_routes_to_the_accumulation_it_names_on_gpu ... ok
test conv2d_descriptor_execution_matches_the_legacy_path ... ok

test result: ok. 12 passed; 0 failed; 0 ignored; 0 measured; 0 filtered out; finished in 0.26s

     Running unittests src/lib.rs (target/debug/deps/incin_core-6cfb46c82e17e5e0)

running 139 tests
test err::tests::lossy_float_to_integer_conversion_requires_an_explicit_policy ... ok
test err::tests::error_message_is_bounded_at_a_utf8_boundary ... ok
test err::tests::exact_float_to_integer_conversion_rejects_lossy_values ... ok
test err::tests::test_error_formatting ... ok
test exec::capability::tests::rejection_identifies_the_first_unsatisfied_constraint ... ok
test exec::catalog::tests::coverage_is_derived_from_catalog_rows ... ok
test exec::capability::tests::families_never_imply_exact_support ... ok
test exec::catalog::tests::custom_typed_proof_requires_one_concrete_output ... ok
test exec::catalog::tests::data_creation_rejects_non_exact_payload_byte_length ... ok
test exec::catalog::tests::data_dependent_output_shapes_are_not_inferred_from_metadata ... ok
test exec::catalog::tests::custom_operation_keeps_static_shape_proof ... ok
test exec::catalog::tests::batch_norm_state_is_rank_one_against_a_ranked_activation ... ok
test exec::catalog::tests::an_unbiased_estimate_rejects_a_single_element_domain ... ok
test exec::catalog::tests::a_comparison_returns_boolean_dtype ... ok
test exec::catalog::tests::embedding_indices_and_weight_have_separate_rank_contracts ... ok
test distributions::tests::test_custom_distribution ... ok
test distributions::tests::test_uniform_sampling ... ok
test distributions::tests::test_normal_sampling ... ok
test distributions::tests::test_comptime_known_device_sampling ... ok
test distributions::tests::test_exponential_sampling ... ok
test exec::catalog::tests::convolution_bias_is_validated_by_role_not_by_the_activation_window ... ok
test distributions::tests::test_gumbel_sampling ... ok
test exec::catalog::tests::every_mutating_and_autograd_operation_is_classified_by_its_profile ... ok
test exec::catalog::tests::every_typed_output_rule_is_fail_closed_or_exactly_inferred ... ok
test distributions::tests::test_bernoulli_sampling ... ok
test exec::catalog::tests::cross_entropy_logits_and_targets_have_separate_rank_contracts ... ok
test exec::catalog::tests::empty_domain_behaviour_splits_within_the_reduction_family ... ok
test exec::catalog::tests::frontend_shape_evidence_reaches_the_validated_descriptor ... ok
test exec::catalog::tests::every_tensor_returning_row_declares_an_inference_source ... ok
test exec::catalog::tests::conv1d_and_transposed_convolution_bias_use_the_same_role_contract ... ok
test exec::catalog::tests::index_producing_operations_reject_a_non_integer_index_dtype ... ok
test exec::catalog::tests::inferred_metadata_cannot_be_fabricated ... ok
test exec::catalog::tests::known_inputs_never_skip_output_shape_verification ... ok
test exec::catalog::tests::identities_and_names_occur_exactly_once ... ok
test exec::catalog::tests::linear_weight_and_bias_have_separate_rank_contracts ... ok
test exec::catalog::tests::logical_ops_require_boolean_inputs ... ok
test exec::catalog::tests::operation_key_persistence_accepts_runtime_owned_identity ... ok
test exec::catalog::tests::operation_key_round_trips_through_persistence ... ok
test exec::catalog::tests::attribute_bearing_descriptor_round_trips_without_storage ... ok
test exec::catalog::tests::optimizer_gradient_and_state_are_validated_against_the_parameter ... ok
test exec::catalog::tests::multi_output_shapes_and_counts_are_inferred_exactly ... ok
test exec::catalog::tests::the_axis_variance_operations_infer_their_output_shape ... ok
test exec::catalog::tests::the_execution_site_agrees_with_the_arity_and_output_rules ... ok
test exec::catalog::tests::typed_attributes_fail_before_storage_access ... ok
test exec::catalog::tests::topk_values_keep_the_input_dtype_while_indices_take_the_index_dtype ... ok
test exec::catalog::tests::typed_data_creation_rejects_a_payload_dtype_mismatch ... ok
test exec::catalog::tests::recurrent_and_empty_reduction_contracts_are_storage_free ... ok
test exec::catalog::tests::unknown_metadata_stays_unknown ... ok
test exec::catalog::tests::validation_rejects_wrong_arity_and_cross_device_inputs ... ok
test exec::catalog::tests::zero_output_gradient_and_determinism_exceptions_override_their_family ... ok
test exec::conformance::tests::required_semantic_edges_are_present_once_or_more ... ok
test exec::meta::tests::a_view_offset_weakens_but_never_strengthens_alignment ... ok
test exec::meta::tests::contiguous_layout_is_derived_not_asserted ... ok
test exec::meta::tests::empty_views_may_sit_at_but_not_after_the_allocation_end ... ok
test exec::meta::tests::invalid_alignment_is_rejected ... ok
test exec::meta::tests::rank_and_arithmetic_failures_remain_structured ... ok
test exec::meta::tests::strided_span_and_offset_are_checked_against_capacity ... ok
test exec::meta::tests::transposed_and_broadcast_views_are_strided ... ok
test exec::meta::tests::zero_offset_preserves_the_allocation_alignment ... ok
test exec::proof::tests::a_fully_typed_shape_proves_itself_statically ... ok
test exec::proof::tests::a_named_axis_is_typed_but_not_statically_sized ... ok
test exec::proof::tests::a_ranked_shape_knows_its_rank_but_not_its_extents ... ok
test exec::proof::tests::a_sealed_descriptor_still_reads_back_exactly ... ok
test exec::proof::tests::an_unranked_shape_proves_nothing_before_it_exists ... ok
test exec::proof::tests::meet_is_commutative_idempotent_and_topped_by_static ... ok
test exec::proof::tests::meet_takes_the_weaker_operand ... ok
test exec::proof::tests::one_runtime_axis_weakens_the_whole_shape ... ok
test exec::proof::tests::the_proof_is_carried_not_recomputed ... ok
test metrics::tests::test_accuracy ... ok
test metrics::tests::test_mse ... ok
test metrics::tests::test_precision_recall_f1 ... ok
test nn::state::tests::child_accepts_only_one_non_empty_component ... ok
test nn::state::tests::paths_are_ordered_and_distinct_from_runtime_identity ... ok
test nn::state::tests::preserves_supported_native_dtype_payloads ... ok
test nn::state::tests::rejects_overflow_and_malformed_payloads ... ok
test nn::state::tests::root_and_nested_paths_roundtrip_through_postcard ... ok
test nn::state::tests::validates_exact_native_byte_length ... ok
test nn::state::tests::wire_deserialization_revalidates_paths_and_payload_lengths ... ok
test nn::stats::tests::into_model_stats_doubles_macs_for_flops ... ok
test nn::stats::tests::layer_stats_add_sums_both_fields ... ok
test nn::stats::tests::layer_stats_sum_over_empty_iter_is_default ... ok
test nn::stats::tests::mlp_macs_scale_linearly_with_batch_but_params_do_not ... ok
test nn::stats::tests::mlp_stats_match_the_growth_doc_hand_computed_numbers_at_batch_1 ... ok
test nn::stats::tests::sequential_of_linear_and_relu_sums_correctly_and_relu_contributes_nothing ... ok
test nn::stats::tests::named_layers_summary_with_stats_convenience_method_matches_the_free_function ... ok
test shapes::buf::tests::checked_numel_distinguishes_scalar_zero_and_overflow ... ok
test shapes::buf::tests::checked_span_rejects_rank_and_arithmetic_overflow ... ok
test shapes::buf::tests::contiguous_strides_reject_unrepresentable_layouts_even_when_empty ... ok
test shapes::idx::tests::slice_full_passthrough ... ok
test serialize::tests::postcard_round_trips_exact_supported_native_dtypes ... ok
test serialize::tests::postcard_supports_q8_and_safetensors_rejects_it_explicitly ... ok
test shapes::idx::tests::slice_range_output_shape ... ok
test nn::stats::tests::summary_with_stats_appends_a_readable_totals_footer ... ok
test shapes::reshape::tests::reshape_different_rank_same_numel ... ok
test shapes::reshape::tests::reshape_same_rank_same_numel ... ok
test shapes::shape::tests::checked_allocation_lengths_cover_scalar_zero_limit_and_overflow_edges ... ok
test shapes::shape::tests::dyn_is_zero_sized ... ok
test shapes::shape::tests::test_array_shape ... ok
test shapes::shape::tests::test_dyn_shape ... ok
test onnx_exporter::tests::export_uses_canonical_identity_and_projected_attributes ... ok
test shapes::shape::tests::test_scalar_shape ... ok
test tensor::allocation::tests::checked_allocation_lengths_cover_dense_and_block_storage ... ok
test tensor::backend::scalar_value_tests::float_to_integer_requires_an_explicit_checked_policy ... ok
test tensor::base::tests::dummy_backend_conv_pool_shape_math_never_panics_on_tiny_input_large_kernel ... ok
test serialize::tests::safetensors_round_trips_exact_supported_native_dtypes ... ok
test tensor::base::tests::test_tensor_creation ... ok
test tensor::base::tests::test_tensor_ones ... ok
test tensor::device::tests::a_device_set_keeps_the_order_it_was_given ... ok
test tensor::device::tests::a_device_set_rejects_what_cannot_describe_a_run ... ok
test tensor::device::tests::an_empty_ordinal_range_is_rejected_rather_than_defaulted ... ok
test tensor::device::tests::external_device_identity_is_open_and_stable ... ok
test tensor::device::tests::test_device_variants ... ok
test tensor::device::tests::test_dyn_tier1_fully_runtime ... ok
test tensor::device::tests::test_wgpu_tier3_static_ordinal ... ok
test tensor::device::tests::the_default_preference_is_the_cpu ... ok
test tensor::device::tests::the_rfcs_three_gpu_call_builds_three_cuda_devices ... ok
test tensor::display::tests::empty_dimension_renders_empty_brackets ... ok
test tensor::display::tests::integer_dtype_has_no_decimal_point ... ok
test tensor::display::tests::long_one_d_axis_is_summarized ... ok
test tensor::display::tests::long_outer_axis_drops_whole_rows ... ok
test tensor::display::tests::nan_and_infinity_render_like_pytorch ... ok
test tensor::display::tests::non_integral_values_use_fixed_precision ... ok
test tensor::display::tests::one_d_float_is_comma_separated ... ok
test tensor::display::tests::scalar_has_no_brackets ... ok
test tensor::display::tests::two_d_float_aligns_columns_and_wraps_rows ... ok
test tensor::display::tests::very_large_and_small_magnitudes_switch_to_scientific ... ok
test tensor::dtype::tests::block_overflow_returns_error ... ok
test tensor::dtype::tests::builtin_round_trip ... ok
test tensor::dtype::tests::custom_dtype_compile_test ... ok
test tensor::dtype::tests::custom_dtype_has_no_builtin_id ... ok
test tensor::dtype::tests::dtype_id_classification ... ok
test tensor::dtype::tests::f32_descriptor ... ok
test tensor::dtype::tests::f32_encoding_is_scalar ... ok
test tensor::dtype::tests::f64_encoding ... ok
test tensor::dtype::tests::q8_0_descriptor ... ok
test tensor::dtype::tests::q8_0_encoding_is_block ... ok
test tensor::dtype::tests::scalar_overflow_returns_error ... ok
test tensor::device::tests::test_wgpu_tier2_runtime_ordinal ... ok
test exec::catalog::tests::generated_semantics_document_covers_every_row ... ok

test result: ok. 139 passed; 0 failed; 0 ignored; 0 measured; 0 filtered out; finished in 0.02s

     Running tests/auto_device.rs (target/debug/deps/auto_device-290541fee794fa3b)

running 6 tests
test a_wgpu_only_build_resolves_to_wgpu ... ok
test best_device_is_a_fully_static_selector ... ok
test cuda_outranks_wgpu_when_both_are_enabled ... ok
test best_device_resolves_to_the_most_capable_enabled_family ... ok
test an_ordinal_selects_that_device_on_a_gpu_build ... ok
test the_macro_and_the_alias_name_the_same_type ... ok

test result: ok. 6 passed; 0 failed; 0 ignored; 0 measured; 0 filtered out; finished in 0.00s

     Running tests/axis_literal_range.rs (target/debug/deps/axis_literal_range-46d7b49200cd28a4)

running 1 test
test arbitrary_static_axis_literals_remain_static ... ok

test result: ok. 1 passed; 0 failed; 0 ignored; 0 measured; 0 filtered out; finished in 0.00s

     Running tests/backward_errors.rs (target/debug/deps/backward_errors-75a0d638b7991eac)

running 11 tests
test a_contribution_and_an_accumulation_are_reported_differently ... ok
test the_check_is_an_axis_beside_the_others_not_a_replacement_for_them ... ok
test checking_is_off_by_default ... ok
test the_scope_ends_where_it_says_it_does ... ok
test the_error_message_names_the_tensor_and_where_it_was_found ... ok
test a_recipe_failure_propagates_rather_than_aborting ... ok
test a_checked_pass_over_finite_gradients_agrees_with_an_unchecked_one ... ok
test nothing_in_the_backward_path_panics_any_more ... ok
test a_non_finite_gradient_is_a_returned_error ... ok
test a_failed_pass_still_drained_the_tape_it_walked ... ok
test the_default_pass_does_not_look_at_gradient_values ... ok

test result: ok. 11 passed; 0 failed; 0 ignored; 0 measured; 0 filtered out; finished in 0.00s

     Running tests/broadcast_axes.rs (target/debug/deps/broadcast_axes-99b0d1dd0a0b2e44)

running 22 tests
test a_bias_shaped_like_the_channel_axis_broadcasts_over_a_batch ... ok
test a_five_element_axis_is_not_related_to_a_four_element_one ... ok
test a_named_axis_stretches_against_a_literal_one ... ok
test a_named_axis_whose_runtime_size_is_one_still_stretches_at_runtime ... ok
test a_runtime_axis_may_sit_anywhere_rather_than_only_in_front ... ok
test a_runtime_axis_that_contradicts_its_static_partner_is_rejected ... ok
test a_scalar_broadcasts_against_anything ... ok
test a_shorter_operand_right_aligns_and_may_stretch_where_it_reaches ... ok
test a_zero_axis_absorbs_the_stretch_rather_than_being_absorbed ... ok
test both_operands_may_stretch_at_different_axes ... ok
test broadcast_output_normalizes_static_extents ... ok
test identical_axes_still_pass_through_untouched ... ok
test incompatible_sizes_are_refused_at_runtime_when_the_type_cannot_see_them ... ok
test meeting_a_literal_one_keeps_the_axis_dynamic ... ok
test meeting_a_static_axis_recovers_the_size_the_runtime_one_lost ... ok
test runtime_broadcast_with_static_one_remains_runtime ... ok
test runtime_static_broadcast_keeps_the_provable_output_extent ... ok
test stretching_works_from_either_side ... ok
test the_shorter_operand_may_be_on_either_side ... ok
test two_axes_of_extent_one_stay_one ... ok
test two_different_names_are_still_unrelated ... ok
test two_runtime_axes_stay_runtime ... ok

test result: ok. 22 passed; 0 failed; 0 ignored; 0 measured; 0 filtered out; finished in 0.00s

     Running tests/broadcast_fuzz.rs (target/debug/deps/broadcast_fuzz-e89f2860ef51bbba)

running 7 tests
test a_scalar_is_absorbed_whatever_the_other_operand_is ... ok
test a_shape_of_ones_is_the_identity ... ok
test a_result_axis_is_never_one_where_an_operand_axis_was_zero ... ok
test the_result_has_the_rank_of_the_longer_operand ... ok
test the_rule_agrees_with_the_reference_on_both_answers ... ok
test broadcasting_is_commutative_in_the_shape_it_produces ... ok
test broadcasting_is_associative_where_all_three_are_defined ... ok

test result: ok. 7 passed; 0 failed; 0 ignored; 0 measured; 0 filtered out; finished in 0.01s

     Running tests/builder_permutations.rs (target/debug/deps/builder_permutations-18376ca2001376c6)

running 5 tests
test test_norm_permutations ... ok
test test_conv1d_permutations ... ok
test test_conv2d_permutations ... ok
test test_linear_permutations ... ok
test test_rnn_permutations ... ok

test result: ok. 5 passed; 0 failed; 0 ignored; 0 measured; 0 filtered out; finished in 0.00s

     Running tests/checkpoint_reshard.rs (target/debug/deps/checkpoint_reshard-abfe3c019558b120)

running 5 tests
test test_slice_bytes_for_rank_axis_1 ... ok
test test_slice_bytes_for_rank_axis_0 ... ok
test test_global_checkpoint_manifest_serialization ... ok
test test_reshard_error_rejections ... ok
test test_save_and_load_resharded_checkpoint ... ok

test result: ok. 5 passed; 0 failed; 0 ignored; 0 measured; 0 filtered out; finished in 0.01s

     Running tests/collective_plan.rs (target/debug/deps/collective_plan-b6cc11b31bb1b203)

running 8 tests
test equal_plans_hash_identically_and_preflight_mints_agreement ... ok
test preflight_names_count_hash_and_mesh_divergence_before_launch ... ok
test dynamic_dtype_and_placement_take_the_same_checked_path ... ok
test two_network_processes_derive_one_mesh_and_one_plan_identity ... ok
test reduce_scatter_derives_rank_local_output_and_rejects_a_remainder ... ok
test static_descriptors_derive_kind_counts_bytes_sequence_and_dependencies ... ok
test builder_rejects_rank_dependency_and_non_collective_mistakes ... ok
    Checking cfg-if v1.0.4
    Checking bitflags v2.13.0
   Compiling cfg_aliases v0.1.1
    Checking libc v0.2.186
    Checking scopeguard v1.2.0
   Compiling syn v2.0.118
    Checking once_cell v1.21.4
    Checking serde_core v1.0.228
    Checking crossbeam-utils v0.8.21
   Compiling thiserror v1.0.69
   Compiling parking_lot_core v0.9.12
    Checking smallvec v1.15.2
   Compiling thiserror v2.0.18
    Checking unicode-width v0.1.14
   Compiling khronos-egl v6.0.0
    Checking termcolor v1.4.1
    Checking libloading v0.8.9
   Compiling naga v22.1.0
    Checking lock_api v0.4.14
    Checking equivalent v1.0.2
    Checking hashbrown v0.17.1
   Compiling ash v0.38.0+1.3.281
    Checking foldhash v0.1.5
    Checking bit-vec v0.7.0
    Checking gpu-alloc-types v0.3.1
    Checking spirv v0.3.0+sdk-1.3.268.0
    Checking gpu-descriptor-types v0.2.0
    Checking codespan-reporting v0.11.1
   Compiling wgpu-hal v22.0.0
    Checking hashbrown v0.15.5
    Checking rustc-hash v1.1.0
    Checking hexf-parse v0.2.1
    Checking arrayvec v0.7.8
    Checking byteorder v1.5.0
    Checking unicode-xid v0.2.6
    Checking bit-set v0.6.0
    Checking log v0.4.33
    Checking gpu-alloc v0.6.2
    Checking crossbeam-epoch v0.9.18
    Checking zmij v1.0.21
    Checking spin v0.9.8
    Checking hash32 v0.2.1
    Checking wgpu-types v22.0.0
   Compiling wgpu-core v22.1.0
    Checking memchr v2.7.6
    Checking either v1.15.0
    Checking itoa v1.0.15
    Checking renderdoc-sys v1.1.0
    Checking raw-window-handle v0.6.2
    Checking glow v0.13.1
    Checking crossbeam-deque v0.8.6
    Checking profiling v1.0.18
   Compiling anyhow v1.0.103
   Compiling litrs v1.0.0
    Checking stable_deref_trait v1.2.1
    Checking indexmap v2.14.0
    Checking libm v0.2.15
   Compiling wgpu v22.1.0
    Checking gpu-descriptor v0.3.2
    Checking rayon-core v1.13.0
    Checking bytes v1.12.0
    Checking getrandom v0.2.17
    Checking rustc-std-workspace-alloc v1.0.1
    Checking rand_core v0.6.4
   Compiling rustix v1.1.4
    Checking parking_lot v0.12.5
    Checking rayon v1.12.0
   Compiling getrandom v0.4.3
    Checking static_assertions v1.1.0
    Checking linux-raw-sys v0.12.1
    Checking typenum v1.20.1
    Checking fs2 v0.4.3
    Checking pollster v0.3.0
    Checking fastrand v2.4.1
   Compiling document-features v0.2.12
    Checking num-traits v0.2.19
    Checking serde_json v1.0.150
    Checking tempfile v3.27.0
   Compiling prettyplease v0.2.37
   Compiling zerocopy-derive v0.8.31
   Compiling serde_derive v1.0.228
   Compiling prost-derive v0.14.4
   Compiling bytemuck_derive v1.10.2
   Compiling thiserror-impl v1.0.69
   Compiling thiserror-impl v2.0.18
    Checking bytemuck v1.25.0
    Checking zerocopy v0.8.31
    Checking cobs v0.3.0
   Compiling prost v0.14.4
   Compiling prost-types v0.14.4
   Compiling prost-build v0.14.4
    Checking half v2.7.1
    Checking ppv-lite86 v0.2.21
    Checking ahash v0.8.12
    Checking serde v1.0.228
    Checking digit-layout v0.3.1
    Checking rand_chacha v0.3.1
    Checking ggml-quants v0.1.0
    Checking heapless v0.7.17
    Checking hashbrown v0.14.5
    Checking safetensors v0.4.5
    Checking rand v0.8.6
    Checking postcard v1.1.3
    Checking rand_distr v0.4.3
   Compiling incin-macros v0.0.0 (/home/xupremix/Projects/incin/crates/incin-macros)
   Compiling incin-core v0.0.0 (/home/xupremix/Projects/incin/crates/incin-core)
    Checking incin-backends v0.0.0 (/home/xupremix/Projects/incin/crates/incin-backends)
    Checking incin-core-tests v0.0.0 (/home/xupremix/Projects/incin/target/tests/trybuild/incin-core)
    Finished `dev` profile [unoptimized + debuginfo] target(s) in 19.16s


test tests/collective_plan_compile_fail/cross_mesh_placement.rs ... ok
test tests/collective_plan_compile_fail/illegal_static_transition.rs ... ok
test tests/collective_plan_compile_fail/integer_mean.rs ... ok
test tests/collective_plan_compile_fail/non_collective_static_transition.rs ... ok
test tests/collective_plan_compile_fail/q8_collective_plan.rs ... ok


test static_plan_rejections_are_compile_errors ... ok

test result: ok. 8 passed; 0 failed; 0 ignored; 0 measured; 0 filtered out; finished in 34.88s

     Running tests/compile_tests.rs (target/debug/deps/compile_tests-801ca7b09981a28f)

running 2 tests
test compile_fail_cases_fail_for_their_stated_reason ... ok
   Compiling bitflags v2.13.0
   Compiling zerocopy v0.8.31
   Compiling serde v1.0.228
   Compiling libloading v0.8.9
   Compiling smallvec v1.15.2
   Compiling bit-vec v0.7.0
   Compiling unicode-width v0.1.14
   Compiling foldhash v0.1.5
   Compiling termcolor v1.4.1
   Compiling thiserror v1.0.69
   Compiling bytemuck v1.25.0
   Compiling hexf-parse v0.2.1
   Compiling arrayvec v0.7.8
   Compiling unicode-xid v0.2.6
   Compiling rustc-hash v1.1.0
   Compiling byteorder v1.5.0
   Compiling thiserror v2.0.18
   Compiling profiling v1.0.18
   Compiling hashbrown v0.15.5
   Compiling ash v0.38.0+1.3.281
   Compiling khronos-egl v6.0.0
   Compiling spirv v0.3.0+sdk-1.3.268.0
   Compiling gpu-descriptor-types v0.2.0
   Compiling bit-set v0.6.0
   Compiling parking_lot_core v0.9.12
   Compiling gpu-alloc-types v0.3.1
   Compiling hash32 v0.2.1
   Compiling wgpu-types v22.0.0
   Compiling renderdoc-sys v1.1.0
   Compiling raw-window-handle v0.6.2
   Compiling codespan-reporting v0.11.1
   Compiling glow v0.13.1
   Compiling memchr v2.7.6
   Compiling gpu-alloc v0.6.2
   Compiling parking_lot v0.12.5
   Compiling cobs v0.3.0
   Compiling bytes v1.12.0
   Compiling anyhow v1.0.103
   Compiling static_assertions v1.1.0
   Compiling linux-raw-sys v0.12.1
   Compiling getrandom v0.4.3
   Compiling pollster v0.3.0
   Compiling heapless v0.7.17
   Compiling gpu-descriptor v0.3.2
   Compiling fastrand v2.4.1
   Compiling serde_json v1.0.150
   Compiling rustix v1.1.4
   Compiling prost v0.14.4
   Compiling naga v22.1.0
   Compiling postcard v1.1.3
   Compiling safetensors v0.4.5
   Compiling ppv-lite86 v0.2.21
   Compiling half v2.7.1
   Compiling ahash v0.8.12
   Compiling hashbrown v0.14.5
   Compiling digit-layout v0.3.1
   Compiling rand_chacha v0.3.1
   Compiling ggml-quants v0.1.0
   Compiling rand v0.8.6
   Compiling tempfile v3.27.0
   Compiling incin-core v0.0.0 (/home/xupremix/Projects/incin/crates/incin-core)
   Compiling rand_distr v0.4.3
   Compiling wgpu-hal v22.0.0
   Compiling wgpu-core v22.1.0
   Compiling wgpu v22.1.0
   Compiling incin-backends v0.0.0 (/home/xupremix/Projects/incin/crates/incin-backends)
   Compiling incin-core-tests v0.0.0 (/home/xupremix/Projects/incin/target/tests/trybuild/incin-core)
    Finished `dev` profile [unoptimized + debuginfo] target(s) in 26.10s


test tests/compile_pass/execution_contract.rs [should pass] ... ok
test tests/compile_fail/broadcast_static_mismatch.rs [should fail to compile] ... ok
test tests/compile_fail/canonical_descriptor_fields_are_private.rs [should fail to compile] ... ok
test tests/compile_fail/checked_byte_len_is_private.rs [should fail to compile] ... ok
test tests/compile_fail/checked_numel_is_private.rs [should fail to compile] ... ok
test tests/compile_fail/concat_static_mismatch.rs [should fail to compile] ... ok
test tests/compile_fail/concrete_static_extent_is_sealed.rs [should fail to compile] ... ok
test tests/compile_fail/construction_witness_is_private.rs [should fail to compile] ... ok
test tests/compile_fail/conv2d_invalid_shape.rs [should fail to compile] ... ok
test tests/compile_fail/device_mismatch.rs [should fail to compile] ... ok
test tests/compile_fail/dim_trait_is_sealed.rs [should fail to compile] ... ok
test tests/compile_fail/dtype_mismatch.rs [should fail to compile] ... ok
test tests/compile_fail/dyn_is_a_unit_marker.rs [should fail to compile] ... ok
test tests/compile_fail/execute_is_not_blanket.rs [should fail to compile] ... ok
test tests/compile_fail/execution_output_must_be_backend_owned.rs [should fail to compile] ... ok
test tests/compile_fail/execution_request_requires_validated.rs [should fail to compile] ... ok
test tests/compile_fail/flatten_invalid_range.rs [should fail to compile] ... ok
test tests/compile_fail/forward_batchnorm_mismatch.rs [should fail to compile] ... ok
test tests/compile_fail/forward_conv1d_static_mismatch.rs [should fail to compile] ... ok
test tests/compile_fail/forward_conv2d_static_mismatch.rs [should fail to compile] ... ok
test tests/compile_fail/forward_linear_partial_mismatch.rs [should fail to compile] ... ok
test tests/compile_fail/forward_linear_static_mismatch.rs [should fail to compile] ... ok
test tests/compile_fail/forward_model_building_mismatch.rs [should fail to compile] ... ok
test tests/compile_fail/gradients_backend_payload_is_private.rs [should fail to compile] ... ok
test tests/compile_fail/kernel_conv2d_channel_mismatch.rs [should fail to compile] ... ok
test tests/compile_fail/layer_builder_invalid_count.rs [should fail to compile] ... ok
test tests/compile_fail/layer_builder_invalid_order.rs [should fail to compile] ... test compile_fail has been running for over 60 seconds
ok
test tests/compile_fail/loss_cross_entropy_mismatch.rs [should fail to compile] ... ok
test tests/compile_fail/macro_idx_invalid.rs [should fail to compile] ... ok
test tests/compile_fail/macro_module_invalid.rs [should fail to compile] ... ok
test tests/compile_fail/macro_s_invalid.rs [should fail to compile] ... ok
test tests/compile_fail/matmul_rank8_static_mismatch.rs [should fail to compile] ... ok
test tests/compile_fail/matmul_static_mismatch.rs [should fail to compile] ... ok
test tests/compile_fail/named_broadcast_identity_mismatch.rs [should fail to compile] ... ok
test tests/compile_fail/named_dim_concat_mismatch.rs [should fail to compile] ... ok
test tests/compile_fail/named_dim_identity_mismatch.rs [should fail to compile] ... ok
test tests/compile_fail/named_dim_size_mismatch.rs [should fail to compile] ... ok
test tests/compile_fail/operation_spec_is_sealed.rs [should fail to compile] ... ok
test tests/compile_fail/reshape_static_mismatch.rs [should fail to compile] ... ok
test tests/compile_fail/shape_mismatch.rs [should fail to compile] ... ok
test tests/compile_fail/shape_trait_is_sealed.rs [should fail to compile] ... ok
test tests/compile_fail/shape_value_constructor_is_private.rs [should fail to compile] ... ok
test tests/compile_fail/stack_static_mismatch.rs [should fail to compile] ... ok
test tests/compile_fail/tensor_meta_fields_are_private.rs [should fail to compile] ... ok
test tests/compile_fail/unsupported_dtype_backend_pair.rs [should fail to compile] ... ok
test tests/compile_fail/validated_fields_are_private.rs [should fail to compile] ... ok
test tests/compile_fail/validated_new_is_crate_private.rs [should fail to compile] ... ok


test compile_fail ... ok

test result: ok. 2 passed; 0 failed; 0 ignored; 0 measured; 0 filtered out; finished in 65.03s

     Running tests/compiled_alloc.rs (target/debug/deps/compiled_alloc-901c944d055ac13a)

running 0 tests

test result: ok. 0 passed; 0 failed; 0 ignored; 0 measured; 0 filtered out; finished in 0.00s

     Running tests/compiled_artifact.rs (target/debug/deps/compiled_artifact-36777f42249716f8)

running 0 tests

test result: ok. 0 passed; 0 failed; 0 ignored; 0 measured; 0 filtered out; finished in 0.00s

     Running tests/compiled_capture.rs (target/debug/deps/compiled_capture-163ea1dd6bae7543)

running 0 tests

test result: ok. 0 passed; 0 failed; 0 ignored; 0 measured; 0 filtered out; finished in 0.00s

     Running tests/compiled_fold.rs (target/debug/deps/compiled_fold-7c00f169bad8fe19)

running 0 tests

test result: ok. 0 passed; 0 failed; 0 ignored; 0 measured; 0 filtered out; finished in 0.00s

     Running tests/compiled_fusion.rs (target/debug/deps/compiled_fusion-700c3d91e545f7d9)

running 0 tests

test result: ok. 0 passed; 0 failed; 0 ignored; 0 measured; 0 filtered out; finished in 0.00s

     Running tests/compiled_guards.rs (target/debug/deps/compiled_guards-8613d7c83a6d9d9c)

running 0 tests

test result: ok. 0 passed; 0 failed; 0 ignored; 0 measured; 0 filtered out; finished in 0.00s

     Running tests/concat_stack.rs (target/debug/deps/concat_stack-4d87488a22a41ea4)

running 10 tests
test test_try_concat_slice_rejects_mismatched_non_concat_extent ... ok
test test_try_concat_slice_rejects_invalid_axis ... ok
test test_try_concat_rejects_mismatched_ranks ... ok
test test_try_concat_rejects_invalid_axis ... ok
test test_try_concat_rejects_mismatched_non_concat_extent ... ok
test test_try_concat_slice_rejects_mismatched_ranks ... ok
test test_concat_static_success ... ok
test test_try_concat_dynamic ... ok
test test_stack_static_success ... ok
test test_try_stack_dynamic ... ok

test result: ok. 10 passed; 0 failed; 0 ignored; 0 measured; 0 filtered out; finished in 0.00s

     Running tests/construction_witness.rs (target/debug/deps/construction_witness-7ba10b3eed3f935d)

running 11 tests
test checked_construction_rejects_storage_shape_mismatch ... ok
test parameter_checked_construction_validates_static_shape_contract ... ok
test checked_construction_rejects_integer_gradient_tracking ... ok
test checked_construction_accepts_matching_storage_metadata ... ok
test buffer_checked_construction_validates_static_shape_contract ... ok
test parameter_raw_construction_validates_dtype_contract ... ok
test metadata_only_retagging_preserves_validated_storage ... ok
test checked_construction_rejects_static_shape_contract_mismatch ... ok
test checked_construction_rejects_storage_dtype_mismatch ... ok
test dynamic_flatten_reports_invalid_ranges_without_panicking ... ok
test raw_unchecked_constructor_is_absent_from_the_crate ... ok

test result: ok. 11 passed; 0 failed; 0 ignored; 0 measured; 0 filtered out; finished in 0.01s

     Running tests/constructor_ranks.rs (target/debug/deps/constructor_ranks-bc892a0268f71aca)

running 1 test
test fully_static_shapes_construct_at_every_previously_missing_rank ... ok

test result: ok. 1 passed; 0 failed; 0 ignored; 0 measured; 0 filtered out; finished in 0.00s

     Running tests/custom_operation.rs (target/debug/deps/custom_operation-ad7fb1ca6ffc8c71)

running 15 tests
test built_in_backend_can_compile_an_open_custom_operation ... ok
test downstream_device_implementation_keeps_custom_identity ... ok
test metadata_free_custom_operations_cannot_bypass_capability_admission ... ok
test custom_identity_is_derived_from_the_operation_key ... ok
test custom_operation_returns_backend_owned_storage ... ok
test custom_operation_capability_can_reject_an_input_invocation ... ok
test downstream_custom_operation_uses_unified_runtime_dispatch ... ok
test built_in_cpu_backend_executes_a_downstream_operation ... ok
test downstream_custom_operation_keeps_static_shape_dispatch ... ok
test built_in_non_creation_rejects_an_execution_payload ... ok
test custom_operations_are_recorded_with_their_key ... ok
test built_in_creation_requires_the_declared_payload ... ok
test downstream_backend_can_execute_a_builtin_operation ... ok
test custom_operations_receive_borrowed_execution_payloads ... ok
test downstream_executor_receives_the_exact_shape_type ... ok

test result: ok. 15 passed; 0 failed; 0 ignored; 0 measured; 0 filtered out; finished in 0.00s

     Running tests/data_parallel.rs (target/debug/deps/data_parallel-d8bda27f9d649f11)

running 5 tests
test static_dp2_gradients_are_ordered_mean_all_reduces ... ok
test duplicate_reserved_empty_and_bad_rank_plans_are_rejected ... ok
test dyn_accepts_floats_and_rejects_integer_and_quantized_gradients ... ok
test equal_network_ranks_preflight_and_same_shaped_reordering_does_not ... ok
    Checking incin-core-tests v0.0.0 (/home/xupremix/Projects/incin/target/tests/trybuild/incin-core)
    Finished `dev` profile [unoptimized + debuginfo] target(s) in 0.15s


test tests/data_parallel_compile_fail/integer_gradient.rs ... ok
test tests/data_parallel_compile_fail/q8_gradient.rs ... ok
test tests/data_parallel_compile_fail/wrong_mesh.rs ... ok


test static_dp_contract_rejections_are_compile_errors ... ok

test result: ok. 5 passed; 0 failed; 0 ignored; 0 measured; 0 filtered out; finished in 0.65s

     Running tests/descriptor_schema.rs (target/debug/deps/descriptor_schema-6b7fa966b8a6d459)

running 12 tests
test axis_set_spills_without_a_semantic_rank_ceiling ... ok
test catalog_contains_unique_exact_operation_identities ... ok
test axis_set_mixes_inline_and_spilled_axes_without_losing_semantics ... ok
test axis_set_deserialization_cannot_create_unordered_contiguous_state ... ok
test axis_set_serializes_as_canonical_semantic_axes ... ok
test schema_version_is_explicit_and_compatible ... ok
test exact_keep_reduction_preserves_rank ... ok
test exact_matmul_descriptor_derives_batched_output ... ok
test exact_binary_descriptor_derives_broadcast_output ... ok
test exact_reshape_descriptor_checks_element_count ... ok
test exact_reduction_descriptor_handles_axis_seventy ... ok
test exact_conv_and_pool_descriptors_derive_spatial_geometry ... ok

test result: ok. 12 passed; 0 failed; 0 ignored; 0 measured; 0 filtered out; finished in 0.00s

     Running tests/exec_context.rs (target/debug/deps/exec_context-7454269319f58f8e)

running 9 tests
test a_context_built_from_a_scope_keeps_its_policy_after_the_scope_ends ... ok
test a_fresh_context_denies_fallback_and_promises_no_determinism ... ok
test an_explicit_context_ignores_whatever_scope_it_is_used_inside ... ok
test each_builder_moves_one_axis_and_leaves_the_others_alone ... ok
test scopes_nest_and_the_inner_one_restores_the_outer_rather_than_the_default ... ok
test the_backend_survives_every_builder_and_comes_back_out_unchanged ... ok
test transfer_implies_composition_but_composition_does_not_imply_transfer ... ok
test a_panic_unwinding_out_of_a_scope_still_restores_the_enclosing_policy ... ok
test one_thread_s_scope_is_invisible_to_every_other_thread ... ok

test result: ok. 9 passed; 0 failed; 0 ignored; 0 measured; 0 filtered out; finished in 0.00s

     Running tests/export_test.rs (target/debug/deps/export_test-e3a8e8acc93123fc)

running 4 tests
test test_gguf_export_rejects_unimplemented_quant_schemes ... ok
test test_mlx_export_roundtrip ... ok
test test_gguf_export_actually_quantizes_eligible_tensors_and_leaves_others_at_f32 ... ok
test test_gguf_export_and_inspect_roundtrip ... ok

test result: ok. 4 passed; 0 failed; 0 ignored; 0 measured; 0 filtered out; finished in 0.01s

     Running tests/frozen_foundations.rs (target/debug/deps/frozen_foundations-35a005f904dea8b0)

running 2 tests
test the_proof_mechanisms_the_document_cites_are_still_present ... ok
test every_path_the_frozen_foundations_document_names_exists ... ok

test result: ok. 2 passed; 0 failed; 0 ignored; 0 measured; 0 filtered out; finished in 0.00s

     Running tests/fsdp.rs (target/debug/deps/fsdp-4c88b99b1d10da05)

running 3 tests
test fsdp_builder_error_handling ... ok
test zero1_zero2_zero3_stage_comparison ... ok
test zero3_fsdp_persistent_and_transient_memory_parity ... ok

test result: ok. 3 passed; 0 failed; 0 ignored; 0 measured; 0 filtered out; finished in 0.00s

     Running tests/generated_operation_coverage.rs (target/debug/deps/generated_operation_coverage-fd017d9e77e62833)

running 2 tests
test operation_coverage_has_one_row_for_each_execution_site ... ok
test operation_coverage_matches_generated_document ... ok

test result: ok. 2 passed; 0 failed; 0 ignored; 0 measured; 0 filtered out; finished in 0.00s

     Running tests/generated_operation_semantics.rs (target/debug/deps/generated_operation_semantics-c56dacc7892f0976)

running 2 tests
test generated_semantics_uses_structural_line_breaks ... ok
test operation_semantics_matches_the_code_catalog ... ok

test result: ok. 2 passed; 0 failed; 0 ignored; 0 measured; 0 filtered out; finished in 0.00s

     Running tests/graph_serde_roundtrip.rs (target/debug/deps/graph_serde_roundtrip-008749b784e95cdd)

running 2 tests
test captured_descriptor_projection_preserves_typed_attributes ... ok
test graph_round_trips_through_serde_json ... ok

test result: ok. 2 passed; 0 failed; 0 ignored; 0 measured; 0 filtered out; finished in 0.00s

     Running tests/hybrid_plan.rs (target/debug/deps/hybrid_plan-ec317894600a9ca4)

running 5 tests
test objectives_and_schedule_change_inspectable_choices_and_memory ... ok
test static_and_dyn_auto_plans_match_with_exact_report_evidence ... ok
test dyn_rejects_every_static_contract_violation ... ok
test dyn_filters_divisibility_and_memory_with_structured_reasons ... ok
    Checking incin-core-tests v0.0.0 (/home/xupremix/Projects/incin/target/tests/trybuild/incin-core)
    Finished `dev` profile [unoptimized + debuginfo] target(s) in 0.12s


test tests/hybrid_plan_compile_fail/integer_dtype.rs ... ok
test tests/hybrid_plan_compile_fail/odd_data_batch.rs ... ok
test tests/hybrid_plan_compile_fail/odd_tensor_extent.rs ... ok
test tests/hybrid_plan_compile_fail/wrong_world.rs ... ok
test tests/hybrid_plan_compile_fail/zero_pipeline_microbatches.rs ... ok


test static_hybrid_contract_rejections_are_compile_errors ... ok

test result: ok. 5 passed; 0 failed; 0 ignored; 0 measured; 0 filtered out; finished in 0.54s

     Running tests/lowering_parity.rs (target/debug/deps/lowering_parity-8d2a837d17dc0881)

running 11 tests
test axis_attributes_reject_an_axis_outside_the_input_rank ... ok
test reshape_exact_rejects_a_target_with_a_different_element_count ... ok
test reshape_exact_uses_its_explicit_shape_attribute ... ok
test exact_descriptors_keep_their_catalog_identity_and_element_count ... ok
test axis_exact_descriptors_distinguish_dropped_and_kept_reductions ... ok
test matmul_exact_descriptor_infers_batched_output_geometry ... ok
test binary_exact_descriptors_infer_broadcast_geometry ... ok
test max_pool2d_exact_reports_a_window_larger_than_the_input ... ok
test conv2d_exact_rejects_groups_that_do_not_divide_input_channels ... ok
test conv2d_exact_infers_spatial_and_channel_geometry ... ok
test max_pool2d_exact_infers_window_geometry ... ok

test result: ok. 11 passed; 0 failed; 0 ignored; 0 measured; 0 filtered out; finished in 0.00s

     Running tests/manifest_replay.rs (target/debug/deps/manifest_replay-761257278d131290)

running 0 tests

test result: ok. 0 passed; 0 failed; 0 ignored; 0 measured; 0 filtered out; finished in 0.00s

     Running tests/matmul_axes.rs (target/debug/deps/matmul_axes-2e82b58991e9d1ae)

running 10 tests
test arbitrary_batch_rank_retains_matrix_output_type ... ok
test matching_named_static_contractions_preserve_the_matrix_result ... ok
test static_matmul_output_type_preserves_batch_and_matrix_axes ... ok
test named_batch_broadcast_preserves_name_and_static_extent ... ok
test structural_matmul_accepts_matching_runtime_contraction ... ok
test named_mixed_contractions_preserve_the_known_output_extent ... ok
test anonymous_and_named_equal_static_contractions_are_compatible ... ok
test named_static_and_runtime_contractions_use_numeric_validation ... ok
test structural_matmul_checks_runtime_contraction ... ok
test matmul_preserves_named_static_output_type ... ok

test result: ok. 10 passed; 0 failed; 0 ignored; 0 measured; 0 filtered out; finished in 0.00s

     Running tests/mesh_bind.rs (target/debug/deps/mesh_bind-4818ea8c43ef898a)

running 17 tests
test a_collective_group_whose_members_cannot_reach_each_other_is_rejected ... ok
test a_device_list_that_is_not_the_world_size_is_rejected ... ok
test a_mesh_spanning_two_backend_families_is_rejected ... ok
test a_mesh_spanning_two_architectures_is_rejected ... ok
test a_process_layout_that_disagrees_about_the_world_is_rejected ... ok
test a_severed_link_between_ranks_that_share_no_group_is_not_a_rejection ... ok
test adjacent_fingerprint_fields_cannot_be_confused_for_each_other ... ok
test an_ordinal_the_probe_cannot_see_is_rejected ... ok
test every_rank_round_trips_through_its_coordinates ... ok
test one_machine_bound_two_ways_has_two_ids ... ok
test the_fingerprint_records_the_links_the_groups_need ... ok
test the_same_degrees_on_different_hardware_have_different_ids ... ok
test the_layout_makes_tensor_peers_adjacent_and_data_replicas_distant ... ok
test the_same_ordinal_at_two_ranks_is_rejected ... ok
test the_same_machine_bound_the_same_way_has_the_same_id ... ok
test the_three_valid_three_gpu_topologies_all_bind_to_the_same_machine ... ok
test two_ordinals_resolving_to_one_physical_device_are_rejected ... ok

test result: ok. 17 passed; 0 failed; 0 ignored; 0 measured; 0 filtered out; finished in 0.00s

     Running tests/mesh_compile.rs (target/debug/deps/mesh_compile-643faaca3ec0ae9a)

running 8 tests
test a_single_rank_mesh_is_a_mesh ... ok
test an_omitted_axis_is_the_same_type_as_a_degree_of_one ... ok
test a_hybrid_mesh_multiplies_its_three_axes ... ok
test the_three_valid_three_gpu_topologies_are_all_three_rank_meshes ... ok
test the_world_constant_is_the_projection_of_the_world_type ... ok
test two_meshes_with_one_world_size_keep_their_own_degrees ... ok
test every_mesh_case_names_the_rule_it_pins ... ok
    Checking incin-core-tests v0.0.0 (/home/xupremix/Projects/incin/target/tests/trybuild/incin-core)
    Finished `dev` profile [unoptimized + debuginfo] target(s) in 0.12s


test tests/mesh_compile_fail/mesh_axes_out_of_order.rs ... ok
test tests/mesh_compile_fail/mesh_world_size_mismatch.rs ... ok
test tests/mesh_compile_fail/mesh_zero_axis.rs ... ok


test the_mesh_rejections_are_compile_errors ... ok

test result: ok. 8 passed; 0 failed; 0 ignored; 0 measured; 0 filtered out; finished in 0.51s

     Running tests/model_stats.rs (target/debug/deps/model_stats-c9b3b87e8327264e)

running 6 tests
test linear_stats_match_hand_computed_formula ... ok
test sequential_with_an_activation_sums_correctly_and_the_activation_contributes_nothing ... ok
test conv2d_params_are_exact_but_macs_are_the_documented_v1_gap ... ok
test mlp_stats_scale_macs_with_batch_but_not_params ... ok
test mlp_stats_match_the_growth_docs_own_worked_example ... ok
test summary_with_stats_appends_a_readable_totals_footer ... ok

test result: ok. 6 passed; 0 failed; 0 ignored; 0 measured; 0 filtered out; finished in 0.00s

     Running tests/named_dims.rs (target/debug/deps/named_dims-ba28369b9ccc794c)

running 21 tests
test keepdim_rebinds_a_named_axis_to_static_one ... ok
test concrete_static_named_extents_participate_in_element_count_arithmetic ... ok
test named_axis_macro_expands_to_the_runtime_lookup_selector ... ok
test named_broadcast_output_preserves_the_semantic_axis ... ok
test named_lookup_distinguishes_same_spelling_in_different_schemas ... ok
test named_lookup_resolves_current_position_without_storing_one ... ok
test named_runtime_keepdim_rebinds_runtime_extent_to_one ... ok
test axis_keys_are_schema_qualified_without_module_paths ... ok
test named_lookup_rejects_missing_and_duplicate_names ... ok
test named_static_keepdim_rebinds_only_extent ... ok
test named_tags_are_zero_sized_semantic_metadata ... ok
test named_tags_have_schema_local_identity_ids ... ok
test named_static_broadcast_retains_proof_in_reverse_order_and_with_anonymous_one ... ok
test named_static_extents_are_distinct_semantic_axes ... ok
test named_runtime_axes_are_stored_in_shape_buf ... ok
test named_static_broadcast_retains_static_extent_proof ... ok
test reduction_rules_reject_axes_that_do_not_match_the_structural_cursor ... ok
test transpose_preserves_the_complete_named_axis_type ... ok
test named_selector_reaches_the_canonical_reduction_descriptor ... ok
test structural_sum_rules_preserve_typed_outputs ... ok
test runtime_reduction_validates_axes_beyond_inline_storage ... ok

test result: ok. 21 passed; 0 failed; 0 ignored; 0 measured; 0 filtered out; finished in 0.00s

     Running tests/nn_components.rs (target/debug/deps/nn_components-c19a3e1cdbcbfefd)

running 5 tests
test test_dropout ... ok
test test_lr_schedulers ... ok
test test_rms_norm_static ... ok
test test_structural_reduction_static ... ok
test test_nn_layers_accept_structural_shapes ... ok

test result: ok. 5 passed; 0 failed; 0 ignored; 0 measured; 0 filtered out; finished in 0.00s

     Running tests/nograd_records_nothing.rs (target/debug/deps/nograd_records_nothing-fefae932e0e8bf11)

running 20 tests
test combining_two_modes_takes_the_stricter_one ... ok
test a_fresh_thread_permits_recording ... ok
test each_marker_derives_the_mode_its_name_promises ... ok
test a_context_carries_the_mode_it_was_built_with ... ok
test an_explicit_scope_does_re_enable_recording ... ok
test nested_scopes_restore_their_enclosing_mode_not_the_default ... ok
test restrict_tightens_and_never_loosens ... ok
test a_no_grad_scope_leaves_the_other_policy_axes_alone ... ok
test the_mode_cannot_disagree_with_requires_grad ... ok
test one_threads_no_grad_scope_is_invisible_to_another ... ok
test a_panic_out_of_a_no_grad_scope_does_not_poison_the_thread ... ok
test detach_and_require_grad_mint_fresh_tape_identities ... ok
test a_mixed_binary_operation_records_when_any_operand_requires_grad ... ok
test mixed_binary_output_is_grad_regardless_of_operand_order ... ok
test the_index_returning_reductions_record_nothing_even_on_grad_tensors ... ok
test a_dyn_tensor_records_according_to_its_runtime_flag ... ok
test a_no_grad_scope_silences_a_grad_chain ... ok
test a_grad_chain_records_and_a_nograd_chain_records_nothing ... ok
test silencing_the_tape_does_not_change_what_the_forward_pass_computes ... ok
test backward_still_reaches_the_parameters_it_did_before ... ok

test result: ok. 20 passed; 0 failed; 0 ignored; 0 measured; 0 filtered out; finished in 0.01s

     Running tests/operation_inventory.rs (target/debug/deps/operation_inventory-9f0da38cedd81631)

running 4 tests
test every_stable_operation_family_is_represented ... ok
test no_catalog_row_is_a_broad_family_identity ... ok
test operation_inventory_document_matches_the_catalog ... ok
test legacy_operation_families_are_absent_from_production_source ... ok

test result: ok. 4 passed; 0 failed; 0 ignored; 0 measured; 0 filtered out; finished in 0.13s

     Running tests/pipeline.rs (target/debug/deps/pipeline-d8de26973f64a3b6)

running 5 tests
test dyn_rejects_every_static_dtype_violation_and_runtime_geometry_error ... ok
test static_one_f_one_b_reduces_peak_activation_residency ... ok
test static_and_dyn_rank_plans_agree_but_semantic_drift_does_not ... ok
test static_gpipe_has_global_send_recv_descriptors_and_exact_bubbles ... ok
    Checking incin-core-tests v0.0.0 (/home/xupremix/Projects/incin/target/tests/trybuild/incin-core)
    Finished `dev` profile [unoptimized + debuginfo] target(s) in 0.13s


test tests/pipeline_compile_fail/integer_dtype.rs ... ok
test tests/pipeline_compile_fail/too_many_static_microbatches.rs ... ok
test tests/pipeline_compile_fail/wrong_mesh.rs ... ok
test tests/pipeline_compile_fail/zero_microbatches.rs ... ok


test static_pipeline_contract_rejections_are_compile_errors ... ok

test result: ok. 5 passed; 0 failed; 0 ignored; 0 measured; 0 filtered out; finished in 0.56s

     Running tests/placement_rules.rs (target/debug/deps/placement_rules-bb8d0e3207f5f946)

running 16 tests
test complete_and_elementwise_bounds_accept_the_supported_families ... ok
test legal_transitions_name_exactly_the_data_movement_they_require ... ok
test marker_implementations_do_not_require_traits_from_the_mesh_type ... ok
test a_partial_value_becomes_complete_only_through_its_collective_transition ... ok
test every_typestate_has_one_runtime_projection ... ok
test a_runtime_resolved_dimension_uses_the_same_exact_division_rule ... ok
test a_valid_transition_mints_an_inspectable_distributed_proof ... ok
test distributed_lowering_rejects_metadata_that_does_not_match_its_types ... ok
test local_shape_cardinality_is_derived_from_the_logical_mesh ... ok
test pipeline_lowering_checks_the_index_encoded_by_the_typestate ... ok
test pipeline_indices_are_checked_against_the_runtime_mesh_degree ... ok
test runtime_selected_transitions_match_the_static_legal_transition_table ... ok
test runtime_shard_rejections_are_specific ... ok
test static_shard_divisibility_exposes_the_integral_local_extent ... ok
test every_placement_case_names_the_rule_it_pins ... ok
    Checking incin-core-tests v0.0.0 (/home/xupremix/Projects/incin/target/tests/trybuild/incin-core)
    Finished `dev` profile [unoptimized + debuginfo] target(s) in 0.13s


test tests/placement_compile_fail/cross_mesh_transition.rs ... ok
test tests/placement_compile_fail/illegal_partial_transition.rs ... ok
test tests/placement_compile_fail/partial_is_not_complete.rs ... ok
test tests/placement_compile_fail/pipeline_stage_transition_is_explicit.rs ... ok
test tests/placement_compile_fail/shard_not_divisible.rs ... ok
test tests/placement_compile_fail/validated_distributed_fields_are_private.rs ... ok
test tests/placement_compile_fail/validated_distributed_new_is_private.rs ... ok


test placement_rejections_are_compile_errors ... ok

test result: ok. 16 passed; 0 failed; 0 ignored; 0 measured; 0 filtered out; finished in 0.55s

     Running tests/placement_tensor.rs (target/debug/deps/placement_tensor-ac7d49a861011b75)

running 11 tests
test local_placement_metadata_remains_zero_sized ... ok
test every_placed_tensor_compile_failure_names_its_rule ... ok
test static_global_shape_is_validated_before_placement_metadata_is_minted ... ok
test distributed_construction_rejects_integer_gradient_tracking ... ok
test structural_reshape_retains_static_placement_metadata ... ok
test dyn_shape_dtype_and_placement_are_checked_at_runtime ... ok
test dyn_reshard_uses_the_runtime_legal_transition_table ... ok
test static_reshard_requires_both_the_trait_proof_and_matching_runtime_storage ... ok
test dyn_metadata_mismatches_are_rejected_before_a_tensor_is_minted ... ok
test a_static_placed_tensor_keeps_global_and_rank_local_shapes_distinct ... ok
    Checking incin-core-tests v0.0.0 (/home/xupremix/Projects/incin/target/tests/trybuild/incin-core)
    Finished `dev` profile [unoptimized + debuginfo] target(s) in 0.12s


test tests/placement_tensor_compile_fail/illegal_static_reshard.rs ... ok


test illegal_static_reshards_are_compile_errors ... ok

test result: ok. 11 passed; 0 failed; 0 ignored; 0 measured; 0 filtered out; finished in 0.57s

     Running tests/plan_tuning.rs (target/debug/deps/plan_tuning-810472708cdee52f)

running 0 tests

test result: ok. 0 passed; 0 failed; 0 ignored; 0 measured; 0 filtered out; finished in 0.00s

     Running tests/precision_policy.rs (target/debug/deps/precision_policy-5b10b1acbc05df13)

running 4 tests
test dynamic_loss_scaling_state_growth_and_overflow_backoff ... ok
test precision_policy_presets_and_construction ... ok
test resolve_precision_native_success ... ok
test resolve_precision_exact_mismatch_returns_unsupported_precision ... ok

test result: ok. 4 passed; 0 failed; 0 ignored; 0 measured; 0 filtered out; finished in 0.00s

     Running tests/proof_provenance.rs (target/debug/deps/proof_provenance-4c458d3b761fff5b)

running 12 tests
test a_dynamic_operand_dominates_everything ... ok
test a_level_renders_as_a_word_a_diagnostic_can_use ... ok
test a_rank_one_static_shape_is_still_static ... ok
test a_scalar_is_static_because_it_has_no_axis_to_be_dynamic ... ok
test a_shape_written_entirely_in_typenum_is_fully_proved ... ok
test an_operation_is_only_as_proved_as_its_weakest_operand ... ok
test an_unranked_shape_settles_nothing_in_advance ... ok
test a_single_runtime_axis_is_enough_to_weaken_the_shape ... ok
test folding_three_operands_matches_the_conv_case_the_rfc_could_not_express ... ok
test naming_an_axis_types_it_without_sizing_it ... ok
test of_is_usable_in_a_const_so_a_backend_can_branch_at_compile_time ... ok
test the_ordering_runs_strongest_to_weakest ... ok

test result: ok. 12 passed; 0 failed; 0 ignored; 0 measured; 0 filtered out; finished in 0.00s

     Running tests/proof_reaches_the_backend.rs (target/debug/deps/proof_reaches_the_backend-4d016cddac534715)

running 5 tests
test a_static_shape_reaches_the_backend_as_static ... ok
test the_evidence_free_entry_point_still_claims_nothing ... ok
test adversarial_shape_mismatch_never_reaches_backend ... ok
test a_dynamic_shape_reaches_the_backend_as_dynamic ... ok
test a_partial_shape_reaches_the_backend_as_mixed ... ok

test result: ok. 5 passed; 0 failed; 0 ignored; 0 measured; 0 filtered out; finished in 0.00s

     Running tests/rank_matrix.rs (target/debug/deps/rank_matrix-56e1b08eaffb33c9)

running 4 tests
test structural_broadcast_and_matmul_retain_output_types ... ok
test structural_shapes_have_no_frontend_rank_ladder ... ok
test structural_static_numel_is_folded_without_generated_ranks ... ok
test high_rank_structural_operations_are_exercised_without_rank_ladders ... ok

test result: ok. 4 passed; 0 failed; 0 ignored; 0 measured; 0 filtered out; finished in 0.00s

     Running tests/reshape.rs (target/debug/deps/reshape-b5e1f124b9607016)

running 2 tests
test test_try_reshape_dynamic ... ok
test test_reshape_static_success ... ok

test result: ok. 2 passed; 0 failed; 0 ignored; 0 measured; 0 filtered out; finished in 0.00s

     Running tests/runtime_dtype_contract.rs (target/debug/deps/runtime_dtype_contract-109be478c8aee245)

running 5 tests
test test_builtin_compatibility ... ok
test test_capability_contract ... ok
test test_precision_contract ... ok
test test_dyn_dtype_contract ... ok
test test_tensor_meta_contract ... ok

test result: ok. 5 passed; 0 failed; 0 ignored; 0 measured; 0 filtered out; finished in 0.00s

     Running tests/shape_buf.rs (target/debug/deps/shape_buf-764e4349ca3ef89e)

running 17 tests
test a_zero_dimension_holds_no_elements_and_spans_nothing ... ok
test an_empty_tensor_is_empty_however_large_its_other_axes_are ... ok
test broadcast_strides_span_less_than_the_element_count ... ok
test is_contiguous_for_is_false_on_a_transposed_view ... ok
test nothing_derived_is_cached ... ok
test overflow_terms_are_named_distinctly ... ok
test scalar_shape_holds_one_element ... ok
test span_rejects_a_stride_buffer_of_the_wrong_rank ... ok
test spill_boundary_is_exactly_inline_rank ... ok
test push_and_pop_round_trip_across_the_boundary ... ok
test dims_round_trip_across_the_spill_boundary ... ok
test representation_does_not_affect_equality ... ok
test byte_len_overflows_separately_from_element_count ... ok
test numel_agrees_with_u128_and_reports_overflow ... ok
test span_agrees_with_u128 ... ok
test contiguous_strides_agree_with_u128_and_report_overflow ... ok
test numel_does_not_depend_on_axis_order ... ok

test result: ok. 17 passed; 0 failed; 0 ignored; 0 measured; 0 filtered out; finished in 0.01s

     Running tests/shape_errors.rs (target/debug/deps/shape_errors-c1754fd6a30022c0)

running 14 tests
test dimension_mismatch_renders ... ok
test every_axis_renders ... ok
test every_dimension_constraint_renders ... ok
test axis_accessor_is_some_only_for_axis_variants ... ok
test arithmetic_overflow_renders ... ok
test every_rank_expectation_renders ... ok
test invalid_axis_range_renders ... ok
test empty_output_renders ... ok
test invalid_parameter_renders ... ok
test operation_accessor_covers_every_variant ... ok
test operation_names_are_unique_and_lowercase ... ok
test rank_mismatch_renders ... ok
test shape_errors_are_copy_and_allocation_free ... ok
test shape_error_converts_into_the_crate_error ... ok

test result: ok. 14 passed; 0 failed; 0 ignored; 0 measured; 0 filtered out; finished in 0.00s

     Running tests/shape_fallible.rs (target/debug/deps/shape_fallible-19deca23d0c170b3)

running 15 tests
test a_target_shape_that_rejects_its_dims_reports_rather_than_panics ... ok
test broadcasting_a_size_one_axis_against_a_size_zero_one_yields_zero ... ok
test dyn_matmul_contracts_batched_operands ... ok
test broadcast_accepts_the_numpy_compatible_cases ... ok
test a_matrix_times_a_vector_is_a_vector ... ok
test broadcast_right_aligns_operands_of_different_rank ... ok
test broadcast_reports_the_axis_that_disagreed ... ok
test dyn_broadcast_reports_a_right_aligned_axis_index ... ok
test dyn_matmul_no_longer_returns_a_sentinel_empty_shape ... ok
test dynamic_matmul_requires_explicit_flattening ... ok
test matmul_accepts_an_agreeing_contraction ... ok
test matmul_rejects_a_disagreeing_contraction ... ok
test every_fallible_shape_path_routes_into_the_crate_error ... ok
test shape_value_rejects_invalid_static_dimensions_before_minting_proof ... ok
test structural_shape_resolution_rejects_bad_runtime_arguments_without_panicking ... ok

test result: ok. 15 passed; 0 failed; 0 ignored; 0 measured; 0 filtered out; finished in 0.00s

     Running tests/spatial_geometry.rs (target/debug/deps/spatial_geometry-516f906de49c8fd7)

running 17 tests
test a_fully_static_shape_still_agrees_with_its_type_level_output ... ok
test a_kernel_that_does_not_fit_reports_an_empty_output ... ok
test a_unit_kernel_with_unit_stride_is_the_identity ... ok
test adaptive_pool_rejects_a_zero_output_extent ... ok
test adaptive_pool_fixes_the_output_extent ... ok
test conv1d_computes_the_runtime_length_dim ... ok
test conv2d_computes_runtime_spatial_dims_and_keeps_out_channels ... ok
test dyn_conv1d_handles_both_accepted_ranks ... ok
test a_zero_sized_input_axis_cannot_be_pooled ... ok
test dyn_conv2d_handles_both_accepted_ranks ... ok
test dyn_pool2d_handles_both_accepted_ranks ... ok
test dyn_pool2d_propagates_a_kernel_that_does_not_fit ... ok
test dyn_rules_reject_a_rank_they_cannot_handle ... ok
test overflowing_terms_are_named_individually ... ok
test pool2d_computes_runtime_spatial_dims ... ok
test zero_valued_parameters_are_rejected_by_name ... ok
test out_size_matches_the_reference_formula ... ok

test result: ok. 17 passed; 0 failed; 0 ignored; 0 measured; 0 filtered out; finished in 0.00s

     Running tests/stable_shape_algebra.rs (target/debug/deps/stable_shape_algebra-b3f64fdf4b207c9d)

running 26 tests
test generic_typenum_rank_arithmetic_is_structural ... ok
test invalid_static_arithmetic_is_not_reported_as_static_knowledge ... ok
test structural_flatten_collapses_an_arbitrary_cursor_range ... ok
test invalid_symbolic_dimensions_are_zst_specs_not_panic_values ... ok
test test_axis_selector_macro_and_cursors ... ok
test generic_typenum_ranked_shape_preserves_rank_without_a_rank_ladder ... ok
test test_backend_rank_support ... ok
test test_const_dim_and_extent_classification ... ok
test structural_swap_moves_complete_dimension_metadata_at_rank_three ... ok
test test_derived_dimension_argument_validation_is_fallible ... ok
test test_derived_symbolic_dimensions ... ok
test test_descriptor_axis_mask_and_axis_set_above_31 ... ok
test test_generic_array_shapes_unlimited_rank ... ok
test test_named_dim_tag_extent_orthogonality ... ok
test test_recursive_fixed_rank_dim_cons ... ok
test test_static_axis_macro_type_preservation ... ok
test test_static_cursor_types ... ok
test repeat_rejects_a_repeat_vector_with_the_wrong_rank ... ok
test descriptor_reduction_accepts_axis_seventy ... ok
test test_high_rank_tensor_creation ... ok
test exact_tracing_records_canonical_unary_and_shape_descriptors ... ok
test structural_operations_compile_at_rank_16_64_and_200 ... ok
test exact_tracing_records_boolean_comparison_output_dtype ... ok
test exact_tracing_reduction_keeps_canonical_axis_descriptor ... ok
test exact_tracing_dispatch_unwraps_inner_storage_and_records_the_descriptor ... ok
test typed_tracing_preserves_runtime_and_static_input_axes ... ok

test result: ok. 26 passed; 0 failed; 0 ignored; 0 measured; 0 filtered out; finished in 0.00s

     Running tests/tensor_parallel.rs (target/debug/deps/tensor_parallel-5ce4083f8d68532f)

running 5 tests
test identities_empty_duplicate_and_bad_rank_are_structured_errors ... ok
test equal_network_ranks_preflight_and_semantic_reordering_does_not ... ok
test dyn_checks_dtype_divisibility_axis_and_overflow_before_planning ... ok
test static_column_row_and_attention_have_exact_tp2_semantics ... ok
    Checking incin-core-tests v0.0.0 (/home/xupremix/Projects/incin/target/tests/trybuild/incin-core)
    Finished `dev` profile [unoptimized + debuginfo] target(s) in 0.12s


test tests/tensor_parallel_compile_fail/integer_value.rs ... ok
test tests/tensor_parallel_compile_fail/nondivisible_attention_heads.rs ... ok
test tests/tensor_parallel_compile_fail/nondivisible_column_linear.rs ... ok
test tests/tensor_parallel_compile_fail/nondivisible_row_linear.rs ... ok
test tests/tensor_parallel_compile_fail/wrong_mesh.rs ... ok


test static_tp_contract_rejections_are_compile_errors ... ok

test result: ok. 5 passed; 0 failed; 0 ignored; 0 measured; 0 filtered out; finished in 0.53s

     Running unittests src/lib.rs (target/debug/deps/incin_data-d1acf37719290cbe)

running 22 tests
test loader::tests::zero_batch_size_is_a_typed_construction_error ... ok
test loader::tests::dataset_errors_are_not_treated_as_end_of_data ... ok
test loader::tests::zero_worker_iterator_fetches_only_the_next_batch ... ok
test loader::tests::single_threaded_exact_division_produces_no_short_final_batch ... ok
test loader::tests::empty_dataset_produces_zero_batches ... ok
test loader::tests::single_threaded_yields_every_item_in_order_when_not_shuffled ... ok
test loader::tests::collate_function_is_actually_invoked_per_batch ... ok
test loader::tests::batch_size_larger_than_dataset_produces_one_short_batch ... ok
test loader::tests::collate_panics_are_explicit_iterator_errors ... ok
test loader::tests::shuffle_preserves_the_full_set_of_items_just_reorders_them ... ok
test transforms::tests::test_center_crop_transform ... ok
test transforms::tests::test_scale_transform ... ok
test vision::mnist::tests::validated_parts_preserve_split_and_checked_indexing ... ok
test vision::mnist::tests::validated_parts_reject_mismatched_image_and_label_counts ... ok
test transforms::tests::test_normalize_transform ... ok
test loader::tests::more_workers_than_batches_does_not_hang_or_lose_items ... ok
test loader::tests::builder_controls_drop_last_and_deterministic_shuffle ... ok
test vision::mnist::tests::validated_parts_reject_non_digit_labels ... ok
test loader::tests::worker_panics_are_explicit_iterator_errors ... ok
test loader::tests::multi_worker_yields_every_item_exactly_once_no_duplicates_no_drops ... ok
test loader::tests::multi_worker_with_shuffle_still_covers_every_item_exactly_once ... ok
test loader::tests::worker_timeout_is_an_explicit_iterator_error ... ok

test result: ok. 22 passed; 0 failed; 0 ignored; 0 measured; 0 filtered out; finished in 0.03s

     Running unittests src/lib.rs (target/debug/deps/incin_diagnostics-56e5d77c86f96ec3)

running 32 tests
test tests::test_humanize_diagnostic_wraps_translate_typenum_text ... ok
test tests::test_humanize_inlay_label_keeps_backend_by_default ... ok
test tests::test_humanize_inlay_label_rewrites_non_tensor_struct_types_generically ... ok
test tests::test_humanize_inlay_label_passes_through_non_tensor_labels_unchanged ... ok
test tests::test_humanize_inlay_label_handles_nested_angle_brackets_in_backend_param ... ok
test tests::test_humanize_inlay_label_recovers_truncated_hint_via_stripped_text_edit ... ok
test tests::test_expand_type_file_notes_reads_and_humanizes_file ... ok
test tests::test_matmul_mismatch_render_points_at_conflicting_dims_and_suggests_fix ... ok
test tests::test_humanize_inlay_label_shortens_backend_when_requested ... ok
test tests::test_parse_broadcast_mismatch ... ok
test tests::test_parse_concat_mismatch ... ok
test tests::test_parse_conv1d_mismatch ... ok
test tests::test_parse_flatten_mismatch ... ok
test tests::test_parse_conv2d_mismatch ... ok
test tests::test_parse_matmul_mismatch_extracts_conflicting_inner_dims ... ok
test tests::test_humanize_inlay_label_strips_trailing_comma_on_rank_one_shape ... ok
test tests::test_parse_matmul_mismatch_handles_batched_lhs_shape ... ok
test tests::test_parse_medium_prio_diagnostics ... ok
test tests::test_parse_matmul_mismatch_returns_none_for_unrelated_text ... ok
test tests::test_parse_module_forward_mismatch ... ok
test tests::test_parse_matmul_mismatch_returns_none_when_inner_dims_already_match ... ok
test tests::test_parse_pool2d_mismatch ... ok
test tests::test_parse_reduce_dim_mismatch ... ok
test tests::test_parse_matmul_mismatch_finds_message_embedded_in_full_rendered_diagnostic ... ok
test tests::test_parse_reshape_mismatch ... ok
test tests::test_parse_shape_eq_mismatch ... ok
test tests::test_parse_single_typenum ... ok
test tests::test_parse_slice_mismatch ... ok
test tests::test_parse_transpose_mismatch ... ok
test tests::test_strip_path_qualifiers_collapses_qualified_paths ... ok
test tests::test_translate_typenum_text_does_not_corrupt_nested_reoccurring_expressions ... ok
test tests::test_translate_typenum_text_with_hints ... ok

test result: ok. 32 passed; 0 failed; 0 ignored; 0 measured; 0 filtered out; finished in 0.00s

     Running unittests src/lib.rs (target/debug/deps/incin_lsp-03b5c8939a90d315)

running 19 tests
test config::tests::from_env_defaults_and_overrides ... ok
test frame::tests::content_length_header_is_a_byte_count_not_a_char_count ... ok
test frame::tests::ignores_unrelated_headers_before_content_length ... ok
test frame::tests::returns_none_on_clean_eof ... ok
test frame::tests::round_trips_a_simple_ascii_message ... ok
test frame::tests::missing_content_length_is_an_error_not_a_panic ... ok
test rewrite::tests::diagnostic_with_no_typenum_content_gets_no_related_information ... ok
test rewrite::tests::hover_response_not_rewritten_when_hints_disabled ... ok
test rewrite::tests::diagnostic_pull_response_unchanged_report_has_no_items_to_rewrite ... ok
test rewrite::tests::hints_disabled_leaves_inlay_hint_response_unrewritten ... ok
test rewrite::tests::hover_response_humanizes_markup_content_and_appends_legend ... ok
test rewrite::tests::inlay_hint_label_parts_array_form_is_rewritten ... ok
test rewrite::tests::inlay_hint_response_respects_shorten_backend_flag ... ok
test rewrite::tests::inlay_hint_response_recovers_truncated_label_from_text_edit ... ok
test rewrite::tests::inlay_hint_response_is_only_rewritten_after_a_matching_request_was_observed ... ok
test rewrite::tests::diagnostic_pull_response_full_report_is_humanized ... ok
test rewrite::tests::unrelated_notification_is_not_rewritten ... ok
test rewrite::tests::ordinary_response_without_a_tracked_id_is_not_rewritten ... ok
test rewrite::tests::publish_diagnostics_message_is_humanized_and_hints_appended ... ok

test result: ok. 19 passed; 0 failed; 0 ignored; 0 measured; 0 filtered out; finished in 0.00s

     Running unittests src/main.rs (target/debug/deps/incin_lsp-b43d88d18734a360)

running 0 tests

test result: ok. 0 passed; 0 failed; 0 ignored; 0 measured; 0 filtered out; finished in 0.00s

     Running tests/proxy_integration.rs (target/debug/deps/proxy_integration-55ea8d4e9264fad2)

running 1 test
test proxy_rewrites_diagnostics_and_hints_but_passes_everything_else_through_byte_identical ... ok

test result: ok. 1 passed; 0 failed; 0 ignored; 0 measured; 0 filtered out; finished in 0.01s

     Running unittests src/lib.rs (target/debug/deps/incin_macros-e559e4235f4d7993)

running 9 tests
test onnx::tests::initializers_are_not_represented_by_zero_filled_parameters ... ok
test onnx::tests::negative_dimension_is_a_precise_metadata_error ... ok
test safetensors::tests::malformed_tensor_path_segments_are_diagnostics_not_panics ... ok
test onnx::tests::unknown_rank_remains_unknown_and_fails_static_expansion ... ok
test onnx::tests::unsupported_nodes_report_identity_operation_domain_and_opset ... ok
test onnx::tests::malformed_node_arity_is_rejected_before_codegen ... ok
test safetensors::tests::numeric_tensor_path_segment_gets_a_valid_field_name ... ok
test onnx::tests::if_and_loop_fail_during_expansion_with_complete_node_identity ... ok
test onnx::tests::supported_expansion_has_no_weight_loading_claim_or_runtime_panic ... ok

test result: ok. 9 passed; 0 failed; 0 ignored; 0 measured; 0 filtered out; finished in 0.00s

     Running tests/distributed_macro_suite.rs (target/debug/deps/distributed_macro_suite-a7bb04053bfd6f17)

running 0 tests

test result: ok. 0 passed; 0 failed; 0 ignored; 0 measured; 0 filtered out; finished in 0.00s

     Running tests/distributed_main.rs (target/debug/deps/distributed_main-8150dcc744796867)

running 1 test
test test_distributed_main_execution ... ok

test result: ok. 1 passed; 0 failed; 0 ignored; 0 measured; 0 filtered out; finished in 0.00s

     Running tests/macro_suite.rs (target/debug/deps/macro_suite-654635839effe3a9)

running 4 tests
test every_policy_category_is_covered ... ok
test compile_fail_cases_fail_for_their_stated_reason ... ok
test invoking_the_macros_leaves_a_file_formattable ... ok
   Compiling incin-macros-tests v0.0.0 (/home/xupremix/Projects/incin/target/tests/trybuild/incin-macros)
    Finished `dev` profile [unoptimized + debuginfo] target(s) in 0.35s


test tests/compile_pass/hygiene.rs [should pass] ... ok
test tests/compile_pass/idx_grammar.rs [should pass] ... ok
test tests/compile_pass/mesh_grammar.rs [should pass] ... ok
test tests/compile_pass/module_arguments.rs [should pass] ... ok
test tests/compile_pass/named_axis.rs [should pass] ... ok
test tests/compile_pass/rename.rs [should pass] ... ok
test tests/compile_pass/rustfmt_fixture.rs [should pass] ... ok
test tests/compile_pass/s_grammar.rs [should pass] ... ok
test tests/compile_fail/idx_rejects_a_qualified_named_dim.rs [should fail to compile] ... ok
test tests/compile_fail/idx_rejects_an_open_ended_range.rs [should fail to compile] ... ok
test tests/compile_fail/mesh_rejects_duplicate_axis.rs [should fail to compile] ... ok
test tests/compile_fail/mesh_rejects_unknown_axis.rs [should fail to compile] ... ok
test tests/compile_fail/mesh_rejects_zero_degree.rs [should fail to compile] ... ok
test tests/compile_fail/module_rejects_a_non_struct.rs [should fail to compile] ... ok
test tests/compile_fail/module_rejects_an_invalid_state_component.rs [should fail to compile] ... ok
test tests/compile_fail/module_rejects_an_unknown_argument.rs [should fail to compile] ... ok
test tests/compile_fail/s_rejects_a_non_path_dim.rs [should fail to compile] ... ok
test tests/compile_fail/s_rejects_a_repeat_without_a_count.rs [should fail to compile] ... ok


test compile_pass_and_compile_fail ... ok

test result: ok. 4 passed; 0 failed; 0 ignored; 0 measured; 0 filtered out; finished in 6.72s

     Running tests/mesh_macro.rs (target/debug/deps/mesh_macro-8b0ea5c4af7440cf)

running 1 test
test test_mesh_macro_expansion ... ok

test result: ok. 1 passed; 0 failed; 0 ignored; 0 measured; 0 filtered out; finished in 0.00s

     Running tests/parallel_attrs.rs (target/debug/deps/parallel_attrs-3c57a85be45e1a1c)

running 2 tests
test parallel_and_shard_field_attributes_pass ... ok
    Checking bytes v1.12.0
    Checking pin-project-lite v0.2.16
    Checking futures-core v0.3.32
    Checking memchr v2.7.6
    Checking futures-sink v0.3.32
    Checking zerocopy v0.8.31
    Checking mio v1.2.1
    Checking socket2 v0.6.4
    Checking slab v0.4.12
    Checking zerofrom v0.1.6
    Checking serde v1.0.228
    Checking litemap v0.8.2
    Checking writeable v0.6.3
    Checking smallvec v1.15.2
    Checking futures-task v0.3.32
    Checking futures-io v0.3.32
    Checking zeroize v1.9.0
    Checking percent-encoding v2.3.2
    Checking futures-channel v0.3.32
    Checking yoke v0.8.1
    Checking byteorder v1.5.0
    Checking untrusted v0.9.0
    Checking icu_normalizer_data v2.1.1
    Checking rustls-pki-types v1.15.0
    Checking icu_properties_data v2.1.2
    Checking httparse v1.10.1
    Checking tracing-core v0.1.36
    Checking fnv v1.0.7
    Checking try-lock v0.2.5
    Checking ring v0.17.14
    Checking tower-service v0.3.3
    Checking zerovec v0.11.5
    Checking zerotrie v0.2.3
    Checking subtle v2.6.1
    Checking base64 v0.22.1
    Checking atomic-waker v1.1.2
    Checking want v0.3.1
    Checking bytemuck v1.25.0
    Checking thiserror v2.0.18
    Checking form_urlencoded v1.2.2
    Checking utf8_iter v1.0.4
    Checking hash32 v0.2.1
    Checking getrandom v0.3.4
    Checking sync_wrapper v1.0.2
    Checking tower-layer v0.3.3
    Checking futures-util v0.3.32
    Checking serde_json v1.0.150
    Checking webpki-roots v1.0.8
    Checking ipnet v2.12.0
    Checking adler2 v2.0.1
    Checking simd-adler32 v0.3.9
    Checking rand_core v0.9.3
    Checking http v1.4.2
    Checking tokio v1.52.3
    Checking crc32fast v1.5.0
    Checking cobs v0.3.0
    Checking tracing v0.1.44
    Checking option-ext v0.2.0
    Checking ryu v1.0.20
    Checking heapless v0.7.17
    Checking unicode-width v0.2.2
    Checking bitflags v2.13.0
    Checking miniz_oxide v0.8.9
    Checking dirs-sys v0.5.0
    Checking anyhow v1.0.103
    Checking serde_urlencoded v0.7.1
    Checking prost v0.14.4
    Checking portable-atomic v1.13.1
    Checking socks v0.3.4
    Checking encoding_rs v0.8.35
    Checking console v0.16.4
    Checking tinystr v0.8.2
    Checking potential_utf v0.1.4
    Checking unit-prefix v0.5.2
    Checking mime v0.3.17
    Checking icu_collections v2.1.1
    Checking utf8-zero v0.8.1
    Checking icu_locale_core v2.1.1
    Checking flate2 v1.1.9
    Checking dirs v6.0.0
    Checking num_cpus v1.17.0
    Checking unicode-ident v1.0.22
    Checking bytes v0.5.6
    Checking incin-diagnostics v0.0.0 (/home/xupremix/Projects/incin/crates/incin-diagnostics)
    Checking proc-macro2 v1.0.106
    Checking postcard v1.1.3
    Checking http-body v1.0.1
    Checking ureq-proto v0.6.0
    Checking safetensors v0.4.5
    Checking indicatif v0.18.6
    Checking http-body-util v0.1.3
    Checking prost v0.6.1
    Checking rustls-webpki v0.103.13
    Checking quote v1.0.46
    Checking syn v2.0.118
    Checking icu_provider v2.1.1
    Checking onnx-pb v0.1.4
    Checking ppv-lite86 v0.2.21
    Checking half v2.7.1
    Checking ahash v0.8.12
    Checking hashbrown v0.14.5
    Checking icu_normalizer v2.1.1
    Checking icu_properties v2.1.2
    Checking rustls v0.23.41
    Checking digit-layout v0.3.1
    Checking ggml-quants v0.1.0
    Checking rand_chacha v0.3.1
    Checking rand_chacha v0.9.0
    Checking rand v0.9.2
    Checking rand v0.8.6
    Checking incin-core v0.0.0 (/home/xupremix/Projects/incin/crates/incin-core)
    Checking idna_adapter v1.2.1
    Checking idna v1.1.0
    Checking rand_distr v0.4.3
    Checking futures-executor v0.3.32
    Checking futures v0.3.32
    Checking url v2.5.8
    Checking tokio-util v0.7.18
    Checking tower v0.5.3
    Checking tower-http v0.6.11
    Checking h2 v0.4.15
    Checking tokio-rustls v0.26.4
    Checking ureq v3.3.0
    Checking hyper v1.10.1
    Checking hyper-util v0.1.20
    Checking hyper-rustls v0.27.9
    Checking reqwest v0.12.28
    Checking hf-hub v0.5.0
    Checking incin-backends v0.0.0 (/home/xupremix/Projects/incin/crates/incin-backends)
    Checking incin-data v0.0.0 (/home/xupremix/Projects/incin/crates/incin-data)
    Checking incin v0.0.0 (/home/xupremix/Projects/incin/crates/incin)
    Checking incin-macros-tests v0.0.0 (/home/xupremix/Projects/incin/target/tests/trybuild/incin-macros)
    Finished `dev` profile [unoptimized + debuginfo] target(s) in 11.61s


test tests/parallel_attrs_compile_fail/conflicting_attrs.rs ... ok


test parallel_attrs_compile_fail_diagnostics ... ok

test result: ok. 2 passed; 0 failed; 0 ignored; 0 measured; 0 filtered out; finished in 23.46s

     Running tests/parallel_block.rs (target/debug/deps/parallel_block-d10e92cce455d1af)

running 2 tests
test test_parallel_block_simple ... ok
test test_parallel_block_with_mesh ... ok

test result: ok. 2 passed; 0 failed; 0 ignored; 0 measured; 0 filtered out; finished in 0.00s

     Running tests/placement_macro.rs (target/debug/deps/placement_macro-5a0d987aac9f0922)

running 2 tests
test placement_expansion_and_projections ... ok
    Checking incin-macros-tests v0.0.0 (/home/xupremix/Projects/incin/target/tests/trybuild/incin-macros)
    Finished `dev` profile [unoptimized + debuginfo] target(s) in 0.16s


test tests/placement_compile_fail/missing_on_mesh.rs ... ok


test placement_compile_fail_diagnostics ... ok

test result: ok. 2 passed; 0 failed; 0 ignored; 0 measured; 0 filtered out; finished in 0.62s

     Running tests/shape_literal_range.rs (target/debug/deps/shape_literal_range-4f2d74579a5a0ec4)

running 2 tests
test literals_use_recursive_typenum_without_a_finite_alias_table ... ok
test recursive_structural_shape_scales_to_rank_two_hundred ... ok

test result: ok. 2 passed; 0 failed; 0 ignored; 0 measured; 0 filtered out; finished in 0.00s

     Running tests/tensor_macro.rs (target/debug/deps/tensor_macro-5f6edda85eeed492)

running 20 tests
test negative_literals_are_supported ... ok
test mixing_an_int_and_a_float_literal_defaults_to_f32 ... ok
test one_d_float_literal_infers_shape_and_f32 ... ok
test a_numeric_suffix_picks_the_dtype_without_a_clause ... ok
test an_explicit_dtype_clause_overrides_inference ... ok
test leaves_can_be_arbitrary_expressions_not_just_bare_variables ... ok
test nested_literal_infers_a_2d_shape ... ok
test nested_empty_arrays_infer_a_ragged_free_2d_shape ... ok
test bare_integer_literals_default_to_i64 ... ok
test runtime_length_data_goes_through_dyn_directly_not_the_macro ... ok
test a_grad_clause_of_nograd_disables_gradient_tracking ... ok
test empty_literal_is_a_zero_length_tensor_defaulting_to_f32 ... ok
test clauses_can_be_written_in_reverse_order ... ok
test clauses_can_be_written_in_declaration_order ... ok
test plain_variables_are_passed_through_uncast ... ok
test empty_literal_honors_an_explicit_dtype_clause ... ok
test scalar_literal_is_a_rank_one_tensor_of_length_one ... ok
test triple_nested_literal_infers_a_3d_shape ... ok
test without_a_grad_clause_the_default_is_nograd ... ok
    Checking incin-macros-tests v0.0.0 (/home/xupremix/Projects/incin/target/tests/trybuild/incin-macros)
    Finished `dev` profile [unoptimized + debuginfo] target(s) in 0.16s


test tests/tensor_compile_fail/backend_clause_is_gone.rs ... ok
test tests/tensor_compile_fail/conflicting_suffixes.rs ... ok
test tests/tensor_compile_fail/empty_sibling_mismatch.rs ... ok
test tests/tensor_compile_fail/grad_unsupported_marker.rs ... ok
test tests/tensor_compile_fail/mixed_nesting.rs ... ok
test tests/tensor_compile_fail/ragged.rs ... ok
test tests/tensor_compile_fail/runtime_vec_is_one_leaf_not_a_spread.rs ... ok


test tensor_macro_compile_fail_diagnostics ... ok

test result: ok. 20 passed; 0 failed; 0 ignored; 0 measured; 0 filtered out; finished in 0.71s

     Running unittests src/lib.rs (target/debug/deps/incin_telemetry-16932b671b795695)

running 36 tests
test reporter::tests::memory_wrapper_builds_the_expected_event ... ok
test reporter::tests::weight_norm_wrapper_builds_the_expected_event ... ok
test reporter::tests::gradient_norm_wrapper_builds_the_expected_event ... ok
test reporter::tests::scalar_wrapper_builds_the_expected_event ... ok
test err::tests::test_error_formatting ... ok
test run_dir::tests::default_run_dir_errors_when_data_dir_unavailable ... ok
test run_dir::tests::generate_run_id_is_unique_and_valid_uuid ... ok
test events::tests::scalar_event_schema_version_round_trips_through_json ... ok
test reporter::tests::hyperparam_wrapper_builds_the_expected_event ... ok
test run_dir::tests::list_runs_ignores_non_jsonl_files ... ok
test emitter::tests::new_with_tiny_capacities_returns_without_blocking_or_panicking ... ok
test reporter::tests::epoch_wrapper_builds_the_expected_event ... ok
test emitter::tests::priority_event_delivered_even_while_bulk_channel_saturated ... ok
test run_dir::tests::list_runs_returns_exactly_n_entries_for_n_jsonl_files ... ok
test run_dir::tests::list_runs_on_empty_dir_returns_empty_vec ... ok
test transport::file::tests::each_line_ends_with_exactly_one_newline_and_no_embedded_newline ... ok
test transport::file::tests::open_on_nonexistent_path_creates_file_and_succeeds ... ok
test transport::file::tests::second_transport_at_same_path_appends_rather_than_truncates ... ok
test transport::socket::tests::bind_rejects_empty_run_id ... ok
test transport::socket::tests::bind_rejects_overly_long_run_id ... ok
test transport::file::tests::truncated_trailing_line_yields_prior_complete_records_only ... ok
test events::tests::unrecognized_event_type_deserializes_to_unknown ... ok
test transport::socket::tests::bind_rejects_path_like_run_id ... ok
test transport::file::tests::write_event_three_times_round_trips_through_readback ... ok
test transport::file::tests::detach_reattach_sees_all_events_in_order ... ok
test transport::socket::tests::bind_with_fresh_run_id_succeeds_without_blocking ... ok
test transport::socket::tests::write_event_with_zero_clients_connected_succeeds ... ok
test emitter::tests::to_run_dir_creates_a_readable_jsonl_file_at_the_expected_path ... ok
test emitter::tests::to_run_dir_with_none_generates_a_fresh_run_id ... ok
test run_dir::tests::default_run_dir_creates_and_returns_dir ... ok
test run_dir::tests::default_run_dir_path_resolves_without_creating ... ok
test transport::socket::tests::connected_client_receives_byte_identical_jsonl_line_to_file_transport ... ok
test emitter::tests::event_type_routes_to_correct_channel_behavior_under_saturation ... ok
test transport::socket::tests::disconnected_client_is_pruned_without_write_event_returning_err ... ok
test emitter::tests::overflowing_bulk_channel_does_not_block_caller ... ok
test emitter::tests::dropped_count_increments_on_bulk_overflow_and_stays_zero_otherwise ... ok

test result: ok. 36 passed; 0 failed; 0 ignored; 0 measured; 0 filtered out; finished in 5.05s

     Running unittests src/lib.rs (target/debug/deps/incin_viz-4d8ca22f38afd8df)

running 6 tests
test app::tests::default_keymap_resolves_quit_and_focus_keys ... ok
test err::tests::test_error_formatting ... ok
test app::tests::panel_local_panic_marks_crashed_and_retry_recovers ... ok
test dispatch::tests::panicking_panel_render_is_caught ... ok
test transport_reader::tests::partial_line_completes_on_next_poll ... ok
test transport_reader::tests::no_duplicate_events_across_polls ... ok

test result: ok. 6 passed; 0 failed; 0 ignored; 0 measured; 0 filtered out; finished in 0.00s

     Running unittests src/main.rs (target/debug/deps/incin_viz-a168f9f7a50431ff)

running 0 tests

test result: ok. 0 passed; 0 failed; 0 ignored; 0 measured; 0 filtered out; finished in 0.00s

     Running tests/panels.rs (target/debug/deps/panels-9b1408b56608dcd4)

running 6 tests
test loss_panel_handle_event_consumes_nothing ... ok
test panic_test_panel_panics_on_p_in_handle_event ... ok
test panic_test_panel_ignores_other_keys_and_renders_hint ... ok
test loss_panel_reset_clears_accumulated_points ... ok
test loss_panel_renders_waiting_placeholder_when_empty ... ok
test loss_panel_accumulates_only_loss_scalars_and_renders_chart ... ok

test result: ok. 6 passed; 0 failed; 0 ignored; 0 measured; 0 filtered out; finished in 0.01s

     Running unittests src/lib.rs (target/debug/deps/incin_viz_plugin_api-f40ef186c3a42220)

running 0 tests

test result: ok. 0 passed; 0 failed; 0 ignored; 0 measured; 0 filtered out; finished in 0.00s

     Running tests/object_safety.rs (target/debug/deps/object_safety-ee7a7ed8e652b6b1)

running 1 test
test trait_object_safety ... ok

test result: ok. 1 passed; 0 failed; 0 ignored; 0 measured; 0 filtered out; finished in 0.00s

     Running unittests src/main.rs (target/debug/deps/matmul-966fab86056fd9b8)

running 0 tests

test result: ok. 0 passed; 0 failed; 0 ignored; 0 measured; 0 filtered out; finished in 0.00s

     Running unittests src/main.rs (target/debug/deps/named_dims_safety-8c60ed5654c28e0e)

running 0 tests

test result: ok. 0 passed; 0 failed; 0 ignored; 0 measured; 0 filtered out; finished in 0.00s

     Running unittests src/main.rs (target/debug/deps/named_tensors-c22f5b68e8419bed)

running 0 tests

test result: ok. 0 passed; 0 failed; 0 ignored; 0 measured; 0 filtered out; finished in 0.00s

     Running unittests src/main.rs (target/debug/deps/native_training_demo-4d55e747159c8b26)

running 0 tests

test result: ok. 0 passed; 0 failed; 0 ignored; 0 measured; 0 filtered out; finished in 0.00s

     Running unittests src/main.rs (target/debug/deps/tensors-edc40749f58d2d9f)

running 0 tests

test result: ok. 0 passed; 0 failed; 0 ignored; 0 measured; 0 filtered out; finished in 0.00s

     Running unittests src/bin/debug_layout.rs (target/debug/deps/debug_layout-54eeeeb863339622)

running 0 tests

test result: ok. 0 passed; 0 failed; 0 ignored; 0 measured; 0 filtered out; finished in 0.00s

     Running unittests src/main.rs (target/debug/deps/tui_graph_demo-e611e427c9ded5a8)

running 0 tests

test result: ok. 0 passed; 0 failed; 0 ignored; 0 measured; 0 filtered out; finished in 0.00s

     Running unittests src/main.rs (target/debug/deps/xtask-8e5f72dad57b8bcb)

running 21 tests
test budgets::tests::parent_paths_are_rejected ... ok
test docs::tests::a_missing_marker_is_an_error_rather_than_an_append ... ok
test docs::tests::splicing_keeps_the_markers_and_replaces_only_the_body ... ok
test docs::tests::a_feature_reached_through_a_default_is_also_a_default ... ok
test docs::tests::a_cyclic_feature_graph_terminates ... ok
test docs::tests::the_list_joiner_matches_the_prose_it_replaces ... ok
test docs::tests::the_table_marks_a_transitively_enabled_feature_as_a_default ... ok
test docs::tests::a_feature_carries_the_comment_written_above_it ... ok
test docs::tests::the_default_set_is_read_from_the_manifest ... ok
test ledger::tests::ignores_unrelated_markdown_tables ... ok
test ledger::tests::maturity_forbids_core_depending_on_preview ... ok
test docs::tests::every_documented_feature_is_declared_on_one_line ... ok
test ledger::tests::parses_ids_dependencies_and_status ... ok
test ledger::tests::acyclic_graph_reports_nothing ... ok
test ledger::tests::detects_a_cycle ... ok
test budgets::tests::missing_runtime_budget_fails ... ok
test budgets::tests::exceeded_runtime_budget_fails ... ok
test budgets::tests::uninventoried_feature_crate_fails ... ok
test budgets::tests::feature_drift_fails ... ok
test budgets::tests::valid_documents_pass ... ok
test budgets::tests::duplicate_artifact_budget_fails ... ok

test result: ok. 21 passed; 0 failed; 0 ignored; 0 measured; 0 filtered out; finished in 0.01s

   Doc-tests incin

running 2 tests
test crates/incin/src/lib.rs - (line 36) - compile ... ok
test crates/incin/src/lib.rs - (line 16) ... ok

test result: ok. 2 passed; 0 failed; 0 ignored; 0 measured; 0 filtered out; finished in 0.00s

all doctests ran in 1.55s; merged doctests compilation took 1.54s
   Doc-tests incin_backends

running 1 test
test crates/incin-backends/src/detect.rs - detect::detect_device (line 25) ... ok

test result: ok. 1 passed; 0 failed; 0 ignored; 0 measured; 0 filtered out; finished in 0.10s

all doctests ran in 0.65s; merged doctests compilation took 0.53s
   Doc-tests incin_core

running 32 tests
test crates/incin-core/src/nn/rnn.rs - nn::rnn::RNN (line 427) - compile ... ok
test crates/incin-core/src/tensor/auto_device.rs - tensor::auto_device::best_device (line 124) ... ok
test crates/incin-core/src/dist/mesh.rs - dist::mesh::ValidMesh (line 101) ... ok
test crates/incin-core/src/nn/linear.rs - nn::linear::LinearShape (line 27) ... ok
test crates/incin-core/src/dist/mesh.rs - dist::mesh (line 27) ... ok
test crates/incin-core/src/dist/mesh.rs - dist::mesh::MeshSpec (line 78) ... ok
test crates/incin-core/src/shapes/dim.rs - shapes::dim::dim (line 386) ... ok
test crates/incin-core/src/nn/module.rs - nn::module::Module (line 166) ... ok
test crates/incin-core/src/tensor/base.rs - tensor::base::Tensor (line 47) ... ok
test crates/incin-core/src/tensor/base.rs - tensor::base::Tensor (line 58) ... ok
test crates/incin-core/src/tensor/device.rs - tensor::device::DeviceSet (line 627) ... ok
test crates/incin-core/src/nn/module.rs - nn::module::SeqTy (line 662) ... ok
test crates/incin-core/src/nn/linear.rs - nn::linear::LinearBuilder (line 161) ... ok
test crates/incin-core/src/tensor/ops/loss.rs - tensor::ops::loss::Tensor<S,B,K,G>::mse_loss (line 136) ... ok
test crates/incin-core/src/nn/lstm.rs - nn::lstm::LSTMCell (line 289) ... ok
test crates/incin-core/src/tensor/ops/manipulation.rs - tensor::ops::manipulation::Tensor<S,B,K,G,P>::try_narrow (line 615) ... ok
test crates/incin-core/src/tensor/ops/loss.rs - tensor::ops::loss::Tensor<S,B,K,G>::cross_entropy_loss (line 67) ... ok
test crates/incin-core/src/tensor/ops/manipulation.rs - tensor::ops::manipulation::Tensor<S,B,K,G,P>::reshape_idx (line 501) ... ok
test crates/incin-core/src/optim/mod.rs - optim::SGD (line 485) ... ok
test crates/incin-core/src/tensor/ops/manipulation.rs - tensor::ops::manipulation::Tensor<S,B,K,G,P>::reshape (line 440) ... ok
test crates/incin-core/src/tensor/ops/manipulation.rs - tensor::ops::manipulation::Tensor<S,B,K,G,P>::try_squeeze (line 667) ... ok
test crates/incin-core/src/nn/module.rs - nn::module::TrainMode (line 84) ... ok
test crates/incin-core/src/optim/mod.rs - optim::Adam (line 781) ... ok
test crates/incin-core/src/optim/mod.rs - optim::AdamW (line 577) ... ok
test crates/incin-core/src/tensor/ops/manipulation.rs - tensor::ops::manipulation::Tensor<S,B,K,G>::get (line 223) ... ok
test crates/incin-core/src/tensor/ops/manipulation.rs - tensor::ops::manipulation::Tensor<S,B,K,G>::slice (line 204) ... ok
test crates/incin-core/src/tensor/ops/reduce.rs - tensor::ops::reduce::Tensor<S,B,K,G,Local>::max_all (line 343) ... ok
test crates/incin-core/src/tensor/ops/reduce.rs - tensor::ops::reduce::Tensor<S,B,K,G,Local>::mean_all (line 329) ... ok
test crates/incin-core/src/tensor/ops/reduce.rs - tensor::ops::reduce::Tensor<S,B,K,G,Local>::min_all (line 357) ... ok
test crates/incin-core/src/tensor/ops/reduce.rs - tensor::ops::reduce::Tensor<S,B,K,G,Local>::sum_all (line 315) ... ok
test crates/incin-core/src/tensor/ops/unary.rs - tensor::ops::unary::Tensor<S,B,K,G>::add_scalar (line 309) ... ok
test crates/incin-core/src/tensor/ops/unary.rs - tensor::ops::unary::Tensor<S,B,K,G>::mul_scalar (line 283) ... ok

test result: ok. 32 passed; 0 failed; 0 ignored; 0 measured; 0 filtered out; finished in 1.48s

all doctests ran in 9.58s; merged doctests compilation took 8.10s
   Doc-tests incin_data

running 1 test
test crates/incin-data/src/lib.rs - (line 12) ... ok

test result: ok. 1 passed; 0 failed; 0 ignored; 0 measured; 0 filtered out; finished in 0.00s

all doctests ran in 0.55s; merged doctests compilation took 0.54s
   Doc-tests incin_diagnostics

running 0 tests

test result: ok. 0 passed; 0 failed; 0 ignored; 0 measured; 0 filtered out; finished in 0.00s

   Doc-tests incin_lsp

running 0 tests

test result: ok. 0 passed; 0 failed; 0 ignored; 0 measured; 0 filtered out; finished in 0.00s

   Doc-tests incin_macros

running 8 tests
test crates/incin-macros/src/lib.rs - shape (line 124) ... ok
test crates/incin-macros/src/lib.rs - module (line 366) ... ok
test crates/incin-macros/src/lib.rs - s (line 77) ... ok
test crates/incin-macros/src/lib.rs - s (line 67) ... ok
test crates/incin-macros/src/lib.rs - idx (line 307) ... ok
test crates/incin-macros/src/lib.rs - s (line 57) ... ok
test crates/incin-macros/src/lib.rs - shape (line 179) ... ok
test crates/incin-macros/src/lib.rs - shape (line 160) ... ok

test result: ok. 8 passed; 0 failed; 0 ignored; 0 measured; 0 filtered out; finished in 0.00s

all doctests ran in 1.29s; merged doctests compilation took 1.29s
   Doc-tests incin_telemetry

running 1 test
test crates/incin-telemetry/src/emitter.rs - emitter::Emitter::to_run_dir (line 140) - compile ... ok

test result: ok. 1 passed; 0 failed; 0 ignored; 0 measured; 0 filtered out; finished in 0.00s

all doctests ran in 0.25s; merged doctests compilation took 0.25s
   Doc-tests incin_viz

running 0 tests

test result: ok. 0 passed; 0 failed; 0 ignored; 0 measured; 0 filtered out; finished in 0.00s

   Doc-tests incin_viz_plugin_api

running 1 test
test crates/incin-viz-plugin-api/src/lib.rs - (line 25) - compile ... ok

test result: ok. 1 passed; 0 failed; 0 ignored; 0 measured; 0 filtered out; finished in 0.00s

all doctests ran in 0.25s; merged doctests compilation took 0.24s
exit=0
\n>>> cargo test --doc --workspace
    Finished `test` profile [unoptimized] target(s) in 0.55s
   Doc-tests incin

running 2 tests
test crates/incin/src/lib.rs - (line 36) - compile ... ok
test crates/incin/src/lib.rs - (line 16) ... ok

test result: ok. 2 passed; 0 failed; 0 ignored; 0 measured; 0 filtered out; finished in 0.00s

all doctests ran in 0.68s; merged doctests compilation took 0.67s
   Doc-tests incin_backends

running 1 test
test crates/incin-backends/src/detect.rs - detect::detect_device (line 25) ... ok

test result: ok. 1 passed; 0 failed; 0 ignored; 0 measured; 0 filtered out; finished in 0.06s

all doctests ran in 0.61s; merged doctests compilation took 0.54s
   Doc-tests incin_core

running 32 tests
test crates/incin-core/src/nn/rnn.rs - nn::rnn::RNN (line 427) - compile ... ok
test crates/incin-core/src/nn/linear.rs - nn::linear::LinearShape (line 27) ... ok
test crates/incin-core/src/dist/mesh.rs - dist::mesh::ValidMesh (line 101) ... ok
test crates/incin-core/src/dist/mesh.rs - dist::mesh (line 27) ... ok
test crates/incin-core/src/dist/mesh.rs - dist::mesh::MeshSpec (line 78) ... ok
test crates/incin-core/src/tensor/auto_device.rs - tensor::auto_device::best_device (line 124) ... ok
test crates/incin-core/src/shapes/dim.rs - shapes::dim::dim (line 386) ... ok
test crates/incin-core/src/nn/module.rs - nn::module::Module (line 166) ... ok
test crates/incin-core/src/tensor/base.rs - tensor::base::Tensor (line 47) ... ok
test crates/incin-core/src/tensor/base.rs - tensor::base::Tensor (line 58) ... ok
test crates/incin-core/src/tensor/device.rs - tensor::device::DeviceSet (line 627) ... ok
test crates/incin-core/src/nn/module.rs - nn::module::SeqTy (line 662) ... ok
test crates/incin-core/src/nn/linear.rs - nn::linear::LinearBuilder (line 161) ... ok
test crates/incin-core/src/tensor/ops/manipulation.rs - tensor::ops::manipulation::Tensor<S,B,K,G,P>::reshape (line 440) ... ok
test crates/incin-core/src/tensor/ops/manipulation.rs - tensor::ops::manipulation::Tensor<S,B,K,G,P>::reshape_idx (line 501) ... ok
test crates/incin-core/src/tensor/ops/loss.rs - tensor::ops::loss::Tensor<S,B,K,G>::mse_loss (line 136) ... ok
test crates/incin-core/src/nn/lstm.rs - nn::lstm::LSTMCell (line 289) ... ok
test crates/incin-core/src/tensor/ops/manipulation.rs - tensor::ops::manipulation::Tensor<S,B,K,G,P>::try_narrow (line 615) ... ok
test crates/incin-core/src/tensor/ops/loss.rs - tensor::ops::loss::Tensor<S,B,K,G>::cross_entropy_loss (line 67) ... ok
test crates/incin-core/src/tensor/ops/manipulation.rs - tensor::ops::manipulation::Tensor<S,B,K,G,P>::try_squeeze (line 667) ... ok
test crates/incin-core/src/nn/module.rs - nn::module::TrainMode (line 84) ... ok
test crates/incin-core/src/optim/mod.rs - optim::SGD (line 485) ... ok
test crates/incin-core/src/optim/mod.rs - optim::AdamW (line 577) ... ok
test crates/incin-core/src/optim/mod.rs - optim::Adam (line 781) ... ok
test crates/incin-core/src/tensor/ops/manipulation.rs - tensor::ops::manipulation::Tensor<S,B,K,G>::get (line 223) ... ok
test crates/incin-core/src/tensor/ops/reduce.rs - tensor::ops::reduce::Tensor<S,B,K,G,Local>::max_all (line 343) ... ok
test crates/incin-core/src/tensor/ops/manipulation.rs - tensor::ops::manipulation::Tensor<S,B,K,G>::slice (line 204) ... ok
test crates/incin-core/src/tensor/ops/reduce.rs - tensor::ops::reduce::Tensor<S,B,K,G,Local>::mean_all (line 329) ... ok
test crates/incin-core/src/tensor/ops/reduce.rs - tensor::ops::reduce::Tensor<S,B,K,G,Local>::min_all (line 357) ... ok
test crates/incin-core/src/tensor/ops/unary.rs - tensor::ops::unary::Tensor<S,B,K,G>::mul_scalar (line 283) ... ok
test crates/incin-core/src/tensor/ops/unary.rs - tensor::ops::unary::Tensor<S,B,K,G>::add_scalar (line 309) ... ok
test crates/incin-core/src/tensor/ops/reduce.rs - tensor::ops::reduce::Tensor<S,B,K,G,Local>::sum_all (line 315) ... ok

test result: ok. 32 passed; 0 failed; 0 ignored; 0 measured; 0 filtered out; finished in 1.51s

all doctests ran in 9.41s; merged doctests compilation took 7.90s
   Doc-tests incin_data

running 1 test
test crates/incin-data/src/lib.rs - (line 12) ... ok

test result: ok. 1 passed; 0 failed; 0 ignored; 0 measured; 0 filtered out; finished in 0.00s

all doctests ran in 0.55s; merged doctests compilation took 0.55s
   Doc-tests incin_diagnostics

running 0 tests

test result: ok. 0 passed; 0 failed; 0 ignored; 0 measured; 0 filtered out; finished in 0.00s

   Doc-tests incin_lsp

running 0 tests

test result: ok. 0 passed; 0 failed; 0 ignored; 0 measured; 0 filtered out; finished in 0.00s

   Doc-tests incin_macros

running 8 tests
test crates/incin-macros/src/lib.rs - module (line 366) ... ok
test crates/incin-macros/src/lib.rs - shape (line 179) ... ok
test crates/incin-macros/src/lib.rs - idx (line 307) ... ok
test crates/incin-macros/src/lib.rs - s (line 77) ... ok
test crates/incin-macros/src/lib.rs - shape (line 124) ... ok
test crates/incin-macros/src/lib.rs - s (line 57) ... ok
test crates/incin-macros/src/lib.rs - shape (line 160) ... ok
test crates/incin-macros/src/lib.rs - s (line 67) ... ok

test result: ok. 8 passed; 0 failed; 0 ignored; 0 measured; 0 filtered out; finished in 0.00s

all doctests ran in 0.85s; merged doctests compilation took 0.84s
   Doc-tests incin_telemetry

running 1 test
test crates/incin-telemetry/src/emitter.rs - emitter::Emitter::to_run_dir (line 140) - compile ... ok

test result: ok. 1 passed; 0 failed; 0 ignored; 0 measured; 0 filtered out; finished in 0.00s

all doctests ran in 0.24s; merged doctests compilation took 0.24s
   Doc-tests incin_viz

running 0 tests

test result: ok. 0 passed; 0 failed; 0 ignored; 0 measured; 0 filtered out; finished in 0.00s

   Doc-tests incin_viz_plugin_api

running 1 test
test crates/incin-viz-plugin-api/src/lib.rs - (line 25) - compile ... ok

test result: ok. 1 passed; 0 failed; 0 ignored; 0 measured; 0 filtered out; finished in 0.00s

all doctests ran in 0.24s; merged doctests compilation took 0.23s
exit=0
\n>>> cargo clippy --workspace --all-targets -- -D warnings
   Compiling incin-core v0.0.0 (/home/xupremix/Projects/incin/crates/incin-core)
   Compiling incin-macros v0.0.0 (/home/xupremix/Projects/incin/crates/incin-macros)
    Checking rand_distr v0.4.3
    Checking rustix v1.1.4
    Checking incin-diagnostics v0.0.0 (/home/xupremix/Projects/incin/crates/incin-diagnostics)
    Checking criterion v0.5.1
    Checking hashbrown v0.15.5
    Checking naga v22.1.0
    Checking tower-http v0.6.11
    Checking xtask v0.0.0 (/home/xupremix/Projects/incin/xtask)
    Checking reqwest v0.12.28
    Checking incin-lsp v0.0.0 (/home/xupremix/Projects/incin/crates/incin-lsp)
    Checking gpu-descriptor v0.3.2
    Checking hf-hub v0.5.0
    Checking tempfile v3.27.0
    Checking crossterm v0.29.0
    Checking ratatui-crossterm v0.1.2
    Checking ratatui v0.30.2
    Checking wgpu-hal v22.0.0
    Checking wgpu-core v22.1.0
    Checking wgpu v22.1.0
    Checking incin-backends v0.0.0 (/home/xupremix/Projects/incin/crates/incin-backends)
    Checking incin-data v0.0.0 (/home/xupremix/Projects/incin/crates/incin-data)
    Checking incin-telemetry v0.0.0 (/home/xupremix/Projects/incin/crates/incin-telemetry)
    Checking incin-viz-plugin-api v0.0.0 (/home/xupremix/Projects/incin/crates/incin-viz-plugin-api)
    Checking incin-viz v0.0.0 (/home/xupremix/Projects/incin/crates/incin-viz)
    Checking incin v0.0.0 (/home/xupremix/Projects/incin/crates/incin)
    Checking tui_graph_demo v0.0.0 (/home/xupremix/Projects/incin/crates/incin/examples/tui_graph_demo)
    Checking dataloader v0.0.0 (/home/xupremix/Projects/incin/crates/incin/examples/dataloader)
    Checking tensors v0.0.0 (/home/xupremix/Projects/incin/crates/incin/examples/tensors)
    Checking cnn v0.0.0 (/home/xupremix/Projects/incin/crates/incin/examples/cnn)
    Checking named_tensors v0.0.0 (/home/xupremix/Projects/incin/crates/incin/examples/named_tensors)
    Checking native_training_demo v0.0.0 (/home/xupremix/Projects/incin/crates/incin/examples/native_training_demo)
    Checking named_dims_safety v0.0.0 (/home/xupremix/Projects/incin/crates/incin/examples/named_dims_safety)
    Checking matmul v0.0.0 (/home/xupremix/Projects/incin/crates/incin/examples/matmul)
    Checking backends v0.0.0 (/home/xupremix/Projects/incin/crates/incin/examples/backends)
    Finished `dev` profile [unoptimized] target(s) in 30.24s
exit=0
\n>>> cargo check -p incin-core --no-default-features
warning: unused imports: `Error` and `Result`
 --> crates/incin-core/src/serialize.rs:1:18
  |
1 | use crate::err::{Error, Result};
  |                  ^^^^^  ^^^^^^
  |
  = note: `#[warn(unused_imports)]` (part of `#[warn(unused)]`) on by default

warning: unused imports: `StatePath`, `StateRole`, `StateSnapshot`, and `StateValue`
 --> crates/incin-core/src/serialize.rs:2:17
  |
2 | use crate::nn::{StatePath, StateRole, StateSnapshot, StateValue};
  |                 ^^^^^^^^^  ^^^^^^^^^  ^^^^^^^^^^^^^  ^^^^^^^^^^

warning: unused import: `crate::shapes::ShapeBuf`
 --> crates/incin-core/src/serialize.rs:3:5
  |
3 | use crate::shapes::ShapeBuf;
  |     ^^^^^^^^^^^^^^^^^^^^^^^

warning: unused import: `crate::tensor::backend::Backend`
 --> crates/incin-core/src/serialize.rs:4:5
  |
4 | use crate::tensor::backend::Backend;
  |     ^^^^^^^^^^^^^^^^^^^^^^^^^^^^^^^

warning: unused imports: `DTypeDescriptor` and `DTypeId`
 --> crates/incin-core/src/serialize.rs:5:28
  |
5 | use crate::tensor::dtype::{DTypeDescriptor, DTypeId};
  |                            ^^^^^^^^^^^^^^^  ^^^^^^^

warning: unused imports: `DeviceId` and `Device`
 --> crates/incin-core/src/serialize.rs:6:30
  |
6 | use crate::tensor::prelude::{Device, DeviceId};
  |                              ^^^^^^  ^^^^^^^^

warning: unused imports: `collections::BTreeMap`, `string::String`, and `vec::Vec`
 --> crates/incin-core/src/serialize.rs:7:13
  |
7 | use alloc::{collections::BTreeMap, string::String, vec::Vec};
  |             ^^^^^^^^^^^^^^^^^^^^^  ^^^^^^^^^^^^^^  ^^^^^^^^

warning: `incin-core` (lib) generated 7 warnings (run `cargo fix --lib -p incin-core` to apply 7 suggestions)
    Finished `dev` profile [unoptimized] target(s) in 0.23s
exit=0
\n>>> cargo check -p incin-backends --no-default-features --features std,cpu
    Checking incin-core v0.0.0 (/home/xupremix/Projects/incin/crates/incin-core)
    Checking incin-backends v0.0.0 (/home/xupremix/Projects/incin/crates/incin-backends)
    Finished `dev` profile [unoptimized] target(s) in 7.64s
exit=0
\n>>> cargo test -p incin-backends --no-default-features --features std,cpu
   Compiling incin-backends v0.0.0 (/home/xupremix/Projects/incin/crates/incin-backends)
    Finished `test` profile [unoptimized] target(s) in 6.27s
     Running unittests src/lib.rs (target/debug/deps/incin_backends-00fa062007927d5c)

running 332 tests
test backend_kind::tests::selects_cpu_backend ... ok
test capability_docs::tests::a_rank_bound_reads_as_a_bound_only_when_it_is_one ... ok
test capability::catalog_tests::exact_capability_rows_and_executor_admission_share_one_declaration ... ok
test backend_kind::tests::runtime_from_bytes_rejects_wrong_length ... ok
test capability::catalog_tests::coverage_has_one_explicit_decision_per_catalog_operation ... ok
test capability_docs::tests::a_backend_missing_an_operation_gets_an_explicit_dash ... ok
test capability_docs::tests::repeated_registrations_are_unioned_rather_than_replaced ... ok
test cpu::canonical::tests::an_allocation_given_an_operand_is_refused ... ok
test cpu::canonical::tests::a_compression_into_an_unsupported_representation_is_refused ... ok
test backend_kind::tests::runtime_dispatch_reports_disabled_backend ... ok
test backend_kind::tests::runtime_dispatch_selects_cpu_and_preserves_metadata ... ok
test backend_kind::tests::checked_storage_wrapping_rejects_metadata_mismatches ... ok
test cpu::canonical::tests::a_non_f32_convolution_operand_is_refused ... ok
test cpu::canonical::tests::a_conversion_to_a_quantized_dtype_is_refused_by_name ... ok
test cpu::canonical::tests::an_epsilon_that_flushes_to_zero_in_f32_is_refused ... ok
test backend_kind::tests::device_transfer_detaches_tracked_tensor_type ... ok
test cpu::canonical::tests::canonical_conv1d_executes_at_the_ranks_its_row_advertises ... ok
test backend_kind::tests::static_cpu_transfer_rebuilds_dynamic_dispatch_storage ... ok
test cpu::canonical::tests::a_convolution_with_a_bias_is_not_refused_by_its_own_rank_bound ... ok
test backend_kind::tests::runtime_dispatch_reduces_and_transfers_through_host_bytes ... ok
test cpu::canonical::tests::an_allocation_is_refused_by_a_row_it_does_not_match ... ok
test cpu::canonical::tests::dropout_outside_training_returns_the_operand_unchanged ... ok
test backend_kind::tests::derived_module_transfer_changes_its_backend_output_type ... ok
test backend_kind::tests::dynamic_layer_builders_consume_dtype_device_and_optional_flags ... ok
test cpu::canonical::tests::an_uneven_axis_leaves_a_shorter_final_piece ... ok
test cpu::canonical::tests::a_loss_with_no_reduction_keeps_the_elementwise_shape ... ok
test cpu::canonical::tests::chunking_beyond_the_axis_extent_produces_fewer_pieces_not_empty_ones ... ok
test cpu::canonical::tests::an_inference_batch_norm_with_running_statistics_executes ... ok
test cpu::canonical::tests::a_training_batch_norm_normalizes_by_the_batch_statistics ... ok
test cpu::canonical::tests::a_linear_layer_transposes_its_weight_and_adds_its_bias ... ok
test cpu::canonical::tests::rms_norm_scales_by_the_root_mean_square_without_centring ... ok
test cpu::canonical::tests::each_canonical_loss_computes_its_own_formula ... ok
test cpu::canonical::tests::canonical_layer_norm_executes_and_normalizes_each_row ... ok
test cpu::canonical::tests::quantization_round_trips_within_the_block_format_error ... ok
test cpu::canonical::tests::the_dot_and_outer_products_contract_and_expand ... ok
test cpu::canonical::tests::the_ranged_fills_read_their_parameters_in_the_right_order ... ok
test cpu::canonical::tests::canonical_and_legacy_gradients_are_identical ... ok
test cpu::creation::tests::dyn_dtype_uses_runtime_buffer_variant ... ok
test cpu::creation::tests::integer_fill_rejects_implicit_truncation_and_saturation ... ok
test cpu::canonical::tests::training_and_inference_batch_norm_disagree ... ok
test cpu::creation::tests::integer_ranges_reject_fractional_values ... ok
test cpu::creation::tests::ones_produces_correct_shape_and_all_one_values ... ok
test cpu::canonical::tests::canonical_pointwise_gradients_match_finite_differences ... ok
test cpu::canonical::tests::the_variance_estimators_differ_by_their_correction ... ok
test cpu::creation::tests::rand_produces_values_in_zero_one_range ... ok
test cpu::canonical::tests::canonical_axis_reduction_gradients_match_finite_differences ... ok
test cpu::creation::tests::var_ones_wraps_equivalent_ones_result ... ok
test cpu::creation::tests::transfer_to_cpu_returns_equivalent_storage ... ok
test cpu::canonical::tests::canonical_view_gradients_match_finite_differences ... ok
test cpu::canonical::tests::the_axis_variance_forms_reduce_the_axis_they_name ... ok
test cpu::creation::tests::var_zeros_wraps_equivalent_zeros_result ... ok
test cpu::canonical::tests::the_norm_orders_agree_where_the_fast_paths_meet_the_general_one ... ok
test cpu::creation::tests::var_rand_wraps_equivalent_rand_result ... ok
test cpu::creation::tests::var_randn_wraps_equivalent_randn_result ... ok
test cpu::creation::tests::zeros_produces_correct_shape_and_all_zero_values ... ok
test cpu::gradcheck::tests::numerical_grad_matches_closed_form_derivative_of_cube ... ok
test cpu::gradcheck::tests::gradcheck_matches_analytic_gradient_of_sum_of_squares ... ok
test cpu::canonical::tests::canonical_matmul_gradients_match_finite_differences ... ok
test cpu::ops::conv::tests::conv1d_forward_hand_computed_no_padding ... ok
test cpu::ops::conv::tests::conv1d_backward_overlapping_windows_accumulates_grad_input ... ok
test cpu::ops::conv::tests::conv1d_forward_with_bias_adds_per_channel_constant ... ok
test cpu::creation::tests::randn_produces_statistically_plausible_standard_normal_samples ... ok
test cpu::ops::conv::tests::conv1d_forward_with_padding_zero_fills_boundary ... ok
test cpu::ops::conv::tests::conv1d_forward_groups_matches_two_independent_convs ... ok
test cpu::ops::conv::tests::conv2d_forward_hand_computed_no_padding ... ok
test cpu::ops::conv::tests::conv2d_forward_depthwise_groups_equal_cin ... ok
test cpu::ops::conv::tests::conv2d_forward_groups_matches_two_independent_convs ... ok
test cpu::ops::conv::tests::conv_transpose2d_forward_hand_computed_basic ... ok
test cpu::ops::conv::tests::conv_transpose2d_forward_stride_upsamples ... ok
test cpu::ops::conv::tests::conv_transpose2d_forward_output_padding_appends_trailing_zeros_only ... ok
test cpu::ops::conv::tests::conv_transpose2d_rejects_groups_other_than_one ... ok
test cpu::ops::elementwise::tests::add_backward_unbroadcasts_correctly_for_bias_vector_case ... ok
test cpu::ops::elementwise::tests::abs_forward_and_gradcheck ... ok
test cpu::ops::elementwise::tests::add_broadcasts_forward_correctly ... ok
test cpu::ops::elementwise::tests::add_preserves_f64_dtype_and_precision ... ok
test cpu::ops::conv::tests::conv1d_gradcheck_input_and_weight ... ok
test cpu::ops::elementwise::tests::add_scalar_float_forward_and_backward ... ok
test cpu::ops::elementwise::tests::gelu_forward_zero_and_one ... ok
test cpu::ops::elementwise::tests::exp_forward_and_gradcheck ... ok
test cpu::ops::elementwise::tests::gelu_gradcheck ... ok
test cpu::ops::elementwise::tests::log_forward_gradcheck_and_domain_propagation ... ok
test cpu::ops::elementwise::tests::log_softmax_exp_sums_to_one_on_vector ... ok
test cpu::ops::elementwise::tests::mul_backward_uses_other_operands_real_values ... ok
test cpu::ops::conv::tests::conv_transpose2d_gradcheck_input_and_weight ... ok
test cpu::ops::elementwise::tests::log_softmax_is_finite_and_correct_on_large_magnitude_equal_logits ... ok
test cpu::ops::elementwise::tests::mul_forward_computes_elementwise_product_with_broadcast ... ok
test cpu::ops::elementwise::tests::mul_scalar_float_forward_and_backward ... ok
test cpu::ops::elementwise::tests::mul_backward_with_broadcast_bias_vector_case ... ok
test cpu::ops::elementwise::tests::log_softmax_gradcheck ... ok
test cpu::ops::elementwise::tests::numeric_ops_preserve_half_storage_and_compute_in_f32 ... ok
test cpu::ops::elementwise::tests::neg_forward_and_gradcheck ... ok
test cpu::ops::elementwise::tests::numeric_ops_preserve_non_contiguous_view_semantics ... ok
test cpu::ops::elementwise::tests::relu_forward_and_backward_zero_at_boundary ... ok
test cpu::ops::elementwise::tests::relu_preserves_f64_dtype ... ok
test cpu::ops::elementwise::tests::relu_gradcheck_on_nonzero_input ... ok
test cpu::ops::elementwise::tests::sigmoid_forward_and_gradcheck ... ok
test cpu::ops::elementwise::tests::softmax_after_refactor_still_passes_all_prior_behavior ... ok
test cpu::ops::elementwise::tests::softmax_forward_stable_on_large_magnitude_equal_logits ... ok
test cpu::ops::elementwise::tests::softmax_backward_finite_on_large_magnitude_equal_logits ... ok
test cpu::ops::conv::tests::conv2d_gradcheck_input_and_weight ... ok
test cpu::ops::elementwise::tests::softmax_forward_sums_to_one_on_vector ... ok
test cpu::ops::elementwise::tests::softmax_forward_uniform_on_all_zero_logits ... ok
test cpu::ops::elementwise::tests::softmax_forward_sums_to_one_per_row_on_matrix ... ok
test cpu::ops::elementwise::tests::sqrt_forward_gradcheck_and_nan_propagation ... ok
test cpu::ops::elementwise::tests::sub_forward_computes_elementwise_difference_with_broadcast ... ok
test cpu::ops::elementwise_kernel::tests::benchmark_cpu_binary_kernels ... ignored, microbenchmark: run explicitly with --release --ignored --nocapture
test cpu::ops::elementwise::tests::sub_backward_negates_rhs_contribution ... ok
test cpu::ops::elementwise_kernel::tests::f32_contiguous_add_stays_typed ... ok
test cpu::ops::elementwise_kernel::tests::f64_contiguous_math_keeps_f64_precision ... ok
test cpu::ops::elementwise_kernel::tests::general_broadcast_uses_typed_strided_kernel ... ok
test cpu::ops::elementwise::tests::softmax_gradcheck ... ok
test cpu::ops::elementwise::tests::tanh_gradcheck ... ok
test cpu::ops::elementwise_kernel::tests::half_storage_uses_f32_compute ... ok
test cpu::ops::elementwise_kernel::tests::dense_broadcast_vector_projection_preserves_order_and_odd_tails ... ok
test cpu::ops::elementwise_kernel::tests::scalar_broadcast_preserves_operand_order ... ok
test cpu::ops::elementwise_kernel::tests::scalar_vector_kernels_preserve_order_and_handle_tails ... ok
test cpu::ops::elementwise_kernel::tests::unary_family_uses_native_float_compute ... ok
test cpu::ops::elementwise_kernel::tests::vector_kernels_handle_odd_scalar_tails_for_every_operation ... ok
test cpu::ops::embedding::tests::backward_repeated_index_accumulates_not_overwrites ... ok
test cpu::ops::embedding::tests::backward_unaddressed_rows_get_exactly_zero_gradient ... ok
test cpu::ops::embedding::tests::forward_1d_indices_gathers_correct_rows_with_repeats ... ok
test cpu::ops::embedding::tests::forward_2d_indices_gathers_correct_rows ... ok
test cpu::ops::embedding::tests::negative_index_returns_conversion_error_not_panic ... ok
test cpu::ops::embedding::tests::out_of_range_index_returns_typed_shape_error ... ok
test cpu::ops::loss::tests::bce_with_logits_finite_on_large_negative_logit ... ok
test cpu::ops::loss::tests::bce_with_logits_finite_on_large_positive_logit ... ok
test cpu::ops::loss::tests::bce_with_logits_backward_finite_on_extreme_logits ... ok
test cpu::ops::loss::tests::bce_with_logits_mean_at_zero_logit_equals_log2 ... ok
test cpu::ops::loss::tests::bce_with_logits_sum_and_none_dispatch_correctly ... ok
test cpu::ops::loss::tests::cross_entropy_loss_finite_on_extreme_logits ... ok
test cpu::ops::loss::tests::cross_entropy_loss_mean_matches_hand_computed_nll ... ok
test cpu::ops::loss::tests::bce_with_logits_gradcheck ... ok
test cpu::ops::loss::tests::cross_entropy_loss_none_produces_per_sample_nll_vector ... ok
test cpu::ops::loss::tests::cross_entropy_loss_sum_equals_batch_times_mean ... ok
test cpu::ops::loss::tests::cross_entropy_loss_uniform_logits_equal_log_num_classes ... ok
test cpu::ops::loss::tests::l1_loss_none_produces_elementwise_absolute_diff ... ok
test cpu::ops::loss::tests::l1_loss_mean_produces_correct_scalar ... ok
test cpu::ops::loss::tests::cross_entropy_rejects_fractional_and_out_of_range_targets ... ok
test cpu::ops::loss::tests::l1_loss_sum_produces_correct_scalar ... ok
test cpu::ops::loss::tests::l1_loss_gradcheck ... ok
test cpu::ops::loss::tests::mse_loss_mean_backward_matches_analytic_formula_2_times_pred_minus_target_over_n ... ok
test cpu::ops::loss::tests::mse_loss_mean_produces_correct_scalar ... ok
test cpu::ops::loss::tests::mse_loss_none_produces_elementwise_squared_diff ... ok
test cpu::ops::loss::tests::mse_loss_sum_produces_correct_scalar ... ok
test cpu::ops::matmul::tests::a_batched_non_f32_matmul_keeps_its_dtype ... ok
test cpu::ops::matmul::tests::a_contiguous_f64_matmul_computes_values_and_keeps_its_dtype ... ok
test cpu::ops::loss::tests::cross_entropy_loss_gradcheck ... ok
test cpu::ops::matmul::tests::a_broadcast_non_contiguous_operand_matches_its_per_slice_reference ... ok
test cpu::ops::matmul::tests::batch_axes_broadcast_on_both_sides_index_the_right_slices ... ok
test cpu::ops::matmul::tests::a_batched_matmul_records_one_tape_entry_per_call_not_one_per_slice ... ok
test cpu::ops::matmul::tests::batched_matmul_rank3_broadcasts_against_rank4_leading_dim_insertion ... ok
test cpu::ops::matmul::tests::batched_matmul_rank4_matches_reference_at_one_batch_index ... ok
test cpu::ops::matmul::tests::batched_matmul_size_zero_batch_produces_empty_output_without_panic ... ok
test cpu::ops::matmul::tests::batched_matmul_unbatched_degenerate_matches_matmul_impl ... ok
test cpu::ops::matmul::tests::every_layout_agrees_with_the_kernel_that_is_always_correct ... ok
test cpu::ops::matmul::tests::batched_matmul_gradcheck_unbatched_degenerate ... ok
test cpu::ops::matmul::tests::matmul_backward_matches_hand_computed_gradients ... ok
test cpu::ops::matmul::tests::matmul_forward_hand_computed_2x3_times_3x4 ... ok
test cpu::ops::matmul::tests::matmul_forward_transposed_lhs_view_is_correct_without_materializing ... ok
test cpu::ops::matmul::tests::matmul_shape_incompatible_returns_err_not_panic ... ok
test cpu::ops::matmul::tests::batched_matmul_size_one_batch_is_broadcast_not_unwrapped ... ok
test cpu::ops::matmul::tests::batched_matmul_batch_broadcast_left_reuses_single_slice ... ok
test cpu::ops::matmul::tests::batched_matmul_batch_broadcast_right_reuses_single_slice ... ok
test cpu::ops::matmul::tests::batched_matmul_equal_batch_matches_per_slice_reference ... ok
test cpu::ops::norm::tests::batch_norm_all_args_provided_matches_hand_computed_formula ... ok
test cpu::ops::norm::tests::batch_norm_rank2_uses_channel_dim_1 ... ok
test cpu::ops::norm::tests::layer_norm_custom_weight_and_bias_applies_affine ... ok
test cpu::ops::norm::tests::batch_norm_none_args_match_explicit_default_fallback ... ok
test cpu::ops::norm::tests::batch_norm_momentum_has_no_effect_on_output ... ok
test cpu::ops::matmul::tests::batched_matmul_gradcheck_batch_broadcast_left ... ok
test cpu::ops::norm::tests::layer_norm_identity_weight_zero_bias_normalizes_each_row ... ok
test cpu::ops::pool::tests::adaptive_avg_pool2d_evenly_dividing_matches_avg_pool2d ... ok
test cpu::ops::norm::tests::layer_norm_rank3_normalizes_per_batch_seq_position ... ok
test cpu::ops::norm::tests::layer_norm_none_bias_matches_explicit_zero_bias ... ok
test cpu::ops::pool::tests::adaptive_avg_pool2d_non_evenly_dividing_produces_variable_windows ... ok
test cpu::ops::pool::tests::avg_pool2d_backward_overlapping_windows_sums_grad_contributions ... ok
test cpu::ops::pool::tests::avg_pool2d_forward_no_overlap_hand_computed ... ok
test cpu::ops::pool::tests::adaptive_avg_pool2d_gradcheck_non_evenly_dividing ... ok
test cpu::ops::pool::tests::max_pool2d_backward_non_overlapping_routes_grad_to_winner_only ... ok
test cpu::ops::matmul::tests::batched_matmul_gradcheck_equal_batch ... ok
test cpu::ops::pool::tests::max_pool2d_backward_overlapping_windows_shared_winner_accumulates ... ok
test cpu::ops::pool::tests::max_pool2d_forward_no_overlap_hand_computed ... ok
test cpu::ops::pool::tests::max_pool2d_forward_with_padding_zero_boundary ... ok
test cpu::ops::quant::tests::test_quantize_dequantize_fidelity ... ok
test cpu::ops::quant::tests::test_quantized_matmul ... ok
test cpu::ops::pool::tests::avg_pool2d_gradcheck_overlapping ... ok
test cpu::ops::reduce::tests::argmax_dim0_returns_row_index_of_column_max ... ok
test cpu::ops::reduce::tests::argmax_argmin_do_not_push_tape_entries ... ok
test cpu::ops::pool::tests::max_pool2d_gradcheck_overlapping ... ok
test cpu::ops::reduce::tests::argmax_dim_none_returns_scalar_flat_index_of_global_max ... ok
test cpu::ops::reduce::tests::argmin_dim0_and_dim_none_mirror_argmax ... ok
test cpu::ops::reduce::tests::max_all_and_min_all_on_flat_vector ... ok
test cpu::ops::reduce::tests::max_dim_backward_routes_gradient_to_exactly_one_winner_on_tie ... ok
test cpu::ops::reduce::tests::max_dim_column_maxima_on_2x3 ... ok
test cpu::ops::matmul::tests::batched_matmul_gradcheck_batch_broadcast_right ... ok
test cpu::ops::reduce::tests::max_keepdim_column_maxima_on_2x3 ... ok
test cpu::ops::reduce::tests::mean_all_on_2x3_returns_correct_scalar ... ok
test cpu::ops::reduce::tests::mean_all_backward_distributes_grad_scaled_by_1_over_n ... ok
test cpu::ops::reduce::tests::mean_dim_column_means_on_2x3 ... ok
test cpu::ops::reduce::tests::max_dim_gradcheck_all_distinct_values ... ok
test cpu::ops::reduce::tests::mean_keepdim_column_means_on_2x3 ... ok
test cpu::ops::reduce::tests::min_dim_column_minima_on_2x3 ... ok
test cpu::ops::reduce::tests::min_keepdim_column_minima_on_2x3 ... ok
test cpu::ops::reduce::tests::prod_all_keeps_the_operand_dtype ... ok
test cpu::ops::reduce::tests::mean_dim_gradcheck_dim0 ... ok
test cpu::ops::reduce::tests::prod_all_on_2x3_returns_correct_scalar ... ok
test cpu::ops::reduce::tests::prod_dim_multiplies_along_the_named_axis_only ... ok
test cpu::ops::reduce::tests::mean_keepdim_gradcheck_dim1 ... ok
test cpu::ops::reduce::tests::sum_all_backward_distributes_grad_uniformly ... ok
test cpu::ops::reduce::tests::sum_all_on_2x3_returns_correct_scalar ... ok
test cpu::ops::reduce::tests::sum_all_backward_scales_by_incoming_gradient ... ok
test cpu::ops::reduce::tests::sum_dim_backward_broadcasts_grad_back_to_original_shape ... ok
test cpu::ops::reduce::tests::sum_dim_removes_axis_0_on_2x3 ... ok
test cpu::ops::reduce::tests::sum_dim_removes_axis_1_on_2x3 ... ok
test cpu::ops::reduce::tests::sum_keepdim_backward_broadcasts_grad_to_original_shape ... ok
test cpu::ops::reduce::tests::sum_keepdim_retains_axis_0_on_2x3 ... ok
test cpu::ops::shape_ops::tests::broadcast_as_backward_unbroadcasts_to_original_shape ... ok
test cpu::ops::shape_ops::tests::broadcast_as_through_trait_matches_direct_storage_call ... ok
test cpu::ops::shape_ops::tests::attention_keeps_the_operand_dtype ... ok
test cpu::ops::shape_ops::tests::broadcast_left_prepends_multiple_new_leading_dims ... ok
test cpu::ops::shape_ops::tests::broadcast_left_backward_unbroadcasts_to_original_shape ... ok
test cpu::ops::shape_ops::tests::broadcast_left_prepends_single_new_leading_dim ... ok
test cpu::ops::shape_ops::tests::broadcast_left_through_trait_matches_direct_broadcast_as_call ... ok
test cpu::ops::shape_ops::tests::concat_backward_narrows_grad_to_each_inputs_own_shape_and_values ... ok
test cpu::ops::shape_ops::tests::concat_dim1_interleaves_columns_by_row ... ok
test cpu::ops::shape_ops::tests::concat_dim_out_of_bounds_returns_err ... ok
test cpu::ops::shape_ops::tests::concat_empty_input_list_returns_err_not_panic ... ok
test cpu::ops::shape_ops::tests::concat_on_transposed_input_produces_correct_values_without_materializing ... ok
test cpu::ops::shape_ops::tests::concat_rejects_non_concat_axis_size_mismatch_even_when_broadcast_compatible ... ok
test cpu::ops::shape_ops::tests::flatten_all_dims_produces_1d_shape ... ok
test cpu::ops::shape_ops::tests::flatten_backward_reshapes_grad_to_original_shape ... ok
test cpu::ops::shape_ops::tests::flatten_merges_middle_dims ... ok
test cpu::ops::shape_ops::tests::float_to_scalar_reads_single_element ... ok
test cpu::ops::shape_ops::tests::float_to_vec1_reads_all_elements_row_major ... ok
test cpu::ops::shape_ops::tests::group_norm_statistics_are_per_sample_not_across_the_batch ... ok
test cpu::ops::shape_ops::tests::instance_norm_normalizes_each_channel_of_each_sample_alone ... ok
test cpu::ops::shape_ops::tests::matmul_dispatch_rank2_matches_matmul_impl_directly ... ok
test cpu::ops::shape_ops::tests::matmul_dispatch_rank3_matches_batched_matmul_impl_directly ... ok
test cpu::ops::shape_ops::tests::matmul_via_trensor_ops_delegates_to_matmul_impl ... ok
test cpu::ops::shape_ops::tests::narrow_backward_zero_pads_grad_to_original_shape ... ok
test cpu::ops::shape_ops::tests::narrow_on_transposed_input_produces_correct_values_without_materializing ... ok
test cpu::ops::shape_ops::tests::narrow_out_of_bounds_returns_err_not_panic ... ok
test cpu::ops::shape_ops::tests::narrow_through_trait_matches_direct_storage_call ... ok
test cpu::ops::shape_ops::tests::reshape_backward_reshapes_grad_back_to_original_shape ... ok
test cpu::ops::shape_ops::tests::reshape_through_trait_matches_direct_storage_call ... ok
test cpu::ops::shape_ops::tests::slice_backward_zero_pads_grad_to_original_shape ... ok
test cpu::ops::shape_ops::tests::slice_matches_manual_sequential_narrow_calls ... ok
test cpu::ops::shape_ops::tests::slice_on_transposed_input_across_multiple_dims_produces_correct_values ... ok
test cpu::ops::shape_ops::tests::slice_out_of_bounds_range_returns_err_not_panic ... ok
test cpu::ops::shape_ops::tests::squeeze_backward_reshapes_grad_to_original_shape ... ok
test cpu::ops::shape_ops::tests::squeeze_on_non_one_sized_axis_returns_shape_mismatch ... ok
test cpu::ops::shape_ops::tests::squeeze_removes_size_one_axis_and_preserves_values ... ok
test cpu::ops::shape_ops::tests::stack_dim0_inserts_new_leading_axis ... ok
test cpu::ops::shape_ops::tests::stack_backward_narrows_and_squeezes_grad_to_original_shape ... ok
test cpu::ops::shape_ops::tests::stack_empty_input_list_returns_err_not_panic ... ok
test cpu::ops::shape_ops::tests::stack_dim_equal_to_rank_appends_new_trailing_axis ... ok
test cpu::ops::shape_ops::tests::stack_rejects_mismatched_shapes ... ok
test cpu::ops::shape_ops::tests::transpose_backward_reapplies_same_transpose ... ok
test cpu::ops::shape_ops::tests::transpose_through_trait_matches_direct_storage_call ... ok
test cpu::ops::shape_ops::tests::concat_dim0_stacks_rows_in_input_order ... ok
test cpu::ops::shape_ops::tests::unsupported_methods_return_typed_error_not_silent_placeholder ... ok
test cpu::storage::tests::broadcast_as_expands_and_shares_buffer ... ok
test cpu::storage::tests::checked_integer_readback_preserves_integer_values ... ok
test cpu::storage::tests::checked_integer_readback_rejects_lossy_float_values ... ok
test cpu::storage::tests::from_contiguous_has_expected_shape_and_strides ... ok
test cpu::gradcheck::tests::gradcheck_panics_on_non_scalar_output - should panic ... ok
test cpu::storage::tests::narrow_dim_out_of_range_errors ... ok
test cpu::storage::tests::narrow_on_transposed_view_reads_correct_values_without_materializing ... ok
test cpu::storage::tests::narrow_boundary_values_succeed ... ok
test cpu::storage::tests::narrow_contiguous_shares_buffer_and_slices_correct_values ... ok
test cpu::ops::quant::tests::unsupported_quantized_elementwise_arithmetic_is_typed ... ok
test cpu::storage::tests::reshape_non_contiguous_materializes_then_reshapes ... ok
test cpu::ops::elementwise::tests::swish_forward_and_gradcheck ... ok
test cpu::storage::tests::scatter_into_zeros_1d_case ... ok
test cpu::storage::tests::narrow_out_of_bounds_length_errors ... ok
test cpu::storage::tests::scatter_into_zeros_full_overlap_matches_values_exactly ... ok
test cpu::storage::tests::reshape_contiguous_shares_buffer_and_gets_new_id ... ok
test cpu::storage::tests::scatter_into_zeros_returns_fresh_buffer_not_sharing_values_rc ... ok
test cpu::storage::tests::transpose_shares_buffer_and_swaps_shape_strides ... ok
test cpu::storage::tests::transposed_view_reads_correct_values_without_contiguous_call ... ok
test cpu::stride::tests::is_contiguous_false_for_transposed_strides ... ok
test cpu::stride::tests::is_contiguous_true_for_fresh_strides ... ok
test cpu::stride::tests::numel_for_a_static_shape_reads_the_type_level_constant ... ok
test cpu::stride::tests::numel_for_a_dynamic_shape_matches_checked_numel ... ok
test cpu::storage::tests::scatter_into_zeros_partial_overlap_writes_only_target_region ... ok
test cpu::ops::elementwise_kernel::tests::parallel_dense_broadcast_projection_crosses_chunk_boundaries ... ok
test cpu::tape::tests::backward_accumulates_not_overwrites_on_tensor_reuse ... ok
test cpu::tape::tests::a_non_finite_gradient_is_returned_rather_than_panicked ... ok
test cpu::tape::tests::backward_drains_tape_and_second_call_is_not_contaminated ... ok
test cpu::tape::tests::backward_seeds_loss_gradient_with_ones ... ok
test cpu::storage::tests::tensor_id_never_repeats_across_many_calls ... ok
test cpu::tape::tests::unbroadcast_same_shape_is_noop ... ok
test cpu::tape::tests::unbroadcast_bias_vector_b_n_to_n ... ok
test cpu::tape::tests::tape_len_is_zero_immediately_after_any_backward_call ... ok
test cpu::ops::norm::tests::layer_norm_gradcheck ... ok
test cpu::tape::tests::unbroadcast_scalar_target_sums_all_axes ... ok
test cpu::var::tests::var_as_tensor_does_not_hold_live_borrow_across_assign_var ... ok
test detect::tests::an_empty_preference_still_yields_the_cpu ... ok
test cpu::canonical::tests::dropout_zeroes_some_elements_and_scales_the_rest_by_the_keep_reciprocal ... ok
test detect::tests::a_family_that_is_not_compiled_in_is_never_detected ... ok
test cpu::var::tests::assign_var_replaces_value_and_subsequent_read_reflects_it ... ok
test cpu::var::tests::two_sequential_assign_var_calls_each_succeed_and_final_read_reflects_second ... ok
test cpu::typed_kernel::tests::test_typed_kernel_unary_f32 ... ok
test cpu::var::tests::var_as_tensor_returns_clone_of_current_value ... ok
test cpu::typed_kernel::tests::test_typed_kernel_binary_f64 ... ok
test cpu::typed_kernel::tests::test_typed_kernel_f16_bf16 ... ok
test detect::tests::detection_always_yields_a_runnable_device ... ok
test detect::tests::preference_order_is_honored ... ok
test iteration::tests::incompatible_shapes_are_rejected ... ok
test iteration::tests::non_contiguous_strides_and_offsets_are_preserved ... ok
test iteration::tests::unary_plan_preserves_view_metadata_and_checks_bounds ... ok
test iteration::tests::broadcast_axes_become_zero_stride ... ok
test iteration::tests::coalesces_only_axes_contiguous_for_every_operand ... ok
test iteration::tests::unit_axes_are_removed_regardless_of_stride ... ok
test iteration::tests::contiguous_operands_keep_their_strides ... ok
test iteration::tests::empty_iteration_has_no_physical_index ... ok
test detect::tests::detection_agrees_with_itself ... ok
test detect::tests::probing_repeatedly_from_several_threads_is_survivable ... ok
test layout::tests::broadcast_shape_both_expand ... ok
test layout::tests::broadcast_shape_incompatible_errors ... ok
test layout::tests::broadcast_shape_preserves_zero_extent ... ok
test layout::tests::broadcast_shape_right_aligned_leading_dim_insert ... ok
test layout::tests::broadcast_shape_scalar_broadcast ... ok
test layout::tests::contiguous_strides_row_major ... ok
test layout::tests::contiguous_strides_scalar ... ok
test layout::tests::increment_index_carries_across_axes ... ok
test layout::tests::increment_index_wraps_at_the_end ... ok
test quant::tests::block_matches_the_dtype_tables_block_size ... ok
test cpu::ops::matmul::tests::batched_matmul_gradcheck_rank4 ... ok
test cpu::ops::norm::tests::batch_norm_gradcheck ... ok
test cpu::ops::matmul::tests::a_large_product_agrees_with_the_kernel_that_is_always_correct ... ok
test cpu::ops::elementwise_kernel::tests::parallel_vector_chunks_preserve_operations_and_tails ... ok

test result: ok. 331 passed; 0 failed; 1 ignored; 0 measured; 0 filtered out; finished in 0.14s

     Running tests/architecture_regression.rs (target/debug/deps/architecture_regression-6c0ca02202fe26c4)

running 0 tests

test result: ok. 0 passed; 0 failed; 0 ignored; 0 measured; 0 filtered out; finished in 0.00s

     Running tests/candle_executor.rs (target/debug/deps/candle_executor-546a6b6fa2c1a898)

running 0 tests

test result: ok. 0 passed; 0 failed; 0 ignored; 0 measured; 0 filtered out; finished in 0.00s

     Running tests/canonical_dispatch_smoke.rs (target/debug/deps/canonical_dispatch_smoke-41846a0676c38e0a)

running 2 tests
test descriptor_validation_rejects_a_wrong_dtype_before_execution ... ok
test add_uses_the_descriptor_executor_and_preserves_shape ... ok

test result: ok. 2 passed; 0 failed; 0 ignored; 0 measured; 0 filtered out; finished in 0.00s

     Running tests/codegen_pointwise.rs (target/debug/deps/codegen_pointwise-9855baf92b5d6f8d)

running 5 tests
test test_all_dtypes_type_mapping ... ok
test test_binary_add_f16_codegen ... ok
test test_complex_fma_gelu_expression ... ok
test test_scalar_broadcast_layout ... ok
test test_unary_relu_codegen ... ok

test result: ok. 5 passed; 0 failed; 0 ignored; 0 measured; 0 filtered out; finished in 0.00s

     Running tests/collective_tuning.rs (target/debug/deps/collective_tuning-112ae815ad1f969f)

running 0 tests

test result: ok. 0 passed; 0 failed; 0 ignored; 0 measured; 0 filtered out; finished in 0.00s

     Running tests/compiled_cpu.rs (target/debug/deps/compiled_cpu-5effa1ef522127c5)

running 0 tests

test result: ok. 0 passed; 0 failed; 0 ignored; 0 measured; 0 filtered out; finished in 0.00s

     Running tests/conformance.rs (target/debug/deps/conformance-2c5e61cd4736d614)

running 6 tests
test a_backend_that_claims_nothing_skips_rather_than_fails ... ok
test a_backend_that_computes_the_wrong_product_fails_only_the_tolerance_check ... ok
test the_template_backend_conforms ... ok
test tolerance_accepts_either_bound_and_rejects_a_non_finite_surprise ... ok
test a_registry_that_claims_everything_fails_the_agreement_check ... ok
test a_panicking_executor_is_a_reported_failure_not_a_dead_harness ... ok

test result: ok. 6 passed; 0 failed; 0 ignored; 0 measured; 0 filtered out; finished in 0.00s

     Running tests/cpu_migration_status.rs (target/debug/deps/cpu_migration_status-ef1deea15a648e21)

running 5 tests
test every_unmigrated_executable_operation_records_what_blocks_it ... ok
test every_migrated_identity_is_a_catalog_operation ... ok
test no_migrated_operation_still_claims_to_be_blocked ... ok
test the_migration_status_document_matches_the_registrations ... ok
test no_migrated_operation_sits_at_a_non_executable_site ... ok

test result: ok. 5 passed; 0 failed; 0 ignored; 0 measured; 0 filtered out; finished in 0.01s

     Running tests/data_parallel_reference.rs (target/debug/deps/data_parallel_reference-5fd37e7ddbdab675)

running 0 tests

test result: ok. 0 passed; 0 failed; 0 ignored; 0 measured; 0 filtered out; finished in 0.00s

     Running tests/generated_docs.rs (target/debug/deps/generated_docs-b755b357983b4d0f)

running 4 tests
test the_document_does_not_advertise_an_unregistered_operation ... ok
test the_capability_document_matches_the_registrations ... ok
test the_document_covers_every_registered_operation ... ok
test no_public_example_is_excluded_from_compilation ... ok

test result: ok. 4 passed; 0 failed; 0 ignored; 0 measured; 0 filtered out; finished in 0.09s

     Running tests/metal_tuning.rs (target/debug/deps/metal_tuning-5c6d9355e2ac1ac3)

running 0 tests

test result: ok. 0 passed; 0 failed; 0 ignored; 0 measured; 0 filtered out; finished in 0.00s

     Running tests/nccl_contract.rs (target/debug/deps/nccl_contract-ef4d89f08ef52fc4)

running 0 tests

test result: ok. 0 passed; 0 failed; 0 ignored; 0 measured; 0 filtered out; finished in 0.00s

     Running tests/nccl_two_rank.rs (target/debug/deps/nccl_two_rank-63c8637ed256be92)

running 0 tests

test result: ok. 0 passed; 0 failed; 0 ignored; 0 measured; 0 filtered out; finished in 0.00s

     Running tests/pipeline_reference.rs (target/debug/deps/pipeline_reference-8583092a1a2050b5)

running 0 tests

test result: ok. 0 passed; 0 failed; 0 ignored; 0 measured; 0 filtered out; finished in 0.00s

     Running tests/reference_collectives.rs (target/debug/deps/reference_collectives-dc53b0bad72428ed)

running 0 tests

test result: ok. 0 passed; 0 failed; 0 ignored; 0 measured; 0 filtered out; finished in 0.00s

     Running tests/runtime_dtype_contract.rs (target/debug/deps/runtime_dtype_contract-67c648080ec2e813)

running 0 tests

test result: ok. 0 passed; 0 failed; 0 ignored; 0 measured; 0 filtered out; finished in 0.00s

     Running tests/safetensors_test.rs (target/debug/deps/safetensors_test-1370145cabba3e12)

running 1 test
test test_safetensors_save_and_load_roundtrip_cpu ... ok

test result: ok. 1 passed; 0 failed; 0 ignored; 0 measured; 0 filtered out; finished in 0.00s

     Running tests/simd_lanes.rs (target/debug/deps/simd_lanes-16a3f8f5b0c9166b)

running 2 tests
test test_simd_lanes_const_eval ... ok
test test_simd_lanes_positive_and_divisible ... ok

test result: ok. 2 passed; 0 failed; 0 ignored; 0 measured; 0 filtered out; finished in 0.00s

     Running tests/target_api.rs (target/debug/deps/target_api-42b7064cefbd0a0c)

running 0 tests

test result: ok. 0 passed; 0 failed; 0 ignored; 0 measured; 0 filtered out; finished in 0.00s

     Running tests/target_api_wgpu.rs (target/debug/deps/target_api_wgpu-eca905f3694a8f61)

running 0 tests

test result: ok. 0 passed; 0 failed; 0 ignored; 0 measured; 0 filtered out; finished in 0.00s

     Running tests/tensor_meta.rs (target/debug/deps/tensor_meta-650be40dd4b92f23)

running 5 tests
test contiguous_transpose_and_broadcast_have_one_checked_metadata_source ... ok
test every_enabled_backend_storage_uses_tensor_meta ... ok
test empty_views_are_valid_but_out_of_bounds_views_are_rejected ... ok
test invalid_alignment_rank_and_arithmetic_overflow_are_rejected ... ok
test nonzero_view_offset_weakens_but_never_strengthens_alignment ... ok

test result: ok. 5 passed; 0 failed; 0 ignored; 0 measured; 0 filtered out; finished in 0.00s

     Running tests/tensor_parallel_reference.rs (target/debug/deps/tensor_parallel_reference-b5740e11a1f8fa1a)

running 0 tests

test result: ok. 0 passed; 0 failed; 0 ignored; 0 measured; 0 filtered out; finished in 0.00s

     Running tests/tiling.rs (target/debug/deps/tiling-9abb67c5bafea93f)

running 3 tests
test test_tile_2d_coverage_edge_cases ... ok
test test_tile_2d_coverage_rectangular_non_multiple ... ok
test test_tile_2d_coverage_square ... ok

test result: ok. 3 passed; 0 failed; 0 ignored; 0 measured; 0 filtered out; finished in 0.00s

     Running tests/tuning_cache.rs (target/debug/deps/tuning_cache-e09cdd480bcea4fe)

running 0 tests

test result: ok. 0 passed; 0 failed; 0 ignored; 0 measured; 0 filtered out; finished in 0.00s

     Running tests/tuning_identity.rs (target/debug/deps/tuning_identity-64d6dd9b937a66fc)

running 0 tests

test result: ok. 0 passed; 0 failed; 0 ignored; 0 measured; 0 filtered out; finished in 0.00s

     Running tests/tuning_pruning.rs (target/debug/deps/tuning_pruning-8946188791841fde)

running 0 tests

test result: ok. 0 passed; 0 failed; 0 ignored; 0 measured; 0 filtered out; finished in 0.00s

     Running tests/tuning_service.rs (target/debug/deps/tuning_service-b3c9230cf8a74192)

running 0 tests

test result: ok. 0 passed; 0 failed; 0 ignored; 0 measured; 0 filtered out; finished in 0.00s

     Running tests/tuning_telemetry.rs (target/debug/deps/tuning_telemetry-e74356d9e1d78e64)

running 0 tests

test result: ok. 0 passed; 0 failed; 0 ignored; 0 measured; 0 filtered out; finished in 0.00s

     Running tests/wgpu_executor.rs (target/debug/deps/wgpu_executor-605fb16108719d9a)

running 0 tests

test result: ok. 0 passed; 0 failed; 0 ignored; 0 measured; 0 filtered out; finished in 0.00s

   Doc-tests incin_backends

running 1 test
test crates/incin-backends/src/detect.rs - detect::detect_device (line 25) ... ok

test result: ok. 1 passed; 0 failed; 0 ignored; 0 measured; 0 filtered out; finished in 0.00s

all doctests ran in 0.35s; merged doctests compilation took 0.34s
exit=0
\n>>> cargo test -p incin-core
   Compiling incin-core v0.0.0 (/home/xupremix/Projects/incin/crates/incin-core)
    Finished `test` profile [unoptimized] target(s) in 1.64s
     Running unittests src/lib.rs (target/debug/deps/incin_core-e348a5117128e397)

running 139 tests
test err::tests::lossy_float_to_integer_conversion_requires_an_explicit_policy ... ok
test err::tests::error_message_is_bounded_at_a_utf8_boundary ... ok
test err::tests::exact_float_to_integer_conversion_rejects_lossy_values ... ok
test err::tests::test_error_formatting ... ok
test exec::capability::tests::rejection_identifies_the_first_unsatisfied_constraint ... ok
test exec::capability::tests::families_never_imply_exact_support ... ok
test exec::catalog::tests::coverage_is_derived_from_catalog_rows ... ok
test exec::catalog::tests::custom_typed_proof_requires_one_concrete_output ... ok
test exec::catalog::tests::data_creation_rejects_non_exact_payload_byte_length ... ok
test exec::catalog::tests::custom_operation_keeps_static_shape_proof ... ok
test exec::catalog::tests::data_dependent_output_shapes_are_not_inferred_from_metadata ... ok
test exec::catalog::tests::empty_domain_behaviour_splits_within_the_reduction_family ... ok
test exec::catalog::tests::every_mutating_and_autograd_operation_is_classified_by_its_profile ... ok
test exec::catalog::tests::embedding_indices_and_weight_have_separate_rank_contracts ... ok
test exec::catalog::tests::a_comparison_returns_boolean_dtype ... ok
test exec::catalog::tests::cross_entropy_logits_and_targets_have_separate_rank_contracts ... ok
test exec::catalog::tests::every_tensor_returning_row_declares_an_inference_source ... ok
test exec::catalog::tests::every_typed_output_rule_is_fail_closed_or_exactly_inferred ... ok
test exec::catalog::tests::an_unbiased_estimate_rejects_a_single_element_domain ... ok
test exec::catalog::tests::batch_norm_state_is_rank_one_against_a_ranked_activation ... ok
test exec::catalog::tests::frontend_shape_evidence_reaches_the_validated_descriptor ... ok
test exec::catalog::tests::convolution_bias_is_validated_by_role_not_by_the_activation_window ... ok
test exec::catalog::tests::conv1d_and_transposed_convolution_bias_use_the_same_role_contract ... ok
test exec::catalog::tests::index_producing_operations_reject_a_non_integer_index_dtype ... ok
test exec::catalog::tests::inferred_metadata_cannot_be_fabricated ... ok
test exec::catalog::tests::known_inputs_never_skip_output_shape_verification ... ok
test distributions::tests::test_custom_distribution ... ok
test exec::catalog::tests::logical_ops_require_boolean_inputs ... ok
test exec::catalog::tests::linear_weight_and_bias_have_separate_rank_contracts ... ok
test distributions::tests::test_comptime_known_device_sampling ... ok
test distributions::tests::test_normal_sampling ... ok
test distributions::tests::test_uniform_sampling ... ok
test exec::catalog::tests::identities_and_names_occur_exactly_once ... ok
test distributions::tests::test_exponential_sampling ... ok
test distributions::tests::test_gumbel_sampling ... ok
test exec::catalog::tests::operation_key_persistence_accepts_runtime_owned_identity ... ok
test exec::catalog::tests::operation_key_round_trips_through_persistence ... ok
test distributions::tests::test_bernoulli_sampling ... ok
test exec::catalog::tests::the_axis_variance_operations_infer_their_output_shape ... ok
test exec::catalog::tests::the_execution_site_agrees_with_the_arity_and_output_rules ... ok
test exec::catalog::tests::typed_attributes_fail_before_storage_access ... ok
test exec::catalog::tests::typed_data_creation_rejects_a_payload_dtype_mismatch ... ok
test exec::catalog::tests::optimizer_gradient_and_state_are_validated_against_the_parameter ... ok
test exec::catalog::tests::multi_output_shapes_and_counts_are_inferred_exactly ... ok
test exec::catalog::tests::topk_values_keep_the_input_dtype_while_indices_take_the_index_dtype ... ok
test exec::catalog::tests::recurrent_and_empty_reduction_contracts_are_storage_free ... ok
test exec::catalog::tests::unknown_metadata_stays_unknown ... ok
test exec::catalog::tests::validation_rejects_wrong_arity_and_cross_device_inputs ... ok
test exec::conformance::tests::required_semantic_edges_are_present_once_or_more ... ok
test exec::catalog::tests::zero_output_gradient_and_determinism_exceptions_override_their_family ... ok
test exec::meta::tests::a_view_offset_weakens_but_never_strengthens_alignment ... ok
test exec::catalog::tests::attribute_bearing_descriptor_round_trips_without_storage ... ok
test exec::meta::tests::contiguous_layout_is_derived_not_asserted ... ok
test exec::meta::tests::empty_views_may_sit_at_but_not_after_the_allocation_end ... ok
test exec::meta::tests::invalid_alignment_is_rejected ... ok
test exec::meta::tests::rank_and_arithmetic_failures_remain_structured ... ok
test exec::meta::tests::strided_span_and_offset_are_checked_against_capacity ... ok
test exec::meta::tests::transposed_and_broadcast_views_are_strided ... ok
test exec::meta::tests::zero_offset_preserves_the_allocation_alignment ... ok
test exec::proof::tests::a_fully_typed_shape_proves_itself_statically ... ok
test exec::proof::tests::a_named_axis_is_typed_but_not_statically_sized ... ok
test exec::proof::tests::a_ranked_shape_knows_its_rank_but_not_its_extents ... ok
test exec::proof::tests::a_sealed_descriptor_still_reads_back_exactly ... ok
test exec::proof::tests::an_unranked_shape_proves_nothing_before_it_exists ... ok
test exec::proof::tests::meet_is_commutative_idempotent_and_topped_by_static ... ok
test exec::proof::tests::meet_takes_the_weaker_operand ... ok
test exec::proof::tests::one_runtime_axis_weakens_the_whole_shape ... ok
test exec::proof::tests::the_proof_is_carried_not_recomputed ... ok
test metrics::tests::test_accuracy ... ok
test metrics::tests::test_mse ... ok
test metrics::tests::test_precision_recall_f1 ... ok
test nn::state::tests::child_accepts_only_one_non_empty_component ... ok
test nn::state::tests::paths_are_ordered_and_distinct_from_runtime_identity ... ok
test nn::state::tests::preserves_supported_native_dtype_payloads ... ok
test nn::state::tests::rejects_overflow_and_malformed_payloads ... ok
test nn::state::tests::root_and_nested_paths_roundtrip_through_postcard ... ok
test nn::state::tests::validates_exact_native_byte_length ... ok
test nn::state::tests::wire_deserialization_revalidates_paths_and_payload_lengths ... ok
test nn::stats::tests::into_model_stats_doubles_macs_for_flops ... ok
test nn::stats::tests::layer_stats_add_sums_both_fields ... ok
test nn::stats::tests::layer_stats_sum_over_empty_iter_is_default ... ok
test nn::stats::tests::mlp_macs_scale_linearly_with_batch_but_params_do_not ... ok
test nn::stats::tests::mlp_stats_match_the_growth_doc_hand_computed_numbers_at_batch_1 ... ok
test nn::stats::tests::sequential_of_linear_and_relu_sums_correctly_and_relu_contributes_nothing ... ok
test nn::stats::tests::named_layers_summary_with_stats_convenience_method_matches_the_free_function ... ok
test nn::stats::tests::summary_with_stats_appends_a_readable_totals_footer ... ok
test shapes::buf::tests::checked_numel_distinguishes_scalar_zero_and_overflow ... ok
test shapes::buf::tests::checked_span_rejects_rank_and_arithmetic_overflow ... ok
test shapes::buf::tests::contiguous_strides_reject_unrepresentable_layouts_even_when_empty ... ok
test onnx_exporter::tests::export_uses_canonical_identity_and_projected_attributes ... ok
test shapes::idx::tests::slice_full_passthrough ... ok
test shapes::idx::tests::slice_range_output_shape ... ok
test serialize::tests::postcard_supports_q8_and_safetensors_rejects_it_explicitly ... ok
test serialize::tests::postcard_round_trips_exact_supported_native_dtypes ... ok
test shapes::reshape::tests::reshape_different_rank_same_numel ... ok
test shapes::reshape::tests::reshape_same_rank_same_numel ... ok
test shapes::shape::tests::checked_allocation_lengths_cover_scalar_zero_limit_and_overflow_edges ... ok
test shapes::shape::tests::dyn_is_zero_sized ... ok
test shapes::shape::tests::test_array_shape ... ok
test shapes::shape::tests::test_dyn_shape ... ok
test shapes::shape::tests::test_scalar_shape ... ok
test tensor::allocation::tests::checked_allocation_lengths_cover_dense_and_block_storage ... ok
test tensor::backend::scalar_value_tests::float_to_integer_requires_an_explicit_checked_policy ... ok
test tensor::base::tests::dummy_backend_conv_pool_shape_math_never_panics_on_tiny_input_large_kernel ... ok
test tensor::base::tests::test_tensor_creation ... ok
test tensor::base::tests::test_tensor_ones ... ok
test tensor::device::tests::a_device_set_keeps_the_order_it_was_given ... ok
test serialize::tests::safetensors_round_trips_exact_supported_native_dtypes ... ok
test tensor::device::tests::a_device_set_rejects_what_cannot_describe_a_run ... ok
test tensor::device::tests::an_empty_ordinal_range_is_rejected_rather_than_defaulted ... ok
test tensor::device::tests::external_device_identity_is_open_and_stable ... ok
test tensor::device::tests::test_device_variants ... ok
test tensor::device::tests::test_dyn_tier1_fully_runtime ... ok
test tensor::device::tests::test_wgpu_tier2_runtime_ordinal ... ok
test tensor::device::tests::test_wgpu_tier3_static_ordinal ... ok
test tensor::device::tests::the_default_preference_is_the_cpu ... ok
test tensor::device::tests::the_rfcs_three_gpu_call_builds_three_cuda_devices ... ok
test tensor::display::tests::empty_dimension_renders_empty_brackets ... ok
test tensor::display::tests::integer_dtype_has_no_decimal_point ... ok
test tensor::display::tests::long_one_d_axis_is_summarized ... ok
test tensor::display::tests::long_outer_axis_drops_whole_rows ... ok
test tensor::display::tests::nan_and_infinity_render_like_pytorch ... ok
test tensor::display::tests::non_integral_values_use_fixed_precision ... ok
test tensor::display::tests::one_d_float_is_comma_separated ... ok
test tensor::display::tests::scalar_has_no_brackets ... ok
test tensor::display::tests::two_d_float_aligns_columns_and_wraps_rows ... ok
test tensor::display::tests::very_large_and_small_magnitudes_switch_to_scientific ... ok
test tensor::dtype::tests::block_overflow_returns_error ... ok
test tensor::dtype::tests::builtin_round_trip ... ok
test tensor::dtype::tests::custom_dtype_compile_test ... ok
test tensor::dtype::tests::custom_dtype_has_no_builtin_id ... ok
test tensor::dtype::tests::dtype_id_classification ... ok
test tensor::dtype::tests::f32_descriptor ... ok
test tensor::dtype::tests::f32_encoding_is_scalar ... ok
test tensor::dtype::tests::f64_encoding ... ok
test tensor::dtype::tests::q8_0_descriptor ... ok
test tensor::dtype::tests::q8_0_encoding_is_block ... ok
test tensor::dtype::tests::scalar_overflow_returns_error ... ok
test exec::catalog::tests::generated_semantics_document_covers_every_row ... ok

test result: ok. 139 passed; 0 failed; 0 ignored; 0 measured; 0 filtered out; finished in 0.02s

     Running tests/auto_device.rs (target/debug/deps/auto_device-055cd174dd0282b5)

running 6 tests
test a_wgpu_only_build_resolves_to_wgpu ... ok
test an_ordinal_selects_that_device_on_a_gpu_build ... ok
test best_device_is_a_fully_static_selector ... ok
test best_device_resolves_to_the_most_capable_enabled_family ... ok
test cuda_outranks_wgpu_when_both_are_enabled ... ok
test the_macro_and_the_alias_name_the_same_type ... ok

test result: ok. 6 passed; 0 failed; 0 ignored; 0 measured; 0 filtered out; finished in 0.00s

     Running tests/axis_literal_range.rs (target/debug/deps/axis_literal_range-0debade8cf01dbd9)

running 1 test
test arbitrary_static_axis_literals_remain_static ... ok

test result: ok. 1 passed; 0 failed; 0 ignored; 0 measured; 0 filtered out; finished in 0.00s

     Running tests/backward_errors.rs (target/debug/deps/backward_errors-cc32e4b81026e5cb)

running 11 tests
test a_contribution_and_an_accumulation_are_reported_differently ... ok
test checking_is_off_by_default ... ok
test the_check_is_an_axis_beside_the_others_not_a_replacement_for_them ... ok
test the_error_message_names_the_tensor_and_where_it_was_found ... ok
test the_scope_ends_where_it_says_it_does ... ok
test a_recipe_failure_propagates_rather_than_aborting ... ok
test a_failed_pass_still_drained_the_tape_it_walked ... ok
test nothing_in_the_backward_path_panics_any_more ... ok
test a_non_finite_gradient_is_a_returned_error ... ok
test a_checked_pass_over_finite_gradients_agrees_with_an_unchecked_one ... ok
test the_default_pass_does_not_look_at_gradient_values ... ok

test result: ok. 11 passed; 0 failed; 0 ignored; 0 measured; 0 filtered out; finished in 0.00s

     Running tests/broadcast_axes.rs (target/debug/deps/broadcast_axes-7e96b4636118725b)

running 22 tests
test a_bias_shaped_like_the_channel_axis_broadcasts_over_a_batch ... ok
test a_five_element_axis_is_not_related_to_a_four_element_one ... ok
test a_runtime_axis_may_sit_anywhere_rather_than_only_in_front ... ok
test a_named_axis_stretches_against_a_literal_one ... ok
test a_named_axis_whose_runtime_size_is_one_still_stretches_at_runtime ... ok
test a_runtime_axis_that_contradicts_its_static_partner_is_rejected ... ok
test a_shorter_operand_right_aligns_and_may_stretch_where_it_reaches ... ok
test a_scalar_broadcasts_against_anything ... ok
test a_zero_axis_absorbs_the_stretch_rather_than_being_absorbed ... ok
test both_operands_may_stretch_at_different_axes ... ok
test broadcast_output_normalizes_static_extents ... ok
test identical_axes_still_pass_through_untouched ... ok
test incompatible_sizes_are_refused_at_runtime_when_the_type_cannot_see_them ... ok
test meeting_a_literal_one_keeps_the_axis_dynamic ... ok
test runtime_broadcast_with_static_one_remains_runtime ... ok
test meeting_a_static_axis_recovers_the_size_the_runtime_one_lost ... ok
test runtime_static_broadcast_keeps_the_provable_output_extent ... ok
test stretching_works_from_either_side ... ok
test the_shorter_operand_may_be_on_either_side ... ok
test two_axes_of_extent_one_stay_one ... ok
test two_different_names_are_still_unrelated ... ok
test two_runtime_axes_stay_runtime ... ok

test result: ok. 22 passed; 0 failed; 0 ignored; 0 measured; 0 filtered out; finished in 0.00s

     Running tests/broadcast_fuzz.rs (target/debug/deps/broadcast_fuzz-b224f4bca2919ea8)

running 7 tests
test a_scalar_is_absorbed_whatever_the_other_operand_is ... ok
test a_result_axis_is_never_one_where_an_operand_axis_was_zero ... ok
test the_result_has_the_rank_of_the_longer_operand ... ok
test the_rule_agrees_with_the_reference_on_both_answers ... ok
test a_shape_of_ones_is_the_identity ... ok
test broadcasting_is_commutative_in_the_shape_it_produces ... ok
test broadcasting_is_associative_where_all_three_are_defined ... ok

test result: ok. 7 passed; 0 failed; 0 ignored; 0 measured; 0 filtered out; finished in 0.02s

     Running tests/builder_permutations.rs (target/debug/deps/builder_permutations-754863aaa2b90623)

running 5 tests
test test_norm_permutations ... ok
test test_conv1d_permutations ... ok
test test_conv2d_permutations ... ok
test test_rnn_permutations ... ok
test test_linear_permutations ... ok

test result: ok. 5 passed; 0 failed; 0 ignored; 0 measured; 0 filtered out; finished in 0.01s

     Running tests/checkpoint_reshard.rs (target/debug/deps/checkpoint_reshard-10387805c0131d97)

running 5 tests
test test_slice_bytes_for_rank_axis_1 ... ok
test test_slice_bytes_for_rank_axis_0 ... ok
test test_global_checkpoint_manifest_serialization ... ok
test test_reshard_error_rejections ... ok
test test_save_and_load_resharded_checkpoint ... ok

test result: ok. 5 passed; 0 failed; 0 ignored; 0 measured; 0 filtered out; finished in 0.02s

     Running tests/collective_plan.rs (target/debug/deps/collective_plan-cea5dcb9b39314f7)

running 0 tests

test result: ok. 0 passed; 0 failed; 0 ignored; 0 measured; 0 filtered out; finished in 0.00s

     Running tests/compile_tests.rs (target/debug/deps/compile_tests-7828c27c47830429)

running 2 tests
test compile_fail_cases_fail_for_their_stated_reason ... ok
   Compiling incin-core v0.0.0 (/home/xupremix/Projects/incin/crates/incin-core)
   Compiling incin-backends v0.0.0 (/home/xupremix/Projects/incin/crates/incin-backends)
   Compiling incin-core-tests v0.0.0 (/home/xupremix/Projects/incin/target/tests/trybuild/incin-core)
    Finished `dev` profile [unoptimized + debuginfo] target(s) in 15.24s


test tests/compile_pass/execution_contract.rs [should pass] ... ok
test tests/compile_fail/broadcast_static_mismatch.rs [should fail to compile] ... ok
test tests/compile_fail/canonical_descriptor_fields_are_private.rs [should fail to compile] ... ok
test tests/compile_fail/checked_byte_len_is_private.rs [should fail to compile] ... ok
test tests/compile_fail/checked_numel_is_private.rs [should fail to compile] ... ok
test tests/compile_fail/concat_static_mismatch.rs [should fail to compile] ... ok
test tests/compile_fail/concrete_static_extent_is_sealed.rs [should fail to compile] ... ok
test tests/compile_fail/construction_witness_is_private.rs [should fail to compile] ... ok
test tests/compile_fail/conv2d_invalid_shape.rs [should fail to compile] ... ok
test tests/compile_fail/device_mismatch.rs [should fail to compile] ... ok
test tests/compile_fail/dim_trait_is_sealed.rs [should fail to compile] ... ok
test tests/compile_fail/dtype_mismatch.rs [should fail to compile] ... ok
test tests/compile_fail/dyn_is_a_unit_marker.rs [should fail to compile] ... ok
test tests/compile_fail/execute_is_not_blanket.rs [should fail to compile] ... ok
test tests/compile_fail/execution_output_must_be_backend_owned.rs [should fail to compile] ... ok
test tests/compile_fail/execution_request_requires_validated.rs [should fail to compile] ... ok
test tests/compile_fail/flatten_invalid_range.rs [should fail to compile] ... ok
test tests/compile_fail/forward_batchnorm_mismatch.rs [should fail to compile] ... ok
test tests/compile_fail/forward_conv1d_static_mismatch.rs [should fail to compile] ... ok
test tests/compile_fail/forward_conv2d_static_mismatch.rs [should fail to compile] ... ok
test tests/compile_fail/forward_linear_partial_mismatch.rs [should fail to compile] ... ok
test tests/compile_fail/forward_linear_static_mismatch.rs [should fail to compile] ... ok
test tests/compile_fail/forward_model_building_mismatch.rs [should fail to compile] ... ok
test tests/compile_fail/gradients_backend_payload_is_private.rs [should fail to compile] ... ok
test tests/compile_fail/kernel_conv2d_channel_mismatch.rs [should fail to compile] ... ok
test tests/compile_fail/layer_builder_invalid_count.rs [should fail to compile] ... ok
test tests/compile_fail/layer_builder_invalid_order.rs [should fail to compile] ... ok
test tests/compile_fail/loss_cross_entropy_mismatch.rs [should fail to compile] ... ok
test tests/compile_fail/macro_idx_invalid.rs [should fail to compile] ... ok
test tests/compile_fail/macro_module_invalid.rs [should fail to compile] ... ok
test tests/compile_fail/macro_s_invalid.rs [should fail to compile] ... ok
test tests/compile_fail/matmul_rank8_static_mismatch.rs [should fail to compile] ... ok
test tests/compile_fail/matmul_static_mismatch.rs [should fail to compile] ... ok
test tests/compile_fail/named_broadcast_identity_mismatch.rs [should fail to compile] ... ok
test tests/compile_fail/named_dim_concat_mismatch.rs [should fail to compile] ... ok
test tests/compile_fail/named_dim_identity_mismatch.rs [should fail to compile] ... ok
test tests/compile_fail/named_dim_size_mismatch.rs [should fail to compile] ... ok
test tests/compile_fail/operation_spec_is_sealed.rs [should fail to compile] ... ok
test tests/compile_fail/reshape_static_mismatch.rs [should fail to compile] ... ok
test tests/compile_fail/shape_mismatch.rs [should fail to compile] ... ok
test tests/compile_fail/shape_trait_is_sealed.rs [should fail to compile] ... ok
test tests/compile_fail/shape_value_constructor_is_private.rs [should fail to compile] ... ok
test tests/compile_fail/stack_static_mismatch.rs [should fail to compile] ... ok
test tests/compile_fail/tensor_meta_fields_are_private.rs [should fail to compile] ... ok
test tests/compile_fail/unsupported_dtype_backend_pair.rs [should fail to compile] ... ok
test tests/compile_fail/validated_fields_are_private.rs [should fail to compile] ... ok
test tests/compile_fail/validated_new_is_crate_private.rs [should fail to compile] ... ok


test compile_fail ... ok

test result: ok. 2 passed; 0 failed; 0 ignored; 0 measured; 0 filtered out; finished in 43.08s

     Running tests/compiled_alloc.rs (target/debug/deps/compiled_alloc-31db335233d0c758)

running 0 tests

test result: ok. 0 passed; 0 failed; 0 ignored; 0 measured; 0 filtered out; finished in 0.00s

     Running tests/compiled_artifact.rs (target/debug/deps/compiled_artifact-d3b0c95f391b2def)

running 0 tests

test result: ok. 0 passed; 0 failed; 0 ignored; 0 measured; 0 filtered out; finished in 0.00s

     Running tests/compiled_capture.rs (target/debug/deps/compiled_capture-3461b220e713ba49)

running 0 tests

test result: ok. 0 passed; 0 failed; 0 ignored; 0 measured; 0 filtered out; finished in 0.00s

     Running tests/compiled_fold.rs (target/debug/deps/compiled_fold-54244b10f66d619c)

running 0 tests

test result: ok. 0 passed; 0 failed; 0 ignored; 0 measured; 0 filtered out; finished in 0.00s

     Running tests/compiled_fusion.rs (target/debug/deps/compiled_fusion-45a864007d65826e)

running 0 tests

test result: ok. 0 passed; 0 failed; 0 ignored; 0 measured; 0 filtered out; finished in 0.00s

     Running tests/compiled_guards.rs (target/debug/deps/compiled_guards-411a63d6995090c3)

running 0 tests

test result: ok. 0 passed; 0 failed; 0 ignored; 0 measured; 0 filtered out; finished in 0.00s

     Running tests/concat_stack.rs (target/debug/deps/concat_stack-0d86ebcefcaee759)

running 10 tests
test test_try_concat_slice_rejects_invalid_axis ... ok
test test_try_concat_rejects_mismatched_non_concat_extent ... ok
test test_try_concat_slice_rejects_mismatched_non_concat_extent ... ok
test test_try_stack_dynamic ... ok
test test_try_concat_rejects_mismatched_ranks ... ok
test test_try_concat_rejects_invalid_axis ... ok
test test_try_concat_slice_rejects_mismatched_ranks ... ok
test test_stack_static_success ... ok
test test_concat_static_success ... ok
test test_try_concat_dynamic ... ok

test result: ok. 10 passed; 0 failed; 0 ignored; 0 measured; 0 filtered out; finished in 0.01s

     Running tests/construction_witness.rs (target/debug/deps/construction_witness-c877944b2c59a876)

running 11 tests
test checked_construction_rejects_static_shape_contract_mismatch ... ok
test checked_construction_rejects_integer_gradient_tracking ... ok
test checked_construction_rejects_storage_dtype_mismatch ... ok
test parameter_raw_construction_validates_dtype_contract ... ok
test checked_construction_accepts_matching_storage_metadata ... ok
test metadata_only_retagging_preserves_validated_storage ... ok
test dynamic_flatten_reports_invalid_ranges_without_panicking ... ok
test checked_construction_rejects_storage_shape_mismatch ... ok
test parameter_checked_construction_validates_static_shape_contract ... ok
test buffer_checked_construction_validates_static_shape_contract ... ok
test raw_unchecked_constructor_is_absent_from_the_crate ... ok

test result: ok. 11 passed; 0 failed; 0 ignored; 0 measured; 0 filtered out; finished in 0.01s

     Running tests/constructor_ranks.rs (target/debug/deps/constructor_ranks-d5087cfd8a6d083c)

running 1 test
test fully_static_shapes_construct_at_every_previously_missing_rank ... ok

test result: ok. 1 passed; 0 failed; 0 ignored; 0 measured; 0 filtered out; finished in 0.01s

     Running tests/custom_operation.rs (target/debug/deps/custom_operation-3edc1b3f98e056ca)

running 15 tests
test built_in_backend_can_compile_an_open_custom_operation ... ok
test downstream_device_implementation_keeps_custom_identity ... ok
test metadata_free_custom_operations_cannot_bypass_capability_admission ... ok
test custom_operations_receive_borrowed_execution_payloads ... ok
test downstream_executor_receives_the_exact_shape_type ... ok
test custom_operation_returns_backend_owned_storage ... ok
test custom_operation_capability_can_reject_an_input_invocation ... ok
test downstream_custom_operation_uses_unified_runtime_dispatch ... ok
test custom_identity_is_derived_from_the_operation_key ... ok
test downstream_custom_operation_keeps_static_shape_dispatch ... ok
test custom_operations_are_recorded_with_their_key ... ok
test built_in_cpu_backend_executes_a_downstream_operation ... ok
test built_in_creation_requires_the_declared_payload ... ok
test built_in_non_creation_rejects_an_execution_payload ... ok
test downstream_backend_can_execute_a_builtin_operation ... ok

test result: ok. 15 passed; 0 failed; 0 ignored; 0 measured; 0 filtered out; finished in 0.00s

     Running tests/data_parallel.rs (target/debug/deps/data_parallel-ae9774c77c5aa262)

running 0 tests

test result: ok. 0 passed; 0 failed; 0 ignored; 0 measured; 0 filtered out; finished in 0.00s

     Running tests/descriptor_schema.rs (target/debug/deps/descriptor_schema-5ef6f75a79ba52e6)

running 12 tests
test schema_version_is_explicit_and_compatible ... ok
test catalog_contains_unique_exact_operation_identities ... ok
test axis_set_mixes_inline_and_spilled_axes_without_losing_semantics ... ok
test axis_set_spills_without_a_semantic_rank_ceiling ... ok
test axis_set_serializes_as_canonical_semantic_axes ... ok
test axis_set_deserialization_cannot_create_unordered_contiguous_state ... ok
test exact_reshape_descriptor_checks_element_count ... ok
test exact_keep_reduction_preserves_rank ... ok
test exact_binary_descriptor_derives_broadcast_output ... ok
test exact_reduction_descriptor_handles_axis_seventy ... ok
test exact_matmul_descriptor_derives_batched_output ... ok
test exact_conv_and_pool_descriptors_derive_spatial_geometry ... ok

test result: ok. 12 passed; 0 failed; 0 ignored; 0 measured; 0 filtered out; finished in 0.01s

     Running tests/exec_context.rs (target/debug/deps/exec_context-5ae946200881c175)

running 9 tests
test a_context_built_from_a_scope_keeps_its_policy_after_the_scope_ends ... ok
test a_fresh_context_denies_fallback_and_promises_no_determinism ... ok
test an_explicit_context_ignores_whatever_scope_it_is_used_inside ... ok
test a_panic_unwinding_out_of_a_scope_still_restores_the_enclosing_policy ... ok
test each_builder_moves_one_axis_and_leaves_the_others_alone ... ok
test scopes_nest_and_the_inner_one_restores_the_outer_rather_than_the_default ... ok
test transfer_implies_composition_but_composition_does_not_imply_transfer ... ok
test the_backend_survives_every_builder_and_comes_back_out_unchanged ... ok
test one_thread_s_scope_is_invisible_to_every_other_thread ... ok

test result: ok. 9 passed; 0 failed; 0 ignored; 0 measured; 0 filtered out; finished in 0.00s

     Running tests/export_test.rs (target/debug/deps/export_test-42940f6339fb1738)

running 4 tests
test test_gguf_export_rejects_unimplemented_quant_schemes ... ok
test test_gguf_export_and_inspect_roundtrip ... ok
test test_gguf_export_actually_quantizes_eligible_tensors_and_leaves_others_at_f32 ... ok
test test_mlx_export_roundtrip ... ok

test result: ok. 4 passed; 0 failed; 0 ignored; 0 measured; 0 filtered out; finished in 0.03s

     Running tests/frozen_foundations.rs (target/debug/deps/frozen_foundations-f65819d7772705ce)

running 2 tests
test the_proof_mechanisms_the_document_cites_are_still_present ... ok
test every_path_the_frozen_foundations_document_names_exists ... ok

test result: ok. 2 passed; 0 failed; 0 ignored; 0 measured; 0 filtered out; finished in 0.01s

     Running tests/fsdp.rs (target/debug/deps/fsdp-88fecd3808991aa0)

running 0 tests

test result: ok. 0 passed; 0 failed; 0 ignored; 0 measured; 0 filtered out; finished in 0.00s

     Running tests/generated_operation_coverage.rs (target/debug/deps/generated_operation_coverage-6317edbfb8f8191c)

running 2 tests
test operation_coverage_has_one_row_for_each_execution_site ... ok
test operation_coverage_matches_generated_document ... ok

test result: ok. 2 passed; 0 failed; 0 ignored; 0 measured; 0 filtered out; finished in 0.00s

     Running tests/generated_operation_semantics.rs (target/debug/deps/generated_operation_semantics-294d8e0c13e037f3)

running 2 tests
test operation_semantics_matches_the_code_catalog ... ok
test generated_semantics_uses_structural_line_breaks ... ok

test result: ok. 2 passed; 0 failed; 0 ignored; 0 measured; 0 filtered out; finished in 0.00s

     Running tests/graph_serde_roundtrip.rs (target/debug/deps/graph_serde_roundtrip-0688514997654bd4)

running 2 tests
test captured_descriptor_projection_preserves_typed_attributes ... ok
test graph_round_trips_through_serde_json ... ok

test result: ok. 2 passed; 0 failed; 0 ignored; 0 measured; 0 filtered out; finished in 0.01s

     Running tests/hybrid_plan.rs (target/debug/deps/hybrid_plan-268bf3e053dd8c31)

running 0 tests

test result: ok. 0 passed; 0 failed; 0 ignored; 0 measured; 0 filtered out; finished in 0.00s

     Running tests/lowering_parity.rs (target/debug/deps/lowering_parity-6c44a4173b28acac)

running 11 tests
test axis_attributes_reject_an_axis_outside_the_input_rank ... ok
test reshape_exact_rejects_a_target_with_a_different_element_count ... ok
test exact_descriptors_keep_their_catalog_identity_and_element_count ... ok
test axis_exact_descriptors_distinguish_dropped_and_kept_reductions ... ok
test reshape_exact_uses_its_explicit_shape_attribute ... ok
test binary_exact_descriptors_infer_broadcast_geometry ... ok
test matmul_exact_descriptor_infers_batched_output_geometry ... ok
test max_pool2d_exact_reports_a_window_larger_than_the_input ... ok
test max_pool2d_exact_infers_window_geometry ... ok
test conv2d_exact_rejects_groups_that_do_not_divide_input_channels ... ok
test conv2d_exact_infers_spatial_and_channel_geometry ... ok

test result: ok. 11 passed; 0 failed; 0 ignored; 0 measured; 0 filtered out; finished in 0.01s

     Running tests/manifest_replay.rs (target/debug/deps/manifest_replay-4f081837177757a7)

running 0 tests

test result: ok. 0 passed; 0 failed; 0 ignored; 0 measured; 0 filtered out; finished in 0.00s

     Running tests/matmul_axes.rs (target/debug/deps/matmul_axes-a79b2fbef234cbed)

running 10 tests
test arbitrary_batch_rank_retains_matrix_output_type ... ok
test matching_named_static_contractions_preserve_the_matrix_result ... ok
test static_matmul_output_type_preserves_batch_and_matrix_axes ... ok
test named_static_and_runtime_contractions_use_numeric_validation ... ok
test named_mixed_contractions_preserve_the_known_output_extent ... ok
test structural_matmul_checks_runtime_contraction ... ok
test structural_matmul_accepts_matching_runtime_contraction ... ok
test named_batch_broadcast_preserves_name_and_static_extent ... ok
test anonymous_and_named_equal_static_contractions_are_compatible ... ok
test matmul_preserves_named_static_output_type ... ok

test result: ok. 10 passed; 0 failed; 0 ignored; 0 measured; 0 filtered out; finished in 0.01s

     Running tests/mesh_bind.rs (target/debug/deps/mesh_bind-d2e606047efc5bc7)

running 0 tests

test result: ok. 0 passed; 0 failed; 0 ignored; 0 measured; 0 filtered out; finished in 0.00s

     Running tests/mesh_compile.rs (target/debug/deps/mesh_compile-c372a1419bacf5d3)

running 0 tests

test result: ok. 0 passed; 0 failed; 0 ignored; 0 measured; 0 filtered out; finished in 0.00s

     Running tests/model_stats.rs (target/debug/deps/model_stats-a7010cc82cf86507)

running 6 tests
test conv2d_params_are_exact_but_macs_are_the_documented_v1_gap ... ok
test linear_stats_match_hand_computed_formula ... ok
test mlp_stats_scale_macs_with_batch_but_not_params ... ok
test mlp_stats_match_the_growth_docs_own_worked_example ... ok
test summary_with_stats_appends_a_readable_totals_footer ... ok
test sequential_with_an_activation_sums_correctly_and_the_activation_contributes_nothing ... ok

test result: ok. 6 passed; 0 failed; 0 ignored; 0 measured; 0 filtered out; finished in 0.01s

     Running tests/named_dims.rs (target/debug/deps/named_dims-620443bf4ac8409b)

running 21 tests
test concrete_static_named_extents_participate_in_element_count_arithmetic ... ok
test keepdim_rebinds_a_named_axis_to_static_one ... ok
test named_broadcast_output_preserves_the_semantic_axis ... ok
test named_runtime_keepdim_rebinds_runtime_extent_to_one ... ok
test named_static_broadcast_retains_proof_in_reverse_order_and_with_anonymous_one ... ok
test named_static_broadcast_retains_static_extent_proof ... ok
test named_static_keepdim_rebinds_only_extent ... ok
test named_tags_have_schema_local_identity_ids ... ok
test named_tags_are_zero_sized_semantic_metadata ... ok
test transpose_preserves_the_complete_named_axis_type ... ok
test named_lookup_resolves_current_position_without_storing_one ... ok
test named_lookup_distinguishes_same_spelling_in_different_schemas ... ok
test named_axis_macro_expands_to_the_runtime_lookup_selector ... ok
test axis_keys_are_schema_qualified_without_module_paths ... ok
test named_static_extents_are_distinct_semantic_axes ... ok
test named_lookup_rejects_missing_and_duplicate_names ... ok
test named_runtime_axes_are_stored_in_shape_buf ... ok
test reduction_rules_reject_axes_that_do_not_match_the_structural_cursor ... ok
test structural_sum_rules_preserve_typed_outputs ... ok
test named_selector_reaches_the_canonical_reduction_descriptor ... ok
test runtime_reduction_validates_axes_beyond_inline_storage ... ok

test result: ok. 21 passed; 0 failed; 0 ignored; 0 measured; 0 filtered out; finished in 0.01s

     Running tests/nn_components.rs (target/debug/deps/nn_components-ba162b5a8dfc8728)

running 5 tests
test test_dropout ... ok
test test_lr_schedulers ... ok
test test_rms_norm_static ... ok
test test_nn_layers_accept_structural_shapes ... ok
test test_structural_reduction_static ... ok

test result: ok. 5 passed; 0 failed; 0 ignored; 0 measured; 0 filtered out; finished in 0.01s

     Running tests/nograd_records_nothing.rs (target/debug/deps/nograd_records_nothing-faeaedccd13df373)

running 20 tests
test combining_two_modes_takes_the_stricter_one ... ok
test each_marker_derives_the_mode_its_name_promises ... ok
test a_context_carries_the_mode_it_was_built_with ... ok
test a_fresh_thread_permits_recording ... ok
test the_mode_cannot_disagree_with_requires_grad ... ok
test restrict_tightens_and_never_loosens ... ok
test an_explicit_scope_does_re_enable_recording ... ok
test nested_scopes_restore_their_enclosing_mode_not_the_default ... ok
test a_no_grad_scope_leaves_the_other_policy_axes_alone ... ok
test one_threads_no_grad_scope_is_invisible_to_another ... ok
test a_panic_out_of_a_no_grad_scope_does_not_poison_the_thread ... ok
test detach_and_require_grad_mint_fresh_tape_identities ... ok
test the_index_returning_reductions_record_nothing_even_on_grad_tensors ... ok
test a_mixed_binary_operation_records_when_any_operand_requires_grad ... ok
test mixed_binary_output_is_grad_regardless_of_operand_order ... ok
test a_dyn_tensor_records_according_to_its_runtime_flag ... ok
test a_no_grad_scope_silences_a_grad_chain ... ok
test a_grad_chain_records_and_a_nograd_chain_records_nothing ... ok
test silencing_the_tape_does_not_change_what_the_forward_pass_computes ... ok
test backward_still_reaches_the_parameters_it_did_before ... ok

test result: ok. 20 passed; 0 failed; 0 ignored; 0 measured; 0 filtered out; finished in 0.03s

     Running tests/operation_inventory.rs (target/debug/deps/operation_inventory-4aa61cccdb680e9c)

running 4 tests
test every_stable_operation_family_is_represented ... ok
test no_catalog_row_is_a_broad_family_identity ... ok
test operation_inventory_document_matches_the_catalog ... ok
test legacy_operation_families_are_absent_from_production_source ... ok

test result: ok. 4 passed; 0 failed; 0 ignored; 0 measured; 0 filtered out; finished in 0.13s

     Running tests/pipeline.rs (target/debug/deps/pipeline-df4cc63960f12bd0)

running 0 tests

test result: ok. 0 passed; 0 failed; 0 ignored; 0 measured; 0 filtered out; finished in 0.00s

     Running tests/placement_rules.rs (target/debug/deps/placement_rules-aa1d678d23a6839b)

running 0 tests

test result: ok. 0 passed; 0 failed; 0 ignored; 0 measured; 0 filtered out; finished in 0.00s

     Running tests/placement_tensor.rs (target/debug/deps/placement_tensor-abb5b40e8af456e2)

running 0 tests

test result: ok. 0 passed; 0 failed; 0 ignored; 0 measured; 0 filtered out; finished in 0.00s

     Running tests/plan_tuning.rs (target/debug/deps/plan_tuning-9840c6ee81f71619)

running 0 tests

test result: ok. 0 passed; 0 failed; 0 ignored; 0 measured; 0 filtered out; finished in 0.00s

     Running tests/precision_policy.rs (target/debug/deps/precision_policy-ae5bd74b9bf4eef5)

running 4 tests
test dynamic_loss_scaling_state_growth_and_overflow_backoff ... ok
test precision_policy_presets_and_construction ... ok
test resolve_precision_native_success ... ok
test resolve_precision_exact_mismatch_returns_unsupported_precision ... ok

test result: ok. 4 passed; 0 failed; 0 ignored; 0 measured; 0 filtered out; finished in 0.00s

     Running tests/proof_provenance.rs (target/debug/deps/proof_provenance-d82abb31323bdafb)

running 12 tests
test a_dynamic_operand_dominates_everything ... ok
test a_level_renders_as_a_word_a_diagnostic_can_use ... ok
test a_rank_one_static_shape_is_still_static ... ok
test a_scalar_is_static_because_it_has_no_axis_to_be_dynamic ... ok
test a_shape_written_entirely_in_typenum_is_fully_proved ... ok
test a_single_runtime_axis_is_enough_to_weaken_the_shape ... ok
test an_operation_is_only_as_proved_as_its_weakest_operand ... ok
test an_unranked_shape_settles_nothing_in_advance ... ok
test folding_three_operands_matches_the_conv_case_the_rfc_could_not_express ... ok
test naming_an_axis_types_it_without_sizing_it ... ok
test of_is_usable_in_a_const_so_a_backend_can_branch_at_compile_time ... ok
test the_ordering_runs_strongest_to_weakest ... ok

test result: ok. 12 passed; 0 failed; 0 ignored; 0 measured; 0 filtered out; finished in 0.00s

     Running tests/proof_reaches_the_backend.rs (target/debug/deps/proof_reaches_the_backend-765cbf9afb834fa6)

running 5 tests
test adversarial_shape_mismatch_never_reaches_backend ... ok
test the_evidence_free_entry_point_still_claims_nothing ... ok
test a_partial_shape_reaches_the_backend_as_mixed ... ok
test a_dynamic_shape_reaches_the_backend_as_dynamic ... ok
test a_static_shape_reaches_the_backend_as_static ... ok

test result: ok. 5 passed; 0 failed; 0 ignored; 0 measured; 0 filtered out; finished in 0.00s

     Running tests/rank_matrix.rs (target/debug/deps/rank_matrix-5510f011e6533e64)

running 4 tests
test structural_broadcast_and_matmul_retain_output_types ... ok
test structural_shapes_have_no_frontend_rank_ladder ... ok
test structural_static_numel_is_folded_without_generated_ranks ... ok
test high_rank_structural_operations_are_exercised_without_rank_ladders ... ok

test result: ok. 4 passed; 0 failed; 0 ignored; 0 measured; 0 filtered out; finished in 0.01s

     Running tests/reshape.rs (target/debug/deps/reshape-a2c87baeba01909d)

running 2 tests
test test_try_reshape_dynamic ... ok
test test_reshape_static_success ... ok

test result: ok. 2 passed; 0 failed; 0 ignored; 0 measured; 0 filtered out; finished in 0.01s

     Running tests/runtime_dtype_contract.rs (target/debug/deps/runtime_dtype_contract-5ef55a4f8a7ff434)

running 5 tests
test test_builtin_compatibility ... ok
test test_dyn_dtype_contract ... ok
test test_tensor_meta_contract ... ok
test test_precision_contract ... ok
test test_capability_contract ... ok

test result: ok. 5 passed; 0 failed; 0 ignored; 0 measured; 0 filtered out; finished in 0.00s

     Running tests/shape_buf.rs (target/debug/deps/shape_buf-82ba597818f57543)

running 17 tests
test a_zero_dimension_holds_no_elements_and_spans_nothing ... ok
test broadcast_strides_span_less_than_the_element_count ... ok
test nothing_derived_is_cached ... ok
test an_empty_tensor_is_empty_however_large_its_other_axes_are ... ok
test is_contiguous_for_is_false_on_a_transposed_view ... ok
test overflow_terms_are_named_distinctly ... ok
test scalar_shape_holds_one_element ... ok
test spill_boundary_is_exactly_inline_rank ... ok
test span_rejects_a_stride_buffer_of_the_wrong_rank ... ok
test dims_round_trip_across_the_spill_boundary ... ok
test push_and_pop_round_trip_across_the_boundary ... ok
test byte_len_overflows_separately_from_element_count ... ok
test representation_does_not_affect_equality ... ok
test numel_agrees_with_u128_and_reports_overflow ... ok
test contiguous_strides_agree_with_u128_and_report_overflow ... ok
test numel_does_not_depend_on_axis_order ... ok
test span_agrees_with_u128 ... ok

test result: ok. 17 passed; 0 failed; 0 ignored; 0 measured; 0 filtered out; finished in 0.01s

     Running tests/shape_errors.rs (target/debug/deps/shape_errors-4fff3f891e38d888)

running 14 tests
test arithmetic_overflow_renders ... ok
test invalid_parameter_renders ... ok
test every_dimension_constraint_renders ... ok
test empty_output_renders ... ok
test invalid_axis_range_renders ... ok
test axis_accessor_is_some_only_for_axis_variants ... ok
test every_axis_renders ... ok
test dimension_mismatch_renders ... ok
test operation_names_are_unique_and_lowercase ... ok
test every_rank_expectation_renders ... ok
test rank_mismatch_renders ... ok
test shape_error_converts_into_the_crate_error ... ok
test operation_accessor_covers_every_variant ... ok
test shape_errors_are_copy_and_allocation_free ... ok

test result: ok. 14 passed; 0 failed; 0 ignored; 0 measured; 0 filtered out; finished in 0.00s

     Running tests/shape_fallible.rs (target/debug/deps/shape_fallible-288b6f6922da89f4)

running 15 tests
test structural_shape_resolution_rejects_bad_runtime_arguments_without_panicking ... ok
test a_matrix_times_a_vector_is_a_vector ... ok
test a_target_shape_that_rejects_its_dims_reports_rather_than_panics ... ok
test broadcast_accepts_the_numpy_compatible_cases ... ok
test broadcast_reports_the_axis_that_disagreed ... ok
test broadcast_right_aligns_operands_of_different_rank ... ok
test broadcasting_a_size_one_axis_against_a_size_zero_one_yields_zero ... ok
test dyn_matmul_contracts_batched_operands ... ok
test dyn_broadcast_reports_a_right_aligned_axis_index ... ok
test dyn_matmul_no_longer_returns_a_sentinel_empty_shape ... ok
test dynamic_matmul_requires_explicit_flattening ... ok
test every_fallible_shape_path_routes_into_the_crate_error ... ok
test matmul_accepts_an_agreeing_contraction ... ok
test shape_value_rejects_invalid_static_dimensions_before_minting_proof ... ok
test matmul_rejects_a_disagreeing_contraction ... ok

test result: ok. 15 passed; 0 failed; 0 ignored; 0 measured; 0 filtered out; finished in 0.00s

     Running tests/spatial_geometry.rs (target/debug/deps/spatial_geometry-1dd592dc5fe7e944)

running 17 tests
test a_fully_static_shape_still_agrees_with_its_type_level_output ... ok
test a_kernel_that_does_not_fit_reports_an_empty_output ... ok
test a_unit_kernel_with_unit_stride_is_the_identity ... ok
test a_zero_sized_input_axis_cannot_be_pooled ... ok
test dyn_conv1d_handles_both_accepted_ranks ... ok
test dyn_conv2d_handles_both_accepted_ranks ... ok
test zero_valued_parameters_are_rejected_by_name ... ok
test dyn_pool2d_handles_both_accepted_ranks ... ok
test dyn_pool2d_propagates_a_kernel_that_does_not_fit ... ok
test dyn_rules_reject_a_rank_they_cannot_handle ... ok
test adaptive_pool_fixes_the_output_extent ... ok
test conv1d_computes_the_runtime_length_dim ... ok
test adaptive_pool_rejects_a_zero_output_extent ... ok
test conv2d_computes_runtime_spatial_dims_and_keeps_out_channels ... ok
test out_size_matches_the_reference_formula ... ok
test pool2d_computes_runtime_spatial_dims ... ok
test overflowing_terms_are_named_individually ... ok

test result: ok. 17 passed; 0 failed; 0 ignored; 0 measured; 0 filtered out; finished in 0.00s

     Running tests/stable_shape_algebra.rs (target/debug/deps/stable_shape_algebra-ccb72fc6c7e2cfa4)

running 26 tests
test invalid_static_arithmetic_is_not_reported_as_static_knowledge ... ok
test invalid_symbolic_dimensions_are_zst_specs_not_panic_values ... ok
test structural_flatten_collapses_an_arbitrary_cursor_range ... ok
test test_derived_dimension_argument_validation_is_fallible ... ok
test test_backend_rank_support ... ok
test test_const_dim_and_extent_classification ... ok
test test_derived_symbolic_dimensions ... ok
test generic_typenum_ranked_shape_preserves_rank_without_a_rank_ladder ... ok
test generic_typenum_rank_arithmetic_is_structural ... ok
test test_generic_array_shapes_unlimited_rank ... ok
test test_static_axis_macro_type_preservation ... ok
test test_static_cursor_types ... ok
test test_named_dim_tag_extent_orthogonality ... ok
test structural_swap_moves_complete_dimension_metadata_at_rank_three ... ok
test test_axis_selector_macro_and_cursors ... ok
test test_recursive_fixed_rank_dim_cons ... ok
test test_descriptor_axis_mask_and_axis_set_above_31 ... ok
test descriptor_reduction_accepts_axis_seventy ... ok
test repeat_rejects_a_repeat_vector_with_the_wrong_rank ... ok
test test_high_rank_tensor_creation ... ok
test structural_operations_compile_at_rank_16_64_and_200 ... ok
test exact_tracing_dispatch_unwraps_inner_storage_and_records_the_descriptor ... ok
test exact_tracing_records_boolean_comparison_output_dtype ... ok
test exact_tracing_records_canonical_unary_and_shape_descriptors ... ok
test exact_tracing_reduction_keeps_canonical_axis_descriptor ... ok
test typed_tracing_preserves_runtime_and_static_input_axes ... ok

test result: ok. 26 passed; 0 failed; 0 ignored; 0 measured; 0 filtered out; finished in 0.01s

     Running tests/tensor_parallel.rs (target/debug/deps/tensor_parallel-436314473e804a10)

running 0 tests

test result: ok. 0 passed; 0 failed; 0 ignored; 0 measured; 0 filtered out; finished in 0.00s

   Doc-tests incin_core

running 29 tests
test crates/incin-core/src/nn/rnn.rs - nn::rnn::RNN (line 427) - compile ... ok
test crates/incin-core/src/nn/linear.rs - nn::linear::LinearShape (line 27) ... ok
test crates/incin-core/src/tensor/auto_device.rs - tensor::auto_device::best_device (line 124) ... ok
test crates/incin-core/src/shapes/dim.rs - shapes::dim::dim (line 386) ... ok
test crates/incin-core/src/nn/module.rs - nn::module::Module (line 166) ... ok
test crates/incin-core/src/tensor/device.rs - tensor::device::DeviceSet (line 627) ... ok
test crates/incin-core/src/tensor/base.rs - tensor::base::Tensor (line 47) ... ok
test crates/incin-core/src/tensor/base.rs - tensor::base::Tensor (line 58) ... ok
test crates/incin-core/src/tensor/ops/loss.rs - tensor::ops::loss::Tensor<S,B,K,G>::cross_entropy_loss (line 67) ... ok
test crates/incin-core/src/tensor/ops/loss.rs - tensor::ops::loss::Tensor<S,B,K,G>::mse_loss (line 136) ... ok
test crates/incin-core/src/nn/linear.rs - nn::linear::LinearBuilder (line 161) ... ok
test crates/incin-core/src/nn/module.rs - nn::module::SeqTy (line 662) ... ok
test crates/incin-core/src/optim/mod.rs - optim::SGD (line 485) ... ok
test crates/incin-core/src/tensor/ops/manipulation.rs - tensor::ops::manipulation::Tensor<S,B,K,G,P>::try_narrow (line 615) ... ok
test crates/incin-core/src/nn/lstm.rs - nn::lstm::LSTMCell (line 289) ... ok
test crates/incin-core/src/tensor/ops/manipulation.rs - tensor::ops::manipulation::Tensor<S,B,K,G,P>::try_squeeze (line 667) ... ok
test crates/incin-core/src/nn/module.rs - nn::module::TrainMode (line 84) ... ok
test crates/incin-core/src/tensor/ops/manipulation.rs - tensor::ops::manipulation::Tensor<S,B,K,G,P>::reshape_idx (line 501) ... ok
test crates/incin-core/src/tensor/ops/manipulation.rs - tensor::ops::manipulation::Tensor<S,B,K,G,P>::reshape (line 440) ... ok
test crates/incin-core/src/optim/mod.rs - optim::Adam (line 781) ... ok
test crates/incin-core/src/optim/mod.rs - optim::AdamW (line 577) ... ok
test crates/incin-core/src/tensor/ops/manipulation.rs - tensor::ops::manipulation::Tensor<S,B,K,G>::get (line 223) ... ok
test crates/incin-core/src/tensor/ops/reduce.rs - tensor::ops::reduce::Tensor<S,B,K,G,Local>::mean_all (line 329) ... ok
test crates/incin-core/src/tensor/ops/reduce.rs - tensor::ops::reduce::Tensor<S,B,K,G,Local>::max_all (line 343) ... ok
test crates/incin-core/src/tensor/ops/manipulation.rs - tensor::ops::manipulation::Tensor<S,B,K,G>::slice (line 204) ... ok
test crates/incin-core/src/tensor/ops/reduce.rs - tensor::ops::reduce::Tensor<S,B,K,G,Local>::min_all (line 357) ... ok
test crates/incin-core/src/tensor/ops/reduce.rs - tensor::ops::reduce::Tensor<S,B,K,G,Local>::sum_all (line 315) ... ok
test crates/incin-core/src/tensor/ops/unary.rs - tensor::ops::unary::Tensor<S,B,K,G>::add_scalar (line 309) ... ok
test crates/incin-core/src/tensor/ops/unary.rs - tensor::ops::unary::Tensor<S,B,K,G>::mul_scalar (line 283) ... ok

test result: ok. 29 passed; 0 failed; 0 ignored; 0 measured; 0 filtered out; finished in 1.52s

all doctests ran in 9.95s; merged doctests compilation took 8.43s
exit=0
\n>>> cargo test -p incin
   Compiling incin v0.0.0 (/home/xupremix/Projects/incin/crates/incin)
    Finished `test` profile [unoptimized] target(s) in 8.14s
     Running unittests src/lib.rs (target/debug/deps/incin-20bcfb633531efc2)

running 2 tests
test tests::test_tensor_export ... ok
test tests::test_runtime_dtype_tensor_creation ... ok

test result: ok. 2 passed; 0 failed; 0 ignored; 0 measured; 0 filtered out; finished in 0.00s

     Running unittests src/bin/cargo-incin.rs (target/debug/deps/cargo_incin-efb670f3fc698d82)

running 0 tests

test result: ok. 0 passed; 0 failed; 0 ignored; 0 measured; 0 filtered out; finished in 0.00s

     Running tests/advanced_math_autograd_tests.rs (target/debug/deps/advanced_math_autograd_tests-1c0f38da4ff27c42)

running 3 tests
test test_inplace_operations ... ok
test test_autograd_tape_closures ... ok
test test_trigonometric_and_transcendental_ops ... ok

test result: ok. 3 passed; 0 failed; 0 ignored; 0 measured; 0 filtered out; finished in 0.00s

     Running tests/autograd_tests.rs (target/debug/deps/autograd_tests-b18db500fd51ce97)

running 2 tests
test test_backward_under_nan_checking_succeeds ... ok
test test_simple_linear_regression ... ok

test result: ok. 2 passed; 0 failed; 0 ignored; 0 measured; 0 filtered out; finished in 0.00s

     Running tests/bool_mask_contract.rs (target/debug/deps/bool_mask_contract-366e863db8aa2a5f)

running 0 tests

test result: ok. 0 passed; 0 failed; 0 ignored; 0 measured; 0 filtered out; finished in 0.00s

     Running tests/broadcast.rs (target/debug/deps/broadcast-86866a3c7d707782)

running 1 test
test test_broadcast_success ... ok

test result: ok. 1 passed; 0 failed; 0 ignored; 0 measured; 0 filtered out; finished in 0.00s

     Running tests/canonical_only_backend_contract.rs (target/debug/deps/canonical_only_backend_contract-ee20b4d178051bcf)

running 0 tests

test result: ok. 0 passed; 0 failed; 0 ignored; 0 measured; 0 filtered out; finished in 0.00s

     Running tests/data_tests.rs (target/debug/deps/data_tests-ff54bdbf7ddaa5bf)

running 1 test
test test_dataset ... ok

test result: ok. 1 passed; 0 failed; 0 ignored; 0 measured; 0 filtered out; finished in 0.00s

     Running tests/doctor.rs (target/debug/deps/doctor-b14a6b2d715d9a20)

running 24 tests
test a_build_with_no_backend_at_all_is_an_error ... ok
test a_backend_that_is_both_compiled_and_present_says_nothing ... ok
test a_compiled_backend_with_no_hardware_is_a_warning ... ok
test a_machine_with_no_device_probes_nothing ... ok
test a_healthy_machine_produces_no_findings_and_exits_zero ... ok
test a_missing_toolchain_version_is_a_warning ... ok
test a_directory_without_its_write_bit_reports_as_not_writable ... ok
test a_probe_reports_the_registrys_reason_for_a_rejection ... ok
test an_absent_isa_extension_is_a_note_about_the_scalar_path ... ok
test an_absent_or_unset_cache_is_not_a_finding ... ok
test an_unsupported_operation_is_reported_without_becoming_a_finding ... ok
test an_unwritable_cache_is_a_warning_naming_its_path ... ok
test findings_are_ordered_by_severity ... ok
test inspecting_a_cache_path_does_not_create_it ... ok
test probes_cover_the_devices_that_answered_and_no_others ... ok
test the_argument_vocabulary_is_closed ... ok
test the_json_carries_its_schema_version_and_a_fixed_key_set ... ok
test the_json_and_the_text_agree_about_what_was_found ... ok
test the_json_reports_every_probe_the_text_does ... ok
test the_reported_features_are_exactly_the_manifests ... ok
test the_text_rendering_is_stable ... ok
test a_real_build_agrees_with_the_mock_about_whether_it_can_run ... ok
test the_real_machine_produces_a_report ... ok
test the_subcommand_renders_text_by_default_and_json_on_request ... ok

test result: ok. 24 passed; 0 failed; 0 ignored; 0 measured; 0 filtered out; finished in 0.12s

     Running tests/dp2_network.rs (target/debug/deps/dp2_network-31a6dc49705cffb3)

running 0 tests

test result: ok. 0 passed; 0 failed; 0 ignored; 0 measured; 0 filtered out; finished in 0.00s

     Running tests/error_contract.rs (target/debug/deps/error_contract-a102d0ce02a69339)

running 3 tests
test stable_facade_exposes_typed_bounded_failure_contract ... ok
test extracting_a_tensor_as_a_same_width_but_different_type_is_refused ... ok
test tensor_operators_propagate_results_instead_of_panicking ... ok

test result: ok. 3 passed; 0 failed; 0 ignored; 0 measured; 0 filtered out; finished in 0.00s

     Running tests/facade_contract.rs (target/debug/deps/facade_contract-bc9604f944466920)

running 2 tests
test expert_storage_encoding_has_a_named_path ... ok
test stable_facade_consumer_contracts ... ok

test result: ok. 2 passed; 0 failed; 0 ignored; 0 measured; 0 filtered out; finished in 4.11s

     Running tests/final_architecture_contract.rs (target/debug/deps/final_architecture_contract-e7a58a41ee662488)

running 0 tests

test result: ok. 0 passed; 0 failed; 0 ignored; 0 measured; 0 filtered out; finished in 0.00s

     Running tests/foundation_handoff_contract.rs (target/debug/deps/foundation_handoff_contract-780374ebe4d9a0c7)

running 0 tests

test result: ok. 0 passed; 0 failed; 0 ignored; 0 measured; 0 filtered out; finished in 0.00s

     Running tests/fsdp.rs (target/debug/deps/fsdp-a1b989ec5a1cf977)

running 0 tests

test result: ok. 0 passed; 0 failed; 0 ignored; 0 measured; 0 filtered out; finished in 0.00s

     Running tests/handoff_manual_module.rs (target/debug/deps/handoff_manual_module-7ed134d9643fb1ee)

running 0 tests

test result: ok. 0 passed; 0 failed; 0 ignored; 0 measured; 0 filtered out; finished in 0.00s

     Running tests/high_priority_ops_tests.rs (target/debug/deps/high_priority_ops_tests-0d656ddfa1b0c1a1)

running 4 tests
test test_creation_factory_ops ... ok
test test_matrix_and_reductions ... ok
test test_selection_and_indexing ... ok
test test_elementwise_math_ops ... ok

test result: ok. 4 passed; 0 failed; 0 ignored; 0 measured; 0 filtered out; finished in 0.00s

     Running tests/hot_path_allocations.rs (target/debug/deps/hot_path_allocations-b5f25f63a2e3c349)

running 4 tests
test a_unary_operation_stays_within_its_measured_allocation_count ... ok
test a_binary_elementwise_operation_stays_within_its_measured_allocation_count ... ok
test a_higher_rank_operand_does_not_cost_more_metadata_than_a_rank_two_one ... ok
test broadcasting_an_operand_costs_exactly_what_not_broadcasting_it_costs ... ok

test result: ok. 4 passed; 0 failed; 0 ignored; 0 measured; 0 filtered out; finished in 0.00s

     Running tests/layers.rs (target/debug/deps/layers-0e3b55a5723b027e)

running 3 tests
test test_tensor_mixed_shapes ... ok
test test_linear_mixed_shapes ... ok
test test_conv2d_mixed_shapes ... ok

test result: ok. 3 passed; 0 failed; 0 ignored; 0 measured; 0 filtered out; finished in 0.00s

     Running tests/macro_tests.rs (target/debug/deps/macro_tests-aa404195a169bc98)

running 3 tests
test test_idx_macro ... ok
test test_s_macro ... ok
test test_module_macro ... ok

test result: ok. 3 passed; 0 failed; 0 ignored; 0 measured; 0 filtered out; finished in 0.00s

     Running tests/medium_priority_ops_tests.rs (target/debug/deps/medium_priority_ops_tests-df7a761875740566)

running 4 tests
test test_comparisons_and_logical ... ok
test test_asymmetric_scalars_and_extremes ... ok
test test_spatial_and_norm_ops ... ok
test test_fused_matmul_and_sdpa ... ok

test result: ok. 4 passed; 0 failed; 0 ignored; 0 measured; 0 filtered out; finished in 0.00s

     Running tests/named_layers_tests.rs (target/debug/deps/named_layers_tests-1b40d1b597b415a3)

running 2 tests
test test_named_layers_derivation ... ok
test test_sequential_named_layers ... ok

test result: ok. 2 passed; 0 failed; 0 ignored; 0 measured; 0 filtered out; finished in 0.11s

     Running tests/nn_tests.rs (target/debug/deps/nn_tests-99811aeb2cf09cbc)

running 10 tests
test test_param ... ok
test test_linear ... ok
test test_train_mode_propagates_through_sequential_dropout ... ok
test test_sequential_state_dict_keys_are_flat_like_pytorch ... ok
test test_sequential ... ok
test test_seq_ty_matches_seq_value_type ... ok
test test_layer_norm ... ok
test test_batch_norm2d ... ok
test test_embedding ... ok
test test_conv2d ... ok

test result: ok. 10 passed; 0 failed; 0 ignored; 0 measured; 0 filtered out; finished in 0.03s

     Running tests/optim_tests.rs (target/debug/deps/optim_tests-612683dfb4c264c1)

running 9 tests
test optimizer_parameter_groups_collect_through_typed_state_visitors ... ok
test adam_step_overflow_preserves_parameters_and_state ... ok
test malformed_adam_state_load_is_typed_and_transactional ... ok
test test_sgd ... ok
test test_adamw ... ok
test test_adam ... ok
test test_adam_optimizer_state_dict_checkpointing ... ok
test test_adamw_optimizer_state_dict_checkpointing ... ok
test adam_step_rolls_back_parameters_state_and_counter_on_backend_failure ... ok

test result: ok. 9 passed; 0 failed; 0 ignored; 0 measured; 0 filtered out; finished in 0.00s

     Running tests/plan_report.rs (target/debug/deps/plan_report-12aaba459b9a44f0)

running 0 tests

test result: ok. 0 passed; 0 failed; 0 ignored; 0 measured; 0 filtered out; finished in 0.00s

     Running tests/pointwise_semantics_contract.rs (target/debug/deps/pointwise_semantics_contract-5b3a919a59f77467)

running 0 tests

test result: ok. 0 passed; 0 failed; 0 ignored; 0 measured; 0 filtered out; finished in 0.00s

     Running tests/pp2_network.rs (target/debug/deps/pp2_network-6816f5a23eed7bdf)

running 0 tests

test result: ok. 0 passed; 0 failed; 0 ignored; 0 measured; 0 filtered out; finished in 0.00s

     Running tests/rendezvous.rs (target/debug/deps/rendezvous-7773e9c50f2adb8f)

running 0 tests

test result: ok. 0 passed; 0 failed; 0 ignored; 0 measured; 0 filtered out; finished in 0.00s

     Running tests/serde_tests.rs (target/debug/deps/serde_tests-9acce237181b27c2)

running 10 tests
test test_explicit_state_name_is_schema_stable ... ok
test test_state_extraction_failure_propagates ... ok
test test_late_state_failure_does_not_commit_earlier_leaves ... ok
test test_sequential_state_dict_flat_keys_and_round_trip ... ok
test test_mixed_dtype_snapshot_round_trip ... ok
test test_owned_heterogeneous_snapshot_extraction ... ok
test test_strict_load_rejects_bad_snapshots_without_mutation ... ok
test test_postcard_snapshot_round_trip ... ok
test test_state_dict_extraction ... ok
test test_mixed_dtype_checkpoint_round_trip ... ok

test result: ok. 10 passed; 0 failed; 0 ignored; 0 measured; 0 filtered out; finished in 0.00s

     Running tests/shape_literal_range.rs (target/debug/deps/shape_literal_range-3b8998638a34f86f)

running 1 test
test shape_literal_range_uses_raw_static_extent_types ... ok

test result: ok. 1 passed; 0 failed; 0 ignored; 0 measured; 0 filtered out; finished in 0.00s

     Running tests/shape_macro.rs (target/debug/deps/shape_macro-3436af2a8c56463a)

running 0 tests

test result: ok. 0 passed; 0 failed; 0 ignored; 0 measured; 0 filtered out; finished in 0.00s

     Running tests/shape_safety.rs (target/debug/deps/shape_safety-e533872ed63e9552)

running 1 test
test chunk_and_split_reject_invalid_axes_without_panicking ... ok

test result: ok. 1 passed; 0 failed; 0 ignored; 0 measured; 0 filtered out; finished in 0.00s

     Running tests/target_api_facade.rs (target/debug/deps/target_api_facade-b2fbfcfb6904daca)

running 0 tests

test result: ok. 0 passed; 0 failed; 0 ignored; 0 measured; 0 filtered out; finished in 0.00s

     Running tests/tensor_display.rs (target/debug/deps/tensor_display-4c83149d7ce73bc8)

running 5 tests
test non_default_dtype_is_named_in_the_footer ... ok
test no_grad_tensor_omits_the_requires_grad_footer ... ok
test debug_still_carries_shape_and_placement_alongside_real_values ... ok
test two_d_float_tensor_aligns_negative_columns ... ok
test one_d_float_tensor_prints_like_pytorch ... ok

test result: ok. 5 passed; 0 failed; 0 ignored; 0 measured; 0 filtered out; finished in 0.00s

     Running tests/tensor_ops.rs (target/debug/deps/tensor_ops-f458fcc721f914c4)

running 25 tests
test test_broadcast_scalar ... ok
test test_binary_mul ... ok
test test_binary_add ... ok
test test_binary_div ... ok
test test_broadcast_1d_to_2d ... ok
test test_binary_sub ... ok
test test_broadcast_trailing_dims ... ok
test test_indexing_concat ... ok
test test_indexing_stack ... ok
test test_indexing_narrow ... ok
test test_loss_mse ... ok
test test_reduction_max_min ... ok
test test_manipulation_reshape_flatten ... ok
test test_reduction_mean ... ok
test test_manipulation_transpose_squeeze ... ok
test test_loss_cross_entropy ... ok
test test_reduction_sum ... ok
test test_unary_abs ... ok
test test_unary_gelu ... ok
test test_unary_relu ... ok
test test_unary_misc ... ok
test test_unary_swish ... ok
test to_scalar_bool_rejects_numeric_u8_tensor ... ok
test to_vec1_bool_rejects_numeric_u8_tensor ... ok
test test_unary_softmax ... ok

test result: ok. 25 passed; 0 failed; 0 ignored; 0 measured; 0 filtered out; finished in 0.00s

     Running tests/tp2_network.rs (target/debug/deps/tp2_network-a967570f10ac75f0)

running 0 tests

test result: ok. 0 passed; 0 failed; 0 ignored; 0 measured; 0 filtered out; finished in 0.00s

     Running tests/trainer.rs (target/debug/deps/trainer-a4419adc69b3b9cd)

running 0 tests

test result: ok. 0 passed; 0 failed; 0 ignored; 0 measured; 0 filtered out; finished in 0.00s

     Running tests/transformer_block.rs (target/debug/deps/transformer_block-e3803b067f35c519)

running 2 tests
test static_attention_shapes_compile_and_run ... ok
test cpu_transformer_forward_backward_adamw_and_state_roundtrip ... ok

test result: ok. 2 passed; 0 failed; 0 ignored; 0 measured; 0 filtered out; finished in 0.01s

     Running tests/tune_cli.rs (target/debug/deps/tune_cli-3caa4c5e29658f21)

running 4 tests
test tune_cli_renders_text_report ... ok
test tune_cli_supports_clear_flag ... ok
test tune_cli_renders_json_report ... ok
test tune_cli_supports_offline_flag ... ok

test result: ok. 4 passed; 0 failed; 0 ignored; 0 measured; 0 filtered out; finished in 0.00s

   Doc-tests incin

running 2 tests
test crates/incin/src/lib.rs - (line 36) - compile ... ok
test crates/incin/src/lib.rs - (line 16) ... ok

test result: ok. 2 passed; 0 failed; 0 ignored; 0 measured; 0 filtered out; finished in 0.00s

all doctests ran in 0.76s; merged doctests compilation took 0.75s
exit=0
\n>>> cargo test -p incin-data
   Compiling incin-macros v0.0.0 (/home/xupremix/Projects/incin/crates/incin-macros)
   Compiling rand v0.8.6
   Compiling incin-core v0.0.0 (/home/xupremix/Projects/incin/crates/incin-core)
   Compiling incin-data v0.0.0 (/home/xupremix/Projects/incin/crates/incin-data)
    Finished `test` profile [unoptimized] target(s) in 12.70s
     Running unittests src/lib.rs (target/debug/deps/incin_data-b84413b607875f8c)

running 22 tests
test loader::tests::batch_size_larger_than_dataset_produces_one_short_batch ... ok
test loader::tests::dataset_errors_are_not_treated_as_end_of_data ... ok
test loader::tests::collate_function_is_actually_invoked_per_batch ... ok
test loader::tests::collate_panics_are_explicit_iterator_errors ... ok
test loader::tests::empty_dataset_produces_zero_batches ... ok
test loader::tests::single_threaded_exact_division_produces_no_short_final_batch ... ok
test loader::tests::builder_controls_drop_last_and_deterministic_shuffle ... ok
test loader::tests::shuffle_preserves_the_full_set_of_items_just_reorders_them ... ok
test loader::tests::single_threaded_yields_every_item_in_order_when_not_shuffled ... ok
test loader::tests::zero_batch_size_is_a_typed_construction_error ... ok
test loader::tests::zero_worker_iterator_fetches_only_the_next_batch ... ok
test transforms::tests::test_center_crop_transform ... ok
test transforms::tests::test_normalize_transform ... ok
test transforms::tests::test_scale_transform ... ok
test vision::mnist::tests::validated_parts_preserve_split_and_checked_indexing ... ok
test loader::tests::worker_panics_are_explicit_iterator_errors ... ok
test vision::mnist::tests::validated_parts_reject_mismatched_image_and_label_counts ... ok
test loader::tests::more_workers_than_batches_does_not_hang_or_lose_items ... ok
test vision::mnist::tests::validated_parts_reject_non_digit_labels ... ok
test loader::tests::multi_worker_with_shuffle_still_covers_every_item_exactly_once ... ok
test loader::tests::multi_worker_yields_every_item_exactly_once_no_duplicates_no_drops ... ok
test loader::tests::worker_timeout_is_an_explicit_iterator_error ... ok

test result: ok. 22 passed; 0 failed; 0 ignored; 0 measured; 0 filtered out; finished in 0.03s

   Doc-tests incin_data

running 1 test
test crates/incin-data/src/lib.rs - (line 12) ... ok

test result: ok. 1 passed; 0 failed; 0 ignored; 0 measured; 0 filtered out; finished in 0.00s

all doctests ran in 0.56s; merged doctests compilation took 0.55s
exit=0
\n>>> cargo doc --workspace --no-deps
 Documenting incin v0.0.0 (/home/xupremix/Projects/incin/crates/incin)
 Documenting native_training_demo v0.0.0 (/home/xupremix/Projects/incin/crates/incin/examples/native_training_demo)
 Documenting tensors v0.0.0 (/home/xupremix/Projects/incin/crates/incin/examples/tensors)
 Documenting matmul v0.0.0 (/home/xupremix/Projects/incin/crates/incin/examples/matmul)
 Documenting tui_graph_demo v0.0.0 (/home/xupremix/Projects/incin/crates/incin/examples/tui_graph_demo)
 Documenting dataloader v0.0.0 (/home/xupremix/Projects/incin/crates/incin/examples/dataloader)
 Documenting named_tensors v0.0.0 (/home/xupremix/Projects/incin/crates/incin/examples/named_tensors)
 Documenting cnn v0.0.0 (/home/xupremix/Projects/incin/crates/incin/examples/cnn)
 Documenting incin-macros v0.0.0 (/home/xupremix/Projects/incin/crates/incin-macros)
 Documenting incin-viz-plugin-api v0.0.0 (/home/xupremix/Projects/incin/crates/incin-viz-plugin-api)
 Documenting xtask v0.0.0 (/home/xupremix/Projects/incin/xtask)
 Documenting named_dims_safety v0.0.0 (/home/xupremix/Projects/incin/crates/incin/examples/named_dims_safety)
 Documenting backends v0.0.0 (/home/xupremix/Projects/incin/crates/incin/examples/backends)
 Documenting incin-telemetry v0.0.0 (/home/xupremix/Projects/incin/crates/incin-telemetry)
 Documenting incin-viz v0.0.0 (/home/xupremix/Projects/incin/crates/incin-viz)
 Documenting incin-data v0.0.0 (/home/xupremix/Projects/incin/crates/incin-data)
 Documenting incin-backends v0.0.0 (/home/xupremix/Projects/incin/crates/incin-backends)
 Documenting incin-lsp v0.0.0 (/home/xupremix/Projects/incin/crates/incin-lsp)
 Documenting incin-core v0.0.0 (/home/xupremix/Projects/incin/crates/incin-core)
warning: public documentation for `Validated` links to private item `ShapeEvidence::of`
  --> crates/incin-core/src/exec/proof.rs:93:29
   |
93 | /// constructors here are [`ShapeEvidence::of`], which reads the level off a shape
   |                             ^^^^^^^^^^^^^^^^^ this item is private
   |
   = note: this link will resolve properly if you pass `--document-private-items`
   = note: `#[warn(rustdoc::private_intra_doc_links)]` on by default

warning: public documentation for `Validated` links to private item `ShapeEvidence::dynamic`
  --> crates/incin-core/src/exec/proof.rs:95:7
   |
95 | /// [`ShapeEvidence::dynamic`], which claims nothing.
   |       ^^^^^^^^^^^^^^^^^^^^^^ this item is private
   |
   = note: this link will resolve properly if you pass `--document-private-items`

warning: unresolved link to `super::catalog`
  |
  = note: the link appears in this line:
          
          Exact operation descriptors live in [`super::catalog`]. This module retains
                                               ^^^^^^^^^^^^^^^^
  = note: no item named `catalog` in module `incin_core`
  = note: `#[warn(rustdoc::broken_intra_doc_links)]` on by default

warning: unresolved link to `AxisMask`
  |
  = note: the link appears in this line:
          
          [`AxisMask`] representation is only an optimization; axes beyond 63 spill
           ^^^^^^^^^^
  = note: no item named `AxisMask` in scope
  = help: to escape `[` and `]` characters, add '\' before them like `\[` or `\]`

warning: unresolved link to `BestDevice`
  |
  = note: the link appears in this line:
          
             time by [`BestDevice`] / [`best_device!`](crate::best_device), from the
                      ^^^^^^^^^^^^
  = note: no item named `BestDevice` in scope
  = help: to escape `[` and `]` characters, add '\' before them like `\[` or `\]`

warning: unresolved link to `Dyn`
  --> crates/incin-core/src/tensor/base.rs:39:51
   |
39 | /// * `K`: Element [`DType`], which may also be [`Dyn`] and runtime-checked.
   |                                                   ^^^ no item named `Dyn` in scope
   |
   = help: to escape `[` and `]` characters, add '\' before them like `\[` or `\]`

warning: unresolved link to `Dyn`
  --> crates/incin-core/src/tensor/base.rs:42:38
   |
42 | ///   select a static placement or [`Dyn`] for runtime placement metadata.
   |                                      ^^^ no item named `Dyn` in scope
   |
   = help: to escape `[` and `]` characters, add '\' before them like `\[` or `\]`

warning: unresolved link to `DeviceId`
  |
  = note: the link appears in this line:
          
          time. The user passes a [`DeviceId`] at construction time and everything
                                   ^^^^^^^^^^
  = note: no item named `DeviceId` in scope
  = help: to escape `[` and `]` characters, add '\' before them like `\[` or `\]`

warning: unresolved link to `incin_backends::quant::BlockQ8_0`
   --> crates/incin-core/src/tensor/dtype.rs:852:29
    |
852 | /// stored as [`BlockQ8_0`](incin_backends::quant::BlockQ8_0) blocks in the
    |                             ^^^^^^^^^^^^^^^^^^^^^^^^^^^^^^^^ no item named `incin_backends` in scope

warning: unresolved link to `SeqTy`
   --> crates/incin-core/src/nn/module.rs:636:7
    |
636 | /// [`SeqTy!`], which generates that same nesting from the same
    |       ^^^^^^ no item named `SeqTy` in scope
    |
    = note: `macro_rules` named `SeqTy` exists in this crate, but it is not in scope at this link's location

warning: redundant explicit link target
    --> crates/incin-core/src/tensor/base.rs:1212:20
     |
1212 |     /// [`NoGrad`](crate::tensor::grad::NoGrad) here rather than `Grad`: printing
     |          --------  ^^^^^^^^^^^^^^^^^^^^^^^^^^^ explicit target is redundant
     |          |
     |          because label contains path that resolves to same destination
     |
     = note: when a link's destination is not specified,
             the label is used to resolve intra-doc links
     = note: `#[warn(rustdoc::redundant_explicit_links)]` on by default
help: remove explicit link target
     |
1212 -     /// [`NoGrad`](crate::tensor::grad::NoGrad) here rather than `Grad`: printing
1212 +     /// [`NoGrad`] here rather than `Grad`: printing
     |

warning: `incin-core` (lib doc) generated 11 warnings
    Finished `dev` profile [unoptimized] target(s) in 1m 13s
   Generated /home/xupremix/Projects/incin/target/doc/backends/index.html and 21 other files
exit=0
\n>>> mdbook build docs/book
2026-08-15 17:52:06 [INFO] (mdbook::book): Book building has started
2026-08-15 17:52:06 [INFO] (mdbook::book): Running the html backend
exit=0
\n>>> tools/check-architecture.sh
large-file inventory checks passed (25 files)
architecture checks passed
exit=0
\n>>> tools/check-dependencies.sh --check
Incin core dependency edges (crate::<module> references)
compiled         -> backend_authoring    1
compiled         -> err                 9
compiled         -> exec               46
compiled         -> graph               7
compiled         -> resource            2
compiled         -> shapes             43
compiled         -> tensor              2
crate            -> SeqTy               1
crate            -> compiled            1
crate            -> dim                 1
crate            -> dist                1
crate            -> distributions       2
crate            -> err                 2
crate            -> exec                5
crate            -> graph               1
crate            -> io                  1
crate            -> metrics             1
crate            -> nn                  4
crate            -> onnx_exporter       1
crate            -> optim               2
crate            -> seq                 1
crate            -> serialize           2
crate            -> shapes              2
crate            -> tensor              9
dist             -> exec                7
dist             -> shapes             15
dist             -> tensor              7
distributions    -> backend_authoring    1
distributions    -> err                 1
distributions    -> exec                5
distributions    -> shapes              6
distributions    -> tensor             10
err              -> exec               16
err              -> shapes              6
err              -> tensor              9
exec             -> backend_authoring    1
exec             -> dim                 1
exec             -> dist                1
exec             -> err                 5
exec             -> graph              13
exec             -> shapes             80
exec             -> tensor             17
graph            -> err                 1
graph            -> exec               49
graph            -> shapes              2
graph            -> tensor              2
graph_recording  -> graph               1
io               -> dist                1
io               -> err                 3
io               -> exec                3
io               -> nn                  4
io               -> resource            7
io               -> shapes              4
io               -> tensor              7
nn               -> SeqTy               3
nn               -> backend_authoring   19
nn               -> dist               16
nn               -> err                51
nn               -> exec               98
nn               -> io                  1
nn               -> seq                 1
nn               -> serialize           3
nn               -> shapes            188
nn               -> tensor            341
nn               -> test_utils          1
onnx_exporter    -> compiled            1
onnx_exporter    -> err                 1
onnx_exporter    -> exec                2
onnx_exporter    -> graph               3
onnx_exporter    -> onnx_pb             1
onnx_exporter    -> shapes              3
onnx_exporter    -> tensor              8
optim            -> autograd            1
optim            -> dist                1
optim            -> err                 1
optim            -> exec                9
optim            -> nn                  2
optim            -> shapes              2
optim            -> tensor             11
resource         -> err                 1
serialize        -> err                 1
serialize        -> nn                  6
serialize        -> shapes              3
serialize        -> tensor              9
shapes           -> __incin_dim_declare    3
shapes           -> err                25
shapes           -> resource            4
shapes           -> typenum             4
tensor           -> autograd            5
tensor           -> backend_authoring    6
tensor           -> best_device         1
tensor           -> dist               23
tensor           -> err               189
tensor           -> exec              191
tensor           -> graph_recording     2
tensor           -> resource            1
tensor           -> shapes            313

dependency check passed
exit=0
\n>>> tools/check-large-files.sh
large-file inventory checks passed (25 files)
exit=0
\n>>> tools/check-public-api.sh
public API checks passed
exit=0
\n>>> tools/check-package.sh
package reproducibility check passed
exit=0
