info: running `cargo check --all-targets --no-default-features` on incin-core (1/384)
   Compiling proc-macro2 v1.0.106
   Compiling unicode-ident v1.0.22
   Compiling quote v1.0.46
   Compiling libc v0.2.186
    Checking cfg-if v1.0.4
   Compiling either v1.15.0
   Compiling anyhow v1.0.103
   Compiling rustix v1.1.4
   Compiling getrandom v0.4.3
   Compiling autocfg v1.5.0
   Compiling serde_core v1.0.228
   Compiling zerocopy v0.8.31
   Compiling cfg_aliases v0.1.1
    Checking bitflags v2.13.0
   Compiling linux-raw-sys v0.12.1
   Compiling syn v1.0.109
   Compiling fastrand v2.4.1
   Compiling once_cell v1.21.4
   Compiling zmij v1.0.21
   Compiling multimap v0.8.3
   Compiling log v0.4.33
   Compiling itertools v0.8.2
    Checking scopeguard v1.2.0
   Compiling itertools v0.14.0
   Compiling crossbeam-utils v0.8.21
   Compiling hashbrown v0.12.3
   Compiling bytes v0.5.6
    Checking lock_api v0.4.14
   Compiling serde v1.0.228
   Compiling serde_json v1.0.150
   Compiling indexmap v1.9.3
   Compiling unicode-segmentation v1.13.3
   Compiling fixedbitset v0.2.0
   Compiling parking_lot_core v0.9.12
   Compiling semver v1.0.28
   Compiling regex-syntax v0.8.11
   Compiling hashbrown v0.17.1
   Compiling equivalent v1.0.2
    Checking termcolor v1.4.1
   Compiling foldhash v0.1.5
   Compiling heck v0.3.3
   Compiling thiserror v1.0.69
   Compiling bytes v1.12.0
   Compiling syn v2.0.118
   Compiling prettyplease v0.2.37
   Compiling hashbrown v0.15.5
    Checking crossbeam-epoch v0.9.18
   Compiling rustc_version v0.4.1
   Compiling naga v22.1.0
    Checking libloading v0.8.9
    Checking smallvec v1.15.2
   Compiling petgraph v0.5.1
   Compiling indexmap v2.14.0
   Compiling which v3.1.1
    Checking bit-vec v0.7.0
   Compiling prost-build v0.6.1
   Compiling ash v0.38.0+1.3.281
   Compiling thiserror v2.0.18
   Compiling version_check v0.9.5
   Compiling khronos-egl v6.0.0
    Checking unicode-width v0.1.14
   Compiling rayon-core v1.13.0
   Compiling fixedbitset v0.5.7
    Checking bit-set v0.6.0
    Checking codespan-reporting v0.11.1
   Compiling ahash v0.8.12
   Compiling heapless v0.7.17
    Checking getrandom v0.2.17
    Checking crossbeam-deque v0.8.6
    Checking gpu-descriptor-types v0.2.0
   Compiling petgraph v0.8.3
   Compiling regex-automata v0.4.14
    Checking gpu-alloc-types v0.3.1
    Checking spirv v0.3.0+sdk-1.3.268.0
   Compiling wgpu-hal v22.0.0
   Compiling itoa v1.0.15
    Checking unicode-xid v0.2.6
   Compiling tempfile v3.27.0
   Compiling memchr v2.7.6
    Checking arrayvec v0.7.8
    Checking rustc-hash v1.1.0
    Checking byteorder v1.5.0
    Checking hexf-parse v0.2.1
   Compiling libm v0.2.15
   Compiling heck v0.5.0
    Checking hash32 v0.2.1
    Checking gpu-descriptor v0.3.2
    Checking gpu-alloc v0.6.2
    Checking parking_lot v0.12.5
    Checking rand_core v0.6.4
    Checking spin v0.9.8
   Compiling num-traits v0.2.19
    Checking wgpu-types v22.0.0
   Compiling wgpu-core v22.1.0
    Checking glow v0.13.1
    Checking profiling v1.0.18
    Checking renderdoc-sys v1.1.0
    Checking raw-window-handle v0.6.2
    Checking stable_deref_trait v1.2.1
   Compiling litrs v1.0.0
   Compiling wgpu v22.1.0
    Checking winnow v1.0.3
    Checking rayon v1.12.0
    Checking rustc-std-workspace-alloc v1.0.1
   Compiling target-triple v1.0.0
    Checking serde_spanned v1.1.1
    Checking toml_datetime v1.1.1+spec-1.1.0
    Checking toml_parser v1.1.2+spec-1.1.0
    Checking typenum v1.20.1
   Compiling document-features v0.2.12
   Compiling regex v1.12.4
    Checking static_assertions v1.1.0
    Checking toml_writer v1.1.1+spec-1.1.0
    Checking fs2 v0.4.3
    Checking glob v0.3.3
    Checking toml v1.1.2+spec-1.1.0
   Compiling prost-derive v0.6.1
    Checking pollster v0.3.0
   Compiling zerocopy-derive v0.8.31
   Compiling serde_derive v1.0.228
   Compiling prost-derive v0.14.4
   Compiling thiserror-impl v1.0.69
   Compiling bytemuck_derive v1.10.2
   Compiling thiserror-impl v2.0.18
   Compiling prost v0.6.1
   Compiling prost-types v0.6.1
    Checking bytemuck v1.25.0
    Checking cobs v0.3.0
   Compiling prost v0.14.4
   Compiling prost-types v0.14.4
   Compiling onnx-pb v0.1.4
   Compiling prost-build v0.14.4
    Checking ppv-lite86 v0.2.21
    Checking half v2.7.1
    Checking hashbrown v0.14.5
    Checking safetensors v0.4.5
    Checking trybuild v1.0.117
    Checking digit-layout v0.3.1
    Checking rand_chacha v0.3.1
    Checking ggml-quants v0.1.0
    Checking rand v0.8.6
   Compiling incin-core v0.0.0 (/home/xupremix/Projects/incin/crates/incin-core)
   Compiling incin-macros v0.0.0 (/home/xupremix/Projects/incin/crates/incin-macros)
    Checking postcard v1.1.3
    Checking rand_distr v0.4.3
    Checking incin-backends v0.0.0 (/home/xupremix/Projects/incin/crates/incin-backends)
    Finished `dev` profile [unoptimized] target(s) in 33.43s

info: running `cargo check --all-targets --no-default-features --features compiled,cuda,distributed,metal,paranoid-validation,std,test-utils,wgpu` on incin-core (2/384)
   Compiling incin-core v0.0.0 (/home/xupremix/Projects/incin/crates/incin-core)
warning: unused import: `alloc::vec`
 --> crates/incin-core/src/compiled/artifact.rs:5:5
  |
5 | use alloc::vec;
  |     ^^^^^^^^^^
  |
  = note: `#[warn(unused_imports)]` (part of `#[warn(unused)]`) on by default

warning: unused import: `CapturedNode`
 --> crates/incin-core/src/compiled/fusion.rs:5:47
  |
5 | use crate::compiled::capture::{CapturedGraph, CapturedNode};
  |                                               ^^^^^^^^^^^^

warning: unused import: `alloc::string::String`
 --> crates/incin-core/src/compiled/plan.rs:4:5
  |
4 | use alloc::string::String;
  |     ^^^^^^^^^^^^^^^^^^^^^

warning: unused import: `SymbolEnvironment`
  --> crates/incin-core/src/compiled/plan.rs:12:57
   |
12 |     DimExpr, LayoutClass, OperationIdentity, ShapeExpr, SymbolEnvironment, SymbolTable,
   |                                                         ^^^^^^^^^^^^^^^^^

warning: function `export_captured_to_onnx` is never used
   --> crates/incin-core/src/onnx_exporter.rs:116:8
    |
116 | pub fn export_captured_to_onnx(graph: &CapturedGraph, path: &Path) -> anyhow::Result<()> {
    |        ^^^^^^^^^^^^^^^^^^^^^^^
    |
    = note: `#[warn(dead_code)]` (part of `#[warn(unused)]`) on by default

warning: `incin-core` (lib) generated 5 warnings (run `cargo fix --lib -p incin-core` to apply 4 suggestions)
    Checking incin-backends v0.0.0 (/home/xupremix/Projects/incin/crates/incin-backends)
warning: `incin-core` (lib test) generated 5 warnings (5 duplicates)
    Finished `dev` profile [unoptimized] target(s) in 19.40s

info: running `cargo check --all-targets --no-default-features --features compiled` on incin-core (3/384)
   Compiling incin-core v0.0.0 (/home/xupremix/Projects/incin/crates/incin-core)
warning: unused import: `alloc::vec`
 --> crates/incin-core/src/compiled/artifact.rs:5:5
  |
5 | use alloc::vec;
  |     ^^^^^^^^^^
  |
  = note: `#[warn(unused_imports)]` (part of `#[warn(unused)]`) on by default

warning: unused import: `CapturedNode`
 --> crates/incin-core/src/compiled/fusion.rs:5:47
  |
5 | use crate::compiled::capture::{CapturedGraph, CapturedNode};
  |                                               ^^^^^^^^^^^^

warning: unused import: `alloc::string::String`
 --> crates/incin-core/src/compiled/plan.rs:4:5
  |
4 | use alloc::string::String;
  |     ^^^^^^^^^^^^^^^^^^^^^

warning: unused import: `SymbolEnvironment`
  --> crates/incin-core/src/compiled/plan.rs:12:57
   |
12 |     DimExpr, LayoutClass, OperationIdentity, ShapeExpr, SymbolEnvironment, SymbolTable,
   |                                                         ^^^^^^^^^^^^^^^^^

warning: function `export_captured_to_onnx` is never used
   --> crates/incin-core/src/onnx_exporter.rs:116:8
    |
116 | pub fn export_captured_to_onnx(graph: &CapturedGraph, path: &Path) -> anyhow::Result<()> {
    |        ^^^^^^^^^^^^^^^^^^^^^^^
    |
    = note: `#[warn(dead_code)]` (part of `#[warn(unused)]`) on by default

warning: `incin-core` (lib) generated 5 warnings (run `cargo fix --lib -p incin-core` to apply 4 suggestions)
    Checking incin-backends v0.0.0 (/home/xupremix/Projects/incin/crates/incin-backends)
warning: `incin-core` (lib test) generated 5 warnings (5 duplicates)
    Finished `dev` profile [unoptimized] target(s) in 17.35s

info: running `cargo check --all-targets --no-default-features --features cuda` on incin-core (4/384)
   Compiling incin-core v0.0.0 (/home/xupremix/Projects/incin/crates/incin-core)
    Checking incin-backends v0.0.0 (/home/xupremix/Projects/incin/crates/incin-backends)
    Finished `dev` profile [unoptimized] target(s) in 15.91s

info: running `cargo check --all-targets --no-default-features --features compiled,cuda` on incin-core (5/384)
   Compiling incin-core v0.0.0 (/home/xupremix/Projects/incin/crates/incin-core)
warning: unused import: `alloc::vec`
 --> crates/incin-core/src/compiled/artifact.rs:5:5
  |
5 | use alloc::vec;
  |     ^^^^^^^^^^
  |
  = note: `#[warn(unused_imports)]` (part of `#[warn(unused)]`) on by default

warning: unused import: `CapturedNode`
 --> crates/incin-core/src/compiled/fusion.rs:5:47
  |
5 | use crate::compiled::capture::{CapturedGraph, CapturedNode};
  |                                               ^^^^^^^^^^^^

warning: unused import: `alloc::string::String`
 --> crates/incin-core/src/compiled/plan.rs:4:5
  |
4 | use alloc::string::String;
  |     ^^^^^^^^^^^^^^^^^^^^^

warning: unused import: `SymbolEnvironment`
  --> crates/incin-core/src/compiled/plan.rs:12:57
   |
12 |     DimExpr, LayoutClass, OperationIdentity, ShapeExpr, SymbolEnvironment, SymbolTable,
   |                                                         ^^^^^^^^^^^^^^^^^

warning: function `export_captured_to_onnx` is never used
   --> crates/incin-core/src/onnx_exporter.rs:116:8
    |
116 | pub fn export_captured_to_onnx(graph: &CapturedGraph, path: &Path) -> anyhow::Result<()> {
    |        ^^^^^^^^^^^^^^^^^^^^^^^
    |
    = note: `#[warn(dead_code)]` (part of `#[warn(unused)]`) on by default

warning: `incin-core` (lib) generated 5 warnings (run `cargo fix --lib -p incin-core` to apply 4 suggestions)
    Checking incin-backends v0.0.0 (/home/xupremix/Projects/incin/crates/incin-backends)
warning: `incin-core` (lib test) generated 5 warnings (5 duplicates)
    Finished `dev` profile [unoptimized] target(s) in 17.25s

info: running `cargo check --all-targets --no-default-features --features default` on incin-core (6/384)
    Finished `dev` profile [unoptimized] target(s) in 0.17s

info: running `cargo check --all-targets --no-default-features --features compiled,default` on incin-core (7/384)
warning: unused import: `alloc::vec`
 --> crates/incin-core/src/compiled/artifact.rs:5:5
  |
5 | use alloc::vec;
  |     ^^^^^^^^^^
  |
  = note: `#[warn(unused_imports)]` (part of `#[warn(unused)]`) on by default

warning: unused import: `CapturedNode`
 --> crates/incin-core/src/compiled/fusion.rs:5:47
  |
5 | use crate::compiled::capture::{CapturedGraph, CapturedNode};
  |                                               ^^^^^^^^^^^^

warning: unused import: `alloc::string::String`
 --> crates/incin-core/src/compiled/plan.rs:4:5
  |
4 | use alloc::string::String;
  |     ^^^^^^^^^^^^^^^^^^^^^

warning: unused import: `SymbolEnvironment`
  --> crates/incin-core/src/compiled/plan.rs:12:57
   |
12 |     DimExpr, LayoutClass, OperationIdentity, ShapeExpr, SymbolEnvironment, SymbolTable,
   |                                                         ^^^^^^^^^^^^^^^^^

warning: function `export_captured_to_onnx` is never used
   --> crates/incin-core/src/onnx_exporter.rs:116:8
    |
116 | pub fn export_captured_to_onnx(graph: &CapturedGraph, path: &Path) -> anyhow::Result<()> {
    |        ^^^^^^^^^^^^^^^^^^^^^^^
    |
    = note: `#[warn(dead_code)]` (part of `#[warn(unused)]`) on by default

warning: `incin-core` (lib) generated 5 warnings (run `cargo fix --lib -p incin-core` to apply 4 suggestions)
warning: `incin-core` (lib test) generated 5 warnings (5 duplicates)
    Finished `dev` profile [unoptimized] target(s) in 0.18s

info: running `cargo check --all-targets --no-default-features --features cuda,default` on incin-core (8/384)
    Finished `dev` profile [unoptimized] target(s) in 0.16s

info: running `cargo check --all-targets --no-default-features --features compiled,cuda,default` on incin-core (9/384)
warning: unused import: `alloc::vec`
 --> crates/incin-core/src/compiled/artifact.rs:5:5
  |
5 | use alloc::vec;
  |     ^^^^^^^^^^
  |
  = note: `#[warn(unused_imports)]` (part of `#[warn(unused)]`) on by default

warning: unused import: `CapturedNode`
 --> crates/incin-core/src/compiled/fusion.rs:5:47
  |
5 | use crate::compiled::capture::{CapturedGraph, CapturedNode};
  |                                               ^^^^^^^^^^^^

warning: unused import: `alloc::string::String`
 --> crates/incin-core/src/compiled/plan.rs:4:5
  |
4 | use alloc::string::String;
  |     ^^^^^^^^^^^^^^^^^^^^^

warning: unused import: `SymbolEnvironment`
  --> crates/incin-core/src/compiled/plan.rs:12:57
   |
12 |     DimExpr, LayoutClass, OperationIdentity, ShapeExpr, SymbolEnvironment, SymbolTable,
   |                                                         ^^^^^^^^^^^^^^^^^

warning: function `export_captured_to_onnx` is never used
   --> crates/incin-core/src/onnx_exporter.rs:116:8
    |
116 | pub fn export_captured_to_onnx(graph: &CapturedGraph, path: &Path) -> anyhow::Result<()> {
    |        ^^^^^^^^^^^^^^^^^^^^^^^
    |
    = note: `#[warn(dead_code)]` (part of `#[warn(unused)]`) on by default

warning: `incin-core` (lib) generated 5 warnings (run `cargo fix --lib -p incin-core` to apply 4 suggestions)
warning: `incin-core` (lib test) generated 5 warnings (5 duplicates)
    Finished `dev` profile [unoptimized] target(s) in 0.15s

info: running `cargo check --all-targets --no-default-features --features distributed` on incin-core (10/384)
   Compiling incin-core v0.0.0 (/home/xupremix/Projects/incin/crates/incin-core)
    Checking incin-backends v0.0.0 (/home/xupremix/Projects/incin/crates/incin-backends)
    Finished `dev` profile [unoptimized] target(s) in 18.29s

info: running `cargo check --all-targets --no-default-features --features compiled,distributed` on incin-core (11/384)
   Compiling incin-core v0.0.0 (/home/xupremix/Projects/incin/crates/incin-core)
warning: unused import: `alloc::vec`
 --> crates/incin-core/src/compiled/artifact.rs:5:5
  |
5 | use alloc::vec;
  |     ^^^^^^^^^^
  |
  = note: `#[warn(unused_imports)]` (part of `#[warn(unused)]`) on by default

warning: unused import: `CapturedNode`
 --> crates/incin-core/src/compiled/fusion.rs:5:47
  |
5 | use crate::compiled::capture::{CapturedGraph, CapturedNode};
  |                                               ^^^^^^^^^^^^

warning: unused import: `alloc::string::String`
 --> crates/incin-core/src/compiled/plan.rs:4:5
  |
4 | use alloc::string::String;
  |     ^^^^^^^^^^^^^^^^^^^^^

warning: unused import: `SymbolEnvironment`
  --> crates/incin-core/src/compiled/plan.rs:12:57
   |
12 |     DimExpr, LayoutClass, OperationIdentity, ShapeExpr, SymbolEnvironment, SymbolTable,
   |                                                         ^^^^^^^^^^^^^^^^^

warning: function `export_captured_to_onnx` is never used
   --> crates/incin-core/src/onnx_exporter.rs:116:8
    |
116 | pub fn export_captured_to_onnx(graph: &CapturedGraph, path: &Path) -> anyhow::Result<()> {
    |        ^^^^^^^^^^^^^^^^^^^^^^^
    |
    = note: `#[warn(dead_code)]` (part of `#[warn(unused)]`) on by default

warning: `incin-core` (lib) generated 5 warnings (run `cargo fix --lib -p incin-core` to apply 4 suggestions)
    Checking incin-backends v0.0.0 (/home/xupremix/Projects/incin/crates/incin-backends)
warning: `incin-core` (lib test) generated 5 warnings (5 duplicates)
    Finished `dev` profile [unoptimized] target(s) in 19.48s

info: running `cargo check --all-targets --no-default-features --features cuda,distributed` on incin-core (12/384)
   Compiling incin-core v0.0.0 (/home/xupremix/Projects/incin/crates/incin-core)
    Checking incin-backends v0.0.0 (/home/xupremix/Projects/incin/crates/incin-backends)
    Finished `dev` profile [unoptimized] target(s) in 18.46s

info: running `cargo check --all-targets --no-default-features --features compiled,cuda,distributed` on incin-core (13/384)
   Compiling incin-core v0.0.0 (/home/xupremix/Projects/incin/crates/incin-core)
warning: unused import: `alloc::vec`
 --> crates/incin-core/src/compiled/artifact.rs:5:5
  |
5 | use alloc::vec;
  |     ^^^^^^^^^^
  |
  = note: `#[warn(unused_imports)]` (part of `#[warn(unused)]`) on by default

warning: unused import: `CapturedNode`
 --> crates/incin-core/src/compiled/fusion.rs:5:47
  |
5 | use crate::compiled::capture::{CapturedGraph, CapturedNode};
  |                                               ^^^^^^^^^^^^

warning: unused import: `alloc::string::String`
 --> crates/incin-core/src/compiled/plan.rs:4:5
  |
4 | use alloc::string::String;
  |     ^^^^^^^^^^^^^^^^^^^^^

warning: unused import: `SymbolEnvironment`
  --> crates/incin-core/src/compiled/plan.rs:12:57
   |
12 |     DimExpr, LayoutClass, OperationIdentity, ShapeExpr, SymbolEnvironment, SymbolTable,
   |                                                         ^^^^^^^^^^^^^^^^^

warning: function `export_captured_to_onnx` is never used
   --> crates/incin-core/src/onnx_exporter.rs:116:8
    |
116 | pub fn export_captured_to_onnx(graph: &CapturedGraph, path: &Path) -> anyhow::Result<()> {
    |        ^^^^^^^^^^^^^^^^^^^^^^^
    |
    = note: `#[warn(dead_code)]` (part of `#[warn(unused)]`) on by default

warning: `incin-core` (lib) generated 5 warnings (run `cargo fix --lib -p incin-core` to apply 4 suggestions)
    Checking incin-backends v0.0.0 (/home/xupremix/Projects/incin/crates/incin-backends)
warning: `incin-core` (lib test) generated 5 warnings (5 duplicates)
    Finished `dev` profile [unoptimized] target(s) in 18.59s

info: running `cargo check --all-targets --no-default-features --features default,distributed` on incin-core (14/384)
    Finished `dev` profile [unoptimized] target(s) in 0.16s

info: running `cargo check --all-targets --no-default-features --features compiled,default,distributed` on incin-core (15/384)
warning: unused import: `alloc::vec`
 --> crates/incin-core/src/compiled/artifact.rs:5:5
  |
5 | use alloc::vec;
  |     ^^^^^^^^^^
  |
  = note: `#[warn(unused_imports)]` (part of `#[warn(unused)]`) on by default

warning: unused import: `CapturedNode`
 --> crates/incin-core/src/compiled/fusion.rs:5:47
  |
5 | use crate::compiled::capture::{CapturedGraph, CapturedNode};
  |                                               ^^^^^^^^^^^^

warning: unused import: `alloc::string::String`
 --> crates/incin-core/src/compiled/plan.rs:4:5
  |
4 | use alloc::string::String;
  |     ^^^^^^^^^^^^^^^^^^^^^

warning: unused import: `SymbolEnvironment`
  --> crates/incin-core/src/compiled/plan.rs:12:57
   |
12 |     DimExpr, LayoutClass, OperationIdentity, ShapeExpr, SymbolEnvironment, SymbolTable,
   |                                                         ^^^^^^^^^^^^^^^^^

warning: function `export_captured_to_onnx` is never used
   --> crates/incin-core/src/onnx_exporter.rs:116:8
    |
116 | pub fn export_captured_to_onnx(graph: &CapturedGraph, path: &Path) -> anyhow::Result<()> {
    |        ^^^^^^^^^^^^^^^^^^^^^^^
    |
    = note: `#[warn(dead_code)]` (part of `#[warn(unused)]`) on by default

warning: `incin-core` (lib) generated 5 warnings (run `cargo fix --lib -p incin-core` to apply 4 suggestions)
warning: `incin-core` (lib test) generated 5 warnings (5 duplicates)
    Finished `dev` profile [unoptimized] target(s) in 0.17s

info: running `cargo check --all-targets --no-default-features --features cuda,default,distributed` on incin-core (16/384)
    Finished `dev` profile [unoptimized] target(s) in 0.17s

info: running `cargo check --all-targets --no-default-features --features compiled,cuda,default,distributed` on incin-core (17/384)
warning: unused import: `alloc::vec`
 --> crates/incin-core/src/compiled/artifact.rs:5:5
  |
5 | use alloc::vec;
  |     ^^^^^^^^^^
  |
  = note: `#[warn(unused_imports)]` (part of `#[warn(unused)]`) on by default

warning: unused import: `CapturedNode`
 --> crates/incin-core/src/compiled/fusion.rs:5:47
  |
5 | use crate::compiled::capture::{CapturedGraph, CapturedNode};
  |                                               ^^^^^^^^^^^^

warning: unused import: `alloc::string::String`
 --> crates/incin-core/src/compiled/plan.rs:4:5
  |
4 | use alloc::string::String;
  |     ^^^^^^^^^^^^^^^^^^^^^

warning: unused import: `SymbolEnvironment`
  --> crates/incin-core/src/compiled/plan.rs:12:57
   |
12 |     DimExpr, LayoutClass, OperationIdentity, ShapeExpr, SymbolEnvironment, SymbolTable,
   |                                                         ^^^^^^^^^^^^^^^^^

warning: function `export_captured_to_onnx` is never used
   --> crates/incin-core/src/onnx_exporter.rs:116:8
    |
116 | pub fn export_captured_to_onnx(graph: &CapturedGraph, path: &Path) -> anyhow::Result<()> {
    |        ^^^^^^^^^^^^^^^^^^^^^^^
    |
    = note: `#[warn(dead_code)]` (part of `#[warn(unused)]`) on by default

warning: `incin-core` (lib) generated 5 warnings (run `cargo fix --lib -p incin-core` to apply 4 suggestions)
warning: `incin-core` (lib test) generated 5 warnings (5 duplicates)
    Finished `dev` profile [unoptimized] target(s) in 0.15s

info: running `cargo check --all-targets --no-default-features --features metal` on incin-core (18/384)
   Compiling incin-core v0.0.0 (/home/xupremix/Projects/incin/crates/incin-core)
    Checking incin-backends v0.0.0 (/home/xupremix/Projects/incin/crates/incin-backends)
    Finished `dev` profile [unoptimized] target(s) in 16.19s

info: running `cargo check --all-targets --no-default-features --features compiled,metal` on incin-core (19/384)
   Compiling incin-core v0.0.0 (/home/xupremix/Projects/incin/crates/incin-core)
warning: unused import: `alloc::vec`
 --> crates/incin-core/src/compiled/artifact.rs:5:5
  |
5 | use alloc::vec;
  |     ^^^^^^^^^^
  |
  = note: `#[warn(unused_imports)]` (part of `#[warn(unused)]`) on by default

warning: unused import: `CapturedNode`
 --> crates/incin-core/src/compiled/fusion.rs:5:47
  |
5 | use crate::compiled::capture::{CapturedGraph, CapturedNode};
  |                                               ^^^^^^^^^^^^

warning: unused import: `alloc::string::String`
 --> crates/incin-core/src/compiled/plan.rs:4:5
  |
4 | use alloc::string::String;
  |     ^^^^^^^^^^^^^^^^^^^^^

warning: unused import: `SymbolEnvironment`
  --> crates/incin-core/src/compiled/plan.rs:12:57
   |
12 |     DimExpr, LayoutClass, OperationIdentity, ShapeExpr, SymbolEnvironment, SymbolTable,
   |                                                         ^^^^^^^^^^^^^^^^^

warning: function `export_captured_to_onnx` is never used
   --> crates/incin-core/src/onnx_exporter.rs:116:8
    |
116 | pub fn export_captured_to_onnx(graph: &CapturedGraph, path: &Path) -> anyhow::Result<()> {
    |        ^^^^^^^^^^^^^^^^^^^^^^^
    |
    = note: `#[warn(dead_code)]` (part of `#[warn(unused)]`) on by default

warning: `incin-core` (lib) generated 5 warnings (run `cargo fix --lib -p incin-core` to apply 4 suggestions)
    Checking incin-backends v0.0.0 (/home/xupremix/Projects/incin/crates/incin-backends)
warning: `incin-core` (lib test) generated 5 warnings (5 duplicates)
    Finished `dev` profile [unoptimized] target(s) in 18.00s

info: running `cargo check --all-targets --no-default-features --features cuda,metal` on incin-core (20/384)
   Compiling incin-core v0.0.0 (/home/xupremix/Projects/incin/crates/incin-core)
    Checking incin-backends v0.0.0 (/home/xupremix/Projects/incin/crates/incin-backends)
    Finished `dev` profile [unoptimized] target(s) in 16.99s

info: running `cargo check --all-targets --no-default-features --features compiled,cuda,metal` on incin-core (21/384)
   Compiling incin-core v0.0.0 (/home/xupremix/Projects/incin/crates/incin-core)
warning: unused import: `alloc::vec`
 --> crates/incin-core/src/compiled/artifact.rs:5:5
  |
5 | use alloc::vec;
  |     ^^^^^^^^^^
  |
  = note: `#[warn(unused_imports)]` (part of `#[warn(unused)]`) on by default

warning: unused import: `CapturedNode`
 --> crates/incin-core/src/compiled/fusion.rs:5:47
  |
5 | use crate::compiled::capture::{CapturedGraph, CapturedNode};
  |                                               ^^^^^^^^^^^^

warning: unused import: `alloc::string::String`
 --> crates/incin-core/src/compiled/plan.rs:4:5
  |
4 | use alloc::string::String;
  |     ^^^^^^^^^^^^^^^^^^^^^

warning: unused import: `SymbolEnvironment`
  --> crates/incin-core/src/compiled/plan.rs:12:57
   |
12 |     DimExpr, LayoutClass, OperationIdentity, ShapeExpr, SymbolEnvironment, SymbolTable,
   |                                                         ^^^^^^^^^^^^^^^^^

warning: function `export_captured_to_onnx` is never used
   --> crates/incin-core/src/onnx_exporter.rs:116:8
    |
116 | pub fn export_captured_to_onnx(graph: &CapturedGraph, path: &Path) -> anyhow::Result<()> {
    |        ^^^^^^^^^^^^^^^^^^^^^^^
    |
    = note: `#[warn(dead_code)]` (part of `#[warn(unused)]`) on by default

warning: `incin-core` (lib) generated 5 warnings (run `cargo fix --lib -p incin-core` to apply 4 suggestions)
    Checking incin-backends v0.0.0 (/home/xupremix/Projects/incin/crates/incin-backends)
warning: `incin-core` (lib test) generated 5 warnings (5 duplicates)
    Finished `dev` profile [unoptimized] target(s) in 18.29s

info: running `cargo check --all-targets --no-default-features --features default,metal` on incin-core (22/384)
    Finished `dev` profile [unoptimized] target(s) in 0.17s

info: running `cargo check --all-targets --no-default-features --features compiled,default,metal` on incin-core (23/384)
warning: unused import: `alloc::vec`
 --> crates/incin-core/src/compiled/artifact.rs:5:5
  |
5 | use alloc::vec;
  |     ^^^^^^^^^^
  |
  = note: `#[warn(unused_imports)]` (part of `#[warn(unused)]`) on by default

warning: unused import: `CapturedNode`
 --> crates/incin-core/src/compiled/fusion.rs:5:47
  |
5 | use crate::compiled::capture::{CapturedGraph, CapturedNode};
  |                                               ^^^^^^^^^^^^

warning: unused import: `alloc::string::String`
 --> crates/incin-core/src/compiled/plan.rs:4:5
  |
4 | use alloc::string::String;
  |     ^^^^^^^^^^^^^^^^^^^^^

warning: unused import: `SymbolEnvironment`
  --> crates/incin-core/src/compiled/plan.rs:12:57
   |
12 |     DimExpr, LayoutClass, OperationIdentity, ShapeExpr, SymbolEnvironment, SymbolTable,
   |                                                         ^^^^^^^^^^^^^^^^^

warning: function `export_captured_to_onnx` is never used
   --> crates/incin-core/src/onnx_exporter.rs:116:8
    |
116 | pub fn export_captured_to_onnx(graph: &CapturedGraph, path: &Path) -> anyhow::Result<()> {
    |        ^^^^^^^^^^^^^^^^^^^^^^^
    |
    = note: `#[warn(dead_code)]` (part of `#[warn(unused)]`) on by default

warning: `incin-core` (lib) generated 5 warnings (run `cargo fix --lib -p incin-core` to apply 4 suggestions)
warning: `incin-core` (lib test) generated 5 warnings (5 duplicates)
    Finished `dev` profile [unoptimized] target(s) in 0.16s

info: running `cargo check --all-targets --no-default-features --features cuda,default,metal` on incin-core (24/384)
    Finished `dev` profile [unoptimized] target(s) in 0.17s

info: running `cargo check --all-targets --no-default-features --features compiled,cuda,default,metal` on incin-core (25/384)
warning: unused import: `alloc::vec`
 --> crates/incin-core/src/compiled/artifact.rs:5:5
  |
5 | use alloc::vec;
  |     ^^^^^^^^^^
  |
  = note: `#[warn(unused_imports)]` (part of `#[warn(unused)]`) on by default

warning: unused import: `CapturedNode`
 --> crates/incin-core/src/compiled/fusion.rs:5:47
  |
5 | use crate::compiled::capture::{CapturedGraph, CapturedNode};
  |                                               ^^^^^^^^^^^^

warning: unused import: `alloc::string::String`
 --> crates/incin-core/src/compiled/plan.rs:4:5
  |
4 | use alloc::string::String;
  |     ^^^^^^^^^^^^^^^^^^^^^

warning: unused import: `SymbolEnvironment`
  --> crates/incin-core/src/compiled/plan.rs:12:57
   |
12 |     DimExpr, LayoutClass, OperationIdentity, ShapeExpr, SymbolEnvironment, SymbolTable,
   |                                                         ^^^^^^^^^^^^^^^^^

warning: function `export_captured_to_onnx` is never used
   --> crates/incin-core/src/onnx_exporter.rs:116:8
    |
116 | pub fn export_captured_to_onnx(graph: &CapturedGraph, path: &Path) -> anyhow::Result<()> {
    |        ^^^^^^^^^^^^^^^^^^^^^^^
    |
    = note: `#[warn(dead_code)]` (part of `#[warn(unused)]`) on by default

warning: `incin-core` (lib) generated 5 warnings (run `cargo fix --lib -p incin-core` to apply 4 suggestions)
warning: `incin-core` (lib test) generated 5 warnings (5 duplicates)
    Finished `dev` profile [unoptimized] target(s) in 0.19s

info: running `cargo check --all-targets --no-default-features --features distributed,metal` on incin-core (26/384)
   Compiling incin-core v0.0.0 (/home/xupremix/Projects/incin/crates/incin-core)
    Checking incin-backends v0.0.0 (/home/xupremix/Projects/incin/crates/incin-backends)
    Finished `dev` profile [unoptimized] target(s) in 17.21s

info: running `cargo check --all-targets --no-default-features --features compiled,distributed,metal` on incin-core (27/384)
   Compiling incin-core v0.0.0 (/home/xupremix/Projects/incin/crates/incin-core)
warning: unused import: `alloc::vec`
 --> crates/incin-core/src/compiled/artifact.rs:5:5
  |
5 | use alloc::vec;
  |     ^^^^^^^^^^
  |
  = note: `#[warn(unused_imports)]` (part of `#[warn(unused)]`) on by default

warning: unused import: `CapturedNode`
 --> crates/incin-core/src/compiled/fusion.rs:5:47
  |
5 | use crate::compiled::capture::{CapturedGraph, CapturedNode};
  |                                               ^^^^^^^^^^^^

warning: unused import: `alloc::string::String`
 --> crates/incin-core/src/compiled/plan.rs:4:5
  |
4 | use alloc::string::String;
  |     ^^^^^^^^^^^^^^^^^^^^^

warning: unused import: `SymbolEnvironment`
  --> crates/incin-core/src/compiled/plan.rs:12:57
   |
12 |     DimExpr, LayoutClass, OperationIdentity, ShapeExpr, SymbolEnvironment, SymbolTable,
   |                                                         ^^^^^^^^^^^^^^^^^

warning: function `export_captured_to_onnx` is never used
   --> crates/incin-core/src/onnx_exporter.rs:116:8
    |
116 | pub fn export_captured_to_onnx(graph: &CapturedGraph, path: &Path) -> anyhow::Result<()> {
    |        ^^^^^^^^^^^^^^^^^^^^^^^
    |
    = note: `#[warn(dead_code)]` (part of `#[warn(unused)]`) on by default

warning: `incin-core` (lib) generated 5 warnings (run `cargo fix --lib -p incin-core` to apply 4 suggestions)
    Checking incin-backends v0.0.0 (/home/xupremix/Projects/incin/crates/incin-backends)
warning: `incin-core` (lib test) generated 5 warnings (5 duplicates)
    Finished `dev` profile [unoptimized] target(s) in 17.47s

info: running `cargo check --all-targets --no-default-features --features cuda,distributed,metal` on incin-core (28/384)
   Compiling incin-core v0.0.0 (/home/xupremix/Projects/incin/crates/incin-core)
    Checking incin-backends v0.0.0 (/home/xupremix/Projects/incin/crates/incin-backends)
    Finished `dev` profile [unoptimized] target(s) in 16.02s

info: running `cargo check --all-targets --no-default-features --features compiled,cuda,distributed,metal` on incin-core (29/384)
   Compiling incin-core v0.0.0 (/home/xupremix/Projects/incin/crates/incin-core)
warning: unused import: `alloc::vec`
 --> crates/incin-core/src/compiled/artifact.rs:5:5
  |
5 | use alloc::vec;
  |     ^^^^^^^^^^
  |
  = note: `#[warn(unused_imports)]` (part of `#[warn(unused)]`) on by default

warning: unused import: `CapturedNode`
 --> crates/incin-core/src/compiled/fusion.rs:5:47
  |
5 | use crate::compiled::capture::{CapturedGraph, CapturedNode};
  |                                               ^^^^^^^^^^^^

warning: unused import: `alloc::string::String`
 --> crates/incin-core/src/compiled/plan.rs:4:5
  |
4 | use alloc::string::String;
  |     ^^^^^^^^^^^^^^^^^^^^^

warning: unused import: `SymbolEnvironment`
  --> crates/incin-core/src/compiled/plan.rs:12:57
   |
12 |     DimExpr, LayoutClass, OperationIdentity, ShapeExpr, SymbolEnvironment, SymbolTable,
   |                                                         ^^^^^^^^^^^^^^^^^

warning: function `export_captured_to_onnx` is never used
   --> crates/incin-core/src/onnx_exporter.rs:116:8
    |
116 | pub fn export_captured_to_onnx(graph: &CapturedGraph, path: &Path) -> anyhow::Result<()> {
    |        ^^^^^^^^^^^^^^^^^^^^^^^
    |
    = note: `#[warn(dead_code)]` (part of `#[warn(unused)]`) on by default

warning: `incin-core` (lib) generated 5 warnings (run `cargo fix --lib -p incin-core` to apply 4 suggestions)
    Checking incin-backends v0.0.0 (/home/xupremix/Projects/incin/crates/incin-backends)
warning: `incin-core` (lib test) generated 5 warnings (5 duplicates)
    Finished `dev` profile [unoptimized] target(s) in 16.78s

info: running `cargo check --all-targets --no-default-features --features default,distributed,metal` on incin-core (30/384)
    Finished `dev` profile [unoptimized] target(s) in 0.14s

info: running `cargo check --all-targets --no-default-features --features compiled,default,distributed,metal` on incin-core (31/384)
warning: unused import: `alloc::vec`
 --> crates/incin-core/src/compiled/artifact.rs:5:5
  |
5 | use alloc::vec;
  |     ^^^^^^^^^^
  |
  = note: `#[warn(unused_imports)]` (part of `#[warn(unused)]`) on by default

warning: unused import: `CapturedNode`
 --> crates/incin-core/src/compiled/fusion.rs:5:47
  |
5 | use crate::compiled::capture::{CapturedGraph, CapturedNode};
  |                                               ^^^^^^^^^^^^

warning: unused import: `alloc::string::String`
 --> crates/incin-core/src/compiled/plan.rs:4:5
  |
4 | use alloc::string::String;
  |     ^^^^^^^^^^^^^^^^^^^^^

warning: unused import: `SymbolEnvironment`
  --> crates/incin-core/src/compiled/plan.rs:12:57
   |
12 |     DimExpr, LayoutClass, OperationIdentity, ShapeExpr, SymbolEnvironment, SymbolTable,
   |                                                         ^^^^^^^^^^^^^^^^^

warning: function `export_captured_to_onnx` is never used
   --> crates/incin-core/src/onnx_exporter.rs:116:8
    |
116 | pub fn export_captured_to_onnx(graph: &CapturedGraph, path: &Path) -> anyhow::Result<()> {
    |        ^^^^^^^^^^^^^^^^^^^^^^^
    |
    = note: `#[warn(dead_code)]` (part of `#[warn(unused)]`) on by default

warning: `incin-core` (lib) generated 5 warnings (run `cargo fix --lib -p incin-core` to apply 4 suggestions)
warning: `incin-core` (lib test) generated 5 warnings (5 duplicates)
    Finished `dev` profile [unoptimized] target(s) in 0.15s

info: running `cargo check --all-targets --no-default-features --features cuda,default,distributed,metal` on incin-core (32/384)
    Finished `dev` profile [unoptimized] target(s) in 0.14s

info: running `cargo check --all-targets --no-default-features --features compiled,cuda,default,distributed,metal` on incin-core (33/384)
warning: unused import: `alloc::vec`
 --> crates/incin-core/src/compiled/artifact.rs:5:5
  |
5 | use alloc::vec;
  |     ^^^^^^^^^^
  |
  = note: `#[warn(unused_imports)]` (part of `#[warn(unused)]`) on by default

warning: unused import: `CapturedNode`
 --> crates/incin-core/src/compiled/fusion.rs:5:47
  |
5 | use crate::compiled::capture::{CapturedGraph, CapturedNode};
  |                                               ^^^^^^^^^^^^

warning: unused import: `alloc::string::String`
 --> crates/incin-core/src/compiled/plan.rs:4:5
  |
4 | use alloc::string::String;
  |     ^^^^^^^^^^^^^^^^^^^^^

warning: unused import: `SymbolEnvironment`
  --> crates/incin-core/src/compiled/plan.rs:12:57
   |
12 |     DimExpr, LayoutClass, OperationIdentity, ShapeExpr, SymbolEnvironment, SymbolTable,
   |                                                         ^^^^^^^^^^^^^^^^^

warning: function `export_captured_to_onnx` is never used
   --> crates/incin-core/src/onnx_exporter.rs:116:8
    |
116 | pub fn export_captured_to_onnx(graph: &CapturedGraph, path: &Path) -> anyhow::Result<()> {
    |        ^^^^^^^^^^^^^^^^^^^^^^^
    |
    = note: `#[warn(dead_code)]` (part of `#[warn(unused)]`) on by default

warning: `incin-core` (lib) generated 5 warnings (run `cargo fix --lib -p incin-core` to apply 4 suggestions)
warning: `incin-core` (lib test) generated 5 warnings (5 duplicates)
    Finished `dev` profile [unoptimized] target(s) in 0.14s

info: running `cargo check --all-targets --no-default-features --features paranoid-validation` on incin-core (34/384)
   Compiling incin-core v0.0.0 (/home/xupremix/Projects/incin/crates/incin-core)
    Checking incin-backends v0.0.0 (/home/xupremix/Projects/incin/crates/incin-backends)
    Finished `dev` profile [unoptimized] target(s) in 14.71s

info: running `cargo check --all-targets --no-default-features --features compiled,paranoid-validation` on incin-core (35/384)
   Compiling incin-core v0.0.0 (/home/xupremix/Projects/incin/crates/incin-core)
warning: unused import: `alloc::vec`
 --> crates/incin-core/src/compiled/artifact.rs:5:5
  |
5 | use alloc::vec;
  |     ^^^^^^^^^^
  |
  = note: `#[warn(unused_imports)]` (part of `#[warn(unused)]`) on by default

warning: unused import: `CapturedNode`
 --> crates/incin-core/src/compiled/fusion.rs:5:47
  |
5 | use crate::compiled::capture::{CapturedGraph, CapturedNode};
  |                                               ^^^^^^^^^^^^

warning: unused import: `alloc::string::String`
 --> crates/incin-core/src/compiled/plan.rs:4:5
  |
4 | use alloc::string::String;
  |     ^^^^^^^^^^^^^^^^^^^^^

warning: unused import: `SymbolEnvironment`
  --> crates/incin-core/src/compiled/plan.rs:12:57
   |
12 |     DimExpr, LayoutClass, OperationIdentity, ShapeExpr, SymbolEnvironment, SymbolTable,
   |                                                         ^^^^^^^^^^^^^^^^^

warning: function `export_captured_to_onnx` is never used
   --> crates/incin-core/src/onnx_exporter.rs:116:8
    |
116 | pub fn export_captured_to_onnx(graph: &CapturedGraph, path: &Path) -> anyhow::Result<()> {
    |        ^^^^^^^^^^^^^^^^^^^^^^^
    |
    = note: `#[warn(dead_code)]` (part of `#[warn(unused)]`) on by default

warning: `incin-core` (lib) generated 5 warnings (run `cargo fix --lib -p incin-core` to apply 4 suggestions)
    Checking incin-backends v0.0.0 (/home/xupremix/Projects/incin/crates/incin-backends)
warning: `incin-core` (lib test) generated 5 warnings (5 duplicates)
    Finished `dev` profile [unoptimized] target(s) in 15.54s

info: running `cargo check --all-targets --no-default-features --features cuda,paranoid-validation` on incin-core (36/384)
   Compiling incin-core v0.0.0 (/home/xupremix/Projects/incin/crates/incin-core)
    Checking incin-backends v0.0.0 (/home/xupremix/Projects/incin/crates/incin-backends)
    Finished `dev` profile [unoptimized] target(s) in 14.58s

info: running `cargo check --all-targets --no-default-features --features compiled,cuda,paranoid-validation` on incin-core (37/384)
   Compiling incin-core v0.0.0 (/home/xupremix/Projects/incin/crates/incin-core)
warning: unused import: `alloc::vec`
 --> crates/incin-core/src/compiled/artifact.rs:5:5
  |
5 | use alloc::vec;
  |     ^^^^^^^^^^
  |
  = note: `#[warn(unused_imports)]` (part of `#[warn(unused)]`) on by default

warning: unused import: `CapturedNode`
 --> crates/incin-core/src/compiled/fusion.rs:5:47
  |
5 | use crate::compiled::capture::{CapturedGraph, CapturedNode};
  |                                               ^^^^^^^^^^^^

warning: unused import: `alloc::string::String`
 --> crates/incin-core/src/compiled/plan.rs:4:5
  |
4 | use alloc::string::String;
  |     ^^^^^^^^^^^^^^^^^^^^^

warning: unused import: `SymbolEnvironment`
  --> crates/incin-core/src/compiled/plan.rs:12:57
   |
12 |     DimExpr, LayoutClass, OperationIdentity, ShapeExpr, SymbolEnvironment, SymbolTable,
   |                                                         ^^^^^^^^^^^^^^^^^

warning: function `export_captured_to_onnx` is never used
   --> crates/incin-core/src/onnx_exporter.rs:116:8
    |
116 | pub fn export_captured_to_onnx(graph: &CapturedGraph, path: &Path) -> anyhow::Result<()> {
    |        ^^^^^^^^^^^^^^^^^^^^^^^
    |
    = note: `#[warn(dead_code)]` (part of `#[warn(unused)]`) on by default

warning: `incin-core` (lib) generated 5 warnings (run `cargo fix --lib -p incin-core` to apply 4 suggestions)
    Checking incin-backends v0.0.0 (/home/xupremix/Projects/incin/crates/incin-backends)
warning: `incin-core` (lib test) generated 5 warnings (5 duplicates)
    Finished `dev` profile [unoptimized] target(s) in 15.32s

info: running `cargo check --all-targets --no-default-features --features default,paranoid-validation` on incin-core (38/384)
    Finished `dev` profile [unoptimized] target(s) in 0.15s

info: running `cargo check --all-targets --no-default-features --features compiled,default,paranoid-validation` on incin-core (39/384)
warning: unused import: `alloc::vec`
 --> crates/incin-core/src/compiled/artifact.rs:5:5
  |
5 | use alloc::vec;
  |     ^^^^^^^^^^
  |
  = note: `#[warn(unused_imports)]` (part of `#[warn(unused)]`) on by default

warning: unused import: `CapturedNode`
 --> crates/incin-core/src/compiled/fusion.rs:5:47
  |
5 | use crate::compiled::capture::{CapturedGraph, CapturedNode};
  |                                               ^^^^^^^^^^^^

warning: unused import: `alloc::string::String`
 --> crates/incin-core/src/compiled/plan.rs:4:5
  |
4 | use alloc::string::String;
  |     ^^^^^^^^^^^^^^^^^^^^^

warning: unused import: `SymbolEnvironment`
  --> crates/incin-core/src/compiled/plan.rs:12:57
   |
12 |     DimExpr, LayoutClass, OperationIdentity, ShapeExpr, SymbolEnvironment, SymbolTable,
   |                                                         ^^^^^^^^^^^^^^^^^

warning: function `export_captured_to_onnx` is never used
   --> crates/incin-core/src/onnx_exporter.rs:116:8
    |
116 | pub fn export_captured_to_onnx(graph: &CapturedGraph, path: &Path) -> anyhow::Result<()> {
    |        ^^^^^^^^^^^^^^^^^^^^^^^
    |
    = note: `#[warn(dead_code)]` (part of `#[warn(unused)]`) on by default

warning: `incin-core` (lib) generated 5 warnings (run `cargo fix --lib -p incin-core` to apply 4 suggestions)
warning: `incin-core` (lib test) generated 5 warnings (5 duplicates)
    Finished `dev` profile [unoptimized] target(s) in 0.15s

info: running `cargo check --all-targets --no-default-features --features cuda,default,paranoid-validation` on incin-core (40/384)
    Finished `dev` profile [unoptimized] target(s) in 0.15s

info: running `cargo check --all-targets --no-default-features --features compiled,cuda,default,paranoid-validation` on incin-core (41/384)
warning: unused import: `alloc::vec`
 --> crates/incin-core/src/compiled/artifact.rs:5:5
  |
5 | use alloc::vec;
  |     ^^^^^^^^^^
  |
  = note: `#[warn(unused_imports)]` (part of `#[warn(unused)]`) on by default

warning: unused import: `CapturedNode`
 --> crates/incin-core/src/compiled/fusion.rs:5:47
  |
5 | use crate::compiled::capture::{CapturedGraph, CapturedNode};
  |                                               ^^^^^^^^^^^^

warning: unused import: `alloc::string::String`
 --> crates/incin-core/src/compiled/plan.rs:4:5
  |
4 | use alloc::string::String;
  |     ^^^^^^^^^^^^^^^^^^^^^

warning: unused import: `SymbolEnvironment`
  --> crates/incin-core/src/compiled/plan.rs:12:57
   |
12 |     DimExpr, LayoutClass, OperationIdentity, ShapeExpr, SymbolEnvironment, SymbolTable,
   |                                                         ^^^^^^^^^^^^^^^^^

warning: function `export_captured_to_onnx` is never used
   --> crates/incin-core/src/onnx_exporter.rs:116:8
    |
116 | pub fn export_captured_to_onnx(graph: &CapturedGraph, path: &Path) -> anyhow::Result<()> {
    |        ^^^^^^^^^^^^^^^^^^^^^^^
    |
    = note: `#[warn(dead_code)]` (part of `#[warn(unused)]`) on by default

warning: `incin-core` (lib) generated 5 warnings (run `cargo fix --lib -p incin-core` to apply 4 suggestions)
warning: `incin-core` (lib test) generated 5 warnings (5 duplicates)
    Finished `dev` profile [unoptimized] target(s) in 0.15s

info: running `cargo check --all-targets --no-default-features --features distributed,paranoid-validation` on incin-core (42/384)
   Compiling incin-core v0.0.0 (/home/xupremix/Projects/incin/crates/incin-core)
    Checking incin-backends v0.0.0 (/home/xupremix/Projects/incin/crates/incin-backends)
    Finished `dev` profile [unoptimized] target(s) in 15.81s

info: running `cargo check --all-targets --no-default-features --features compiled,distributed,paranoid-validation` on incin-core (43/384)
   Compiling incin-core v0.0.0 (/home/xupremix/Projects/incin/crates/incin-core)
warning: unused import: `alloc::vec`
 --> crates/incin-core/src/compiled/artifact.rs:5:5
  |
5 | use alloc::vec;
  |     ^^^^^^^^^^
  |
  = note: `#[warn(unused_imports)]` (part of `#[warn(unused)]`) on by default

warning: unused import: `CapturedNode`
 --> crates/incin-core/src/compiled/fusion.rs:5:47
  |
5 | use crate::compiled::capture::{CapturedGraph, CapturedNode};
  |                                               ^^^^^^^^^^^^

warning: unused import: `alloc::string::String`
 --> crates/incin-core/src/compiled/plan.rs:4:5
  |
4 | use alloc::string::String;
  |     ^^^^^^^^^^^^^^^^^^^^^

warning: unused import: `SymbolEnvironment`
  --> crates/incin-core/src/compiled/plan.rs:12:57
   |
12 |     DimExpr, LayoutClass, OperationIdentity, ShapeExpr, SymbolEnvironment, SymbolTable,
   |                                                         ^^^^^^^^^^^^^^^^^

warning: function `export_captured_to_onnx` is never used
   --> crates/incin-core/src/onnx_exporter.rs:116:8
    |
116 | pub fn export_captured_to_onnx(graph: &CapturedGraph, path: &Path) -> anyhow::Result<()> {
    |        ^^^^^^^^^^^^^^^^^^^^^^^
    |
    = note: `#[warn(dead_code)]` (part of `#[warn(unused)]`) on by default

warning: `incin-core` (lib) generated 5 warnings (run `cargo fix --lib -p incin-core` to apply 4 suggestions)
    Checking incin-backends v0.0.0 (/home/xupremix/Projects/incin/crates/incin-backends)
warning: `incin-core` (lib test) generated 5 warnings (5 duplicates)
    Finished `dev` profile [unoptimized] target(s) in 16.51s

info: running `cargo check --all-targets --no-default-features --features cuda,distributed,paranoid-validation` on incin-core (44/384)
   Compiling incin-core v0.0.0 (/home/xupremix/Projects/incin/crates/incin-core)
    Checking incin-backends v0.0.0 (/home/xupremix/Projects/incin/crates/incin-backends)
    Finished `dev` profile [unoptimized] target(s) in 15.86s

info: running `cargo check --all-targets --no-default-features --features compiled,cuda,distributed,paranoid-validation` on incin-core (45/384)
   Compiling incin-core v0.0.0 (/home/xupremix/Projects/incin/crates/incin-core)
warning: unused import: `alloc::vec`
 --> crates/incin-core/src/compiled/artifact.rs:5:5
  |
5 | use alloc::vec;
  |     ^^^^^^^^^^
  |
  = note: `#[warn(unused_imports)]` (part of `#[warn(unused)]`) on by default

warning: unused import: `CapturedNode`
 --> crates/incin-core/src/compiled/fusion.rs:5:47
  |
5 | use crate::compiled::capture::{CapturedGraph, CapturedNode};
  |                                               ^^^^^^^^^^^^

warning: unused import: `alloc::string::String`
 --> crates/incin-core/src/compiled/plan.rs:4:5
  |
4 | use alloc::string::String;
  |     ^^^^^^^^^^^^^^^^^^^^^

warning: unused import: `SymbolEnvironment`
  --> crates/incin-core/src/compiled/plan.rs:12:57
   |
12 |     DimExpr, LayoutClass, OperationIdentity, ShapeExpr, SymbolEnvironment, SymbolTable,
   |                                                         ^^^^^^^^^^^^^^^^^

warning: function `export_captured_to_onnx` is never used
   --> crates/incin-core/src/onnx_exporter.rs:116:8
    |
116 | pub fn export_captured_to_onnx(graph: &CapturedGraph, path: &Path) -> anyhow::Result<()> {
    |        ^^^^^^^^^^^^^^^^^^^^^^^
    |
    = note: `#[warn(dead_code)]` (part of `#[warn(unused)]`) on by default

warning: `incin-core` (lib) generated 5 warnings (run `cargo fix --lib -p incin-core` to apply 4 suggestions)
    Checking incin-backends v0.0.0 (/home/xupremix/Projects/incin/crates/incin-backends)
warning: `incin-core` (lib test) generated 5 warnings (5 duplicates)
    Finished `dev` profile [unoptimized] target(s) in 16.93s

info: running `cargo check --all-targets --no-default-features --features default,distributed,paranoid-validation` on incin-core (46/384)
    Finished `dev` profile [unoptimized] target(s) in 0.19s

info: running `cargo check --all-targets --no-default-features --features compiled,default,distributed,paranoid-validation` on incin-core (47/384)
warning: unused import: `alloc::vec`
 --> crates/incin-core/src/compiled/artifact.rs:5:5
  |
5 | use alloc::vec;
  |     ^^^^^^^^^^
  |
  = note: `#[warn(unused_imports)]` (part of `#[warn(unused)]`) on by default

warning: unused import: `CapturedNode`
 --> crates/incin-core/src/compiled/fusion.rs:5:47
  |
5 | use crate::compiled::capture::{CapturedGraph, CapturedNode};
  |                                               ^^^^^^^^^^^^

warning: unused import: `alloc::string::String`
 --> crates/incin-core/src/compiled/plan.rs:4:5
  |
4 | use alloc::string::String;
  |     ^^^^^^^^^^^^^^^^^^^^^

warning: unused import: `SymbolEnvironment`
  --> crates/incin-core/src/compiled/plan.rs:12:57
   |
12 |     DimExpr, LayoutClass, OperationIdentity, ShapeExpr, SymbolEnvironment, SymbolTable,
   |                                                         ^^^^^^^^^^^^^^^^^

warning: function `export_captured_to_onnx` is never used
   --> crates/incin-core/src/onnx_exporter.rs:116:8
    |
116 | pub fn export_captured_to_onnx(graph: &CapturedGraph, path: &Path) -> anyhow::Result<()> {
    |        ^^^^^^^^^^^^^^^^^^^^^^^
    |
    = note: `#[warn(dead_code)]` (part of `#[warn(unused)]`) on by default

warning: `incin-core` (lib) generated 5 warnings (run `cargo fix --lib -p incin-core` to apply 4 suggestions)
warning: `incin-core` (lib test) generated 5 warnings (5 duplicates)
    Finished `dev` profile [unoptimized] target(s) in 0.15s

info: running `cargo check --all-targets --no-default-features --features cuda,default,distributed,paranoid-validation` on incin-core (48/384)
    Finished `dev` profile [unoptimized] target(s) in 0.15s

info: running `cargo check --all-targets --no-default-features --features compiled,cuda,default,distributed,paranoid-validation` on incin-core (49/384)
warning: unused import: `alloc::vec`
 --> crates/incin-core/src/compiled/artifact.rs:5:5
  |
5 | use alloc::vec;
  |     ^^^^^^^^^^
  |
  = note: `#[warn(unused_imports)]` (part of `#[warn(unused)]`) on by default

warning: unused import: `CapturedNode`
 --> crates/incin-core/src/compiled/fusion.rs:5:47
  |
5 | use crate::compiled::capture::{CapturedGraph, CapturedNode};
  |                                               ^^^^^^^^^^^^

warning: unused import: `alloc::string::String`
 --> crates/incin-core/src/compiled/plan.rs:4:5
  |
4 | use alloc::string::String;
  |     ^^^^^^^^^^^^^^^^^^^^^

warning: unused import: `SymbolEnvironment`
  --> crates/incin-core/src/compiled/plan.rs:12:57
   |
12 |     DimExpr, LayoutClass, OperationIdentity, ShapeExpr, SymbolEnvironment, SymbolTable,
   |                                                         ^^^^^^^^^^^^^^^^^

warning: function `export_captured_to_onnx` is never used
   --> crates/incin-core/src/onnx_exporter.rs:116:8
    |
116 | pub fn export_captured_to_onnx(graph: &CapturedGraph, path: &Path) -> anyhow::Result<()> {
    |        ^^^^^^^^^^^^^^^^^^^^^^^
    |
    = note: `#[warn(dead_code)]` (part of `#[warn(unused)]`) on by default

warning: `incin-core` (lib) generated 5 warnings (run `cargo fix --lib -p incin-core` to apply 4 suggestions)
warning: `incin-core` (lib test) generated 5 warnings (5 duplicates)
    Finished `dev` profile [unoptimized] target(s) in 0.15s

info: running `cargo check --all-targets --no-default-features --features metal,paranoid-validation` on incin-core (50/384)
   Compiling incin-core v0.0.0 (/home/xupremix/Projects/incin/crates/incin-core)
    Checking incin-backends v0.0.0 (/home/xupremix/Projects/incin/crates/incin-backends)
    Finished `dev` profile [unoptimized] target(s) in 14.56s

info: running `cargo check --all-targets --no-default-features --features compiled,metal,paranoid-validation` on incin-core (51/384)
   Compiling incin-core v0.0.0 (/home/xupremix/Projects/incin/crates/incin-core)
warning: unused import: `alloc::vec`
 --> crates/incin-core/src/compiled/artifact.rs:5:5
  |
5 | use alloc::vec;
  |     ^^^^^^^^^^
  |
  = note: `#[warn(unused_imports)]` (part of `#[warn(unused)]`) on by default

warning: unused import: `CapturedNode`
 --> crates/incin-core/src/compiled/fusion.rs:5:47
  |
5 | use crate::compiled::capture::{CapturedGraph, CapturedNode};
  |                                               ^^^^^^^^^^^^

warning: unused import: `alloc::string::String`
 --> crates/incin-core/src/compiled/plan.rs:4:5
  |
4 | use alloc::string::String;
  |     ^^^^^^^^^^^^^^^^^^^^^

warning: unused import: `SymbolEnvironment`
  --> crates/incin-core/src/compiled/plan.rs:12:57
   |
12 |     DimExpr, LayoutClass, OperationIdentity, ShapeExpr, SymbolEnvironment, SymbolTable,
   |                                                         ^^^^^^^^^^^^^^^^^

warning: function `export_captured_to_onnx` is never used
   --> crates/incin-core/src/onnx_exporter.rs:116:8
    |
116 | pub fn export_captured_to_onnx(graph: &CapturedGraph, path: &Path) -> anyhow::Result<()> {
    |        ^^^^^^^^^^^^^^^^^^^^^^^
    |
    = note: `#[warn(dead_code)]` (part of `#[warn(unused)]`) on by default

warning: `incin-core` (lib) generated 5 warnings (run `cargo fix --lib -p incin-core` to apply 4 suggestions)
    Checking incin-backends v0.0.0 (/home/xupremix/Projects/incin/crates/incin-backends)
warning: `incin-core` (lib test) generated 5 warnings (5 duplicates)
    Finished `dev` profile [unoptimized] target(s) in 15.48s

info: running `cargo check --all-targets --no-default-features --features cuda,metal,paranoid-validation` on incin-core (52/384)
   Compiling incin-core v0.0.0 (/home/xupremix/Projects/incin/crates/incin-core)
    Checking incin-backends v0.0.0 (/home/xupremix/Projects/incin/crates/incin-backends)
    Finished `dev` profile [unoptimized] target(s) in 14.58s

info: running `cargo check --all-targets --no-default-features --features compiled,cuda,metal,paranoid-validation` on incin-core (53/384)
   Compiling incin-core v0.0.0 (/home/xupremix/Projects/incin/crates/incin-core)
warning: unused import: `alloc::vec`
 --> crates/incin-core/src/compiled/artifact.rs:5:5
  |
5 | use alloc::vec;
  |     ^^^^^^^^^^
  |
  = note: `#[warn(unused_imports)]` (part of `#[warn(unused)]`) on by default

warning: unused import: `CapturedNode`
 --> crates/incin-core/src/compiled/fusion.rs:5:47
  |
5 | use crate::compiled::capture::{CapturedGraph, CapturedNode};
  |                                               ^^^^^^^^^^^^

warning: unused import: `alloc::string::String`
 --> crates/incin-core/src/compiled/plan.rs:4:5
  |
4 | use alloc::string::String;
  |     ^^^^^^^^^^^^^^^^^^^^^

warning: unused import: `SymbolEnvironment`
  --> crates/incin-core/src/compiled/plan.rs:12:57
   |
12 |     DimExpr, LayoutClass, OperationIdentity, ShapeExpr, SymbolEnvironment, SymbolTable,
   |                                                         ^^^^^^^^^^^^^^^^^

warning: function `export_captured_to_onnx` is never used
   --> crates/incin-core/src/onnx_exporter.rs:116:8
    |
116 | pub fn export_captured_to_onnx(graph: &CapturedGraph, path: &Path) -> anyhow::Result<()> {
    |        ^^^^^^^^^^^^^^^^^^^^^^^
    |
    = note: `#[warn(dead_code)]` (part of `#[warn(unused)]`) on by default

warning: `incin-core` (lib) generated 5 warnings (run `cargo fix --lib -p incin-core` to apply 4 suggestions)
    Checking incin-backends v0.0.0 (/home/xupremix/Projects/incin/crates/incin-backends)
warning: `incin-core` (lib test) generated 5 warnings (5 duplicates)
    Finished `dev` profile [unoptimized] target(s) in 15.41s

info: running `cargo check --all-targets --no-default-features --features default,metal,paranoid-validation` on incin-core (54/384)
    Finished `dev` profile [unoptimized] target(s) in 0.15s

info: running `cargo check --all-targets --no-default-features --features compiled,default,metal,paranoid-validation` on incin-core (55/384)
warning: unused import: `alloc::vec`
 --> crates/incin-core/src/compiled/artifact.rs:5:5
  |
5 | use alloc::vec;
  |     ^^^^^^^^^^
  |
  = note: `#[warn(unused_imports)]` (part of `#[warn(unused)]`) on by default

warning: unused import: `CapturedNode`
 --> crates/incin-core/src/compiled/fusion.rs:5:47
  |
5 | use crate::compiled::capture::{CapturedGraph, CapturedNode};
  |                                               ^^^^^^^^^^^^

warning: unused import: `alloc::string::String`
 --> crates/incin-core/src/compiled/plan.rs:4:5
  |
4 | use alloc::string::String;
  |     ^^^^^^^^^^^^^^^^^^^^^

warning: unused import: `SymbolEnvironment`
  --> crates/incin-core/src/compiled/plan.rs:12:57
   |
12 |     DimExpr, LayoutClass, OperationIdentity, ShapeExpr, SymbolEnvironment, SymbolTable,
   |                                                         ^^^^^^^^^^^^^^^^^

warning: function `export_captured_to_onnx` is never used
   --> crates/incin-core/src/onnx_exporter.rs:116:8
    |
116 | pub fn export_captured_to_onnx(graph: &CapturedGraph, path: &Path) -> anyhow::Result<()> {
    |        ^^^^^^^^^^^^^^^^^^^^^^^
    |
    = note: `#[warn(dead_code)]` (part of `#[warn(unused)]`) on by default

warning: `incin-core` (lib) generated 5 warnings (run `cargo fix --lib -p incin-core` to apply 4 suggestions)
warning: `incin-core` (lib test) generated 5 warnings (5 duplicates)
    Finished `dev` profile [unoptimized] target(s) in 0.15s

info: running `cargo check --all-targets --no-default-features --features cuda,default,metal,paranoid-validation` on incin-core (56/384)
    Finished `dev` profile [unoptimized] target(s) in 0.15s

info: running `cargo check --all-targets --no-default-features --features compiled,cuda,default,metal,paranoid-validation` on incin-core (57/384)
warning: unused import: `alloc::vec`
 --> crates/incin-core/src/compiled/artifact.rs:5:5
  |
5 | use alloc::vec;
  |     ^^^^^^^^^^
  |
  = note: `#[warn(unused_imports)]` (part of `#[warn(unused)]`) on by default

warning: unused import: `CapturedNode`
 --> crates/incin-core/src/compiled/fusion.rs:5:47
  |
5 | use crate::compiled::capture::{CapturedGraph, CapturedNode};
  |                                               ^^^^^^^^^^^^

warning: unused import: `alloc::string::String`
 --> crates/incin-core/src/compiled/plan.rs:4:5
  |
4 | use alloc::string::String;
  |     ^^^^^^^^^^^^^^^^^^^^^

warning: unused import: `SymbolEnvironment`
  --> crates/incin-core/src/compiled/plan.rs:12:57
   |
12 |     DimExpr, LayoutClass, OperationIdentity, ShapeExpr, SymbolEnvironment, SymbolTable,
   |                                                         ^^^^^^^^^^^^^^^^^

warning: function `export_captured_to_onnx` is never used
   --> crates/incin-core/src/onnx_exporter.rs:116:8
    |
116 | pub fn export_captured_to_onnx(graph: &CapturedGraph, path: &Path) -> anyhow::Result<()> {
    |        ^^^^^^^^^^^^^^^^^^^^^^^
    |
    = note: `#[warn(dead_code)]` (part of `#[warn(unused)]`) on by default

warning: `incin-core` (lib) generated 5 warnings (run `cargo fix --lib -p incin-core` to apply 4 suggestions)
warning: `incin-core` (lib test) generated 5 warnings (5 duplicates)
    Finished `dev` profile [unoptimized] target(s) in 0.14s

info: running `cargo check --all-targets --no-default-features --features distributed,metal,paranoid-validation` on incin-core (58/384)
   Compiling incin-core v0.0.0 (/home/xupremix/Projects/incin/crates/incin-core)
    Checking incin-backends v0.0.0 (/home/xupremix/Projects/incin/crates/incin-backends)
    Finished `dev` profile [unoptimized] target(s) in 16.00s

info: running `cargo check --all-targets --no-default-features --features compiled,distributed,metal,paranoid-validation` on incin-core (59/384)
   Compiling incin-core v0.0.0 (/home/xupremix/Projects/incin/crates/incin-core)
warning: unused import: `alloc::vec`
 --> crates/incin-core/src/compiled/artifact.rs:5:5
  |
5 | use alloc::vec;
  |     ^^^^^^^^^^
  |
  = note: `#[warn(unused_imports)]` (part of `#[warn(unused)]`) on by default

warning: unused import: `CapturedNode`
 --> crates/incin-core/src/compiled/fusion.rs:5:47
  |
5 | use crate::compiled::capture::{CapturedGraph, CapturedNode};
  |                                               ^^^^^^^^^^^^

warning: unused import: `alloc::string::String`
 --> crates/incin-core/src/compiled/plan.rs:4:5
  |
4 | use alloc::string::String;
  |     ^^^^^^^^^^^^^^^^^^^^^

warning: unused import: `SymbolEnvironment`
  --> crates/incin-core/src/compiled/plan.rs:12:57
   |
12 |     DimExpr, LayoutClass, OperationIdentity, ShapeExpr, SymbolEnvironment, SymbolTable,
   |                                                         ^^^^^^^^^^^^^^^^^

warning: function `export_captured_to_onnx` is never used
   --> crates/incin-core/src/onnx_exporter.rs:116:8
    |
116 | pub fn export_captured_to_onnx(graph: &CapturedGraph, path: &Path) -> anyhow::Result<()> {
    |        ^^^^^^^^^^^^^^^^^^^^^^^
    |
    = note: `#[warn(dead_code)]` (part of `#[warn(unused)]`) on by default

warning: `incin-core` (lib) generated 5 warnings (run `cargo fix --lib -p incin-core` to apply 4 suggestions)
    Checking incin-backends v0.0.0 (/home/xupremix/Projects/incin/crates/incin-backends)
warning: `incin-core` (lib test) generated 5 warnings (5 duplicates)
    Finished `dev` profile [unoptimized] target(s) in 16.90s

info: running `cargo check --all-targets --no-default-features --features cuda,distributed,metal,paranoid-validation` on incin-core (60/384)
   Compiling incin-core v0.0.0 (/home/xupremix/Projects/incin/crates/incin-core)
    Checking incin-backends v0.0.0 (/home/xupremix/Projects/incin/crates/incin-backends)
    Finished `dev` profile [unoptimized] target(s) in 16.05s

info: running `cargo check --all-targets --no-default-features --features compiled,cuda,distributed,metal,paranoid-validation` on incin-core (61/384)
warning: unused import: `alloc::vec`
 --> crates/incin-core/src/compiled/artifact.rs:5:5
  |
5 | use alloc::vec;
  |     ^^^^^^^^^^
  |
  = note: `#[warn(unused_imports)]` (part of `#[warn(unused)]`) on by default

warning: unused import: `CapturedNode`
 --> crates/incin-core/src/compiled/fusion.rs:5:47
  |
5 | use crate::compiled::capture::{CapturedGraph, CapturedNode};
  |                                               ^^^^^^^^^^^^

warning: unused import: `alloc::string::String`
 --> crates/incin-core/src/compiled/plan.rs:4:5
  |
4 | use alloc::string::String;
  |     ^^^^^^^^^^^^^^^^^^^^^

warning: unused import: `SymbolEnvironment`
  --> crates/incin-core/src/compiled/plan.rs:12:57
   |
12 |     DimExpr, LayoutClass, OperationIdentity, ShapeExpr, SymbolEnvironment, SymbolTable,
   |                                                         ^^^^^^^^^^^^^^^^^

warning: function `export_captured_to_onnx` is never used
   --> crates/incin-core/src/onnx_exporter.rs:116:8
    |
116 | pub fn export_captured_to_onnx(graph: &CapturedGraph, path: &Path) -> anyhow::Result<()> {
    |        ^^^^^^^^^^^^^^^^^^^^^^^
    |
    = note: `#[warn(dead_code)]` (part of `#[warn(unused)]`) on by default

warning: `incin-core` (lib) generated 5 warnings (run `cargo fix --lib -p incin-core` to apply 4 suggestions)
warning: `incin-core` (lib test) generated 5 warnings (5 duplicates)
    Finished `dev` profile [unoptimized] target(s) in 0.26s

info: running `cargo check --all-targets --no-default-features --features default,distributed,metal,paranoid-validation` on incin-core (62/384)
    Finished `dev` profile [unoptimized] target(s) in 0.14s

info: running `cargo check --all-targets --no-default-features --features compiled,default,distributed,metal,paranoid-validation` on incin-core (63/384)
warning: unused import: `alloc::vec`
 --> crates/incin-core/src/compiled/artifact.rs:5:5
  |
5 | use alloc::vec;
  |     ^^^^^^^^^^
  |
  = note: `#[warn(unused_imports)]` (part of `#[warn(unused)]`) on by default

warning: unused import: `CapturedNode`
 --> crates/incin-core/src/compiled/fusion.rs:5:47
  |
5 | use crate::compiled::capture::{CapturedGraph, CapturedNode};
  |                                               ^^^^^^^^^^^^

warning: unused import: `alloc::string::String`
 --> crates/incin-core/src/compiled/plan.rs:4:5
  |
4 | use alloc::string::String;
  |     ^^^^^^^^^^^^^^^^^^^^^

warning: unused import: `SymbolEnvironment`
  --> crates/incin-core/src/compiled/plan.rs:12:57
   |
12 |     DimExpr, LayoutClass, OperationIdentity, ShapeExpr, SymbolEnvironment, SymbolTable,
   |                                                         ^^^^^^^^^^^^^^^^^

warning: function `export_captured_to_onnx` is never used
   --> crates/incin-core/src/onnx_exporter.rs:116:8
    |
116 | pub fn export_captured_to_onnx(graph: &CapturedGraph, path: &Path) -> anyhow::Result<()> {
    |        ^^^^^^^^^^^^^^^^^^^^^^^
    |
    = note: `#[warn(dead_code)]` (part of `#[warn(unused)]`) on by default

warning: `incin-core` (lib) generated 5 warnings (run `cargo fix --lib -p incin-core` to apply 4 suggestions)
warning: `incin-core` (lib test) generated 5 warnings (5 duplicates)
    Finished `dev` profile [unoptimized] target(s) in 0.15s

info: running `cargo check --all-targets --no-default-features --features cuda,default,distributed,metal,paranoid-validation` on incin-core (64/384)
    Finished `dev` profile [unoptimized] target(s) in 0.15s

info: running `cargo check --all-targets --no-default-features --features compiled,cuda,default,distributed,metal,paranoid-validation` on incin-core (65/384)
warning: unused import: `alloc::vec`
 --> crates/incin-core/src/compiled/artifact.rs:5:5
  |
5 | use alloc::vec;
  |     ^^^^^^^^^^
  |
  = note: `#[warn(unused_imports)]` (part of `#[warn(unused)]`) on by default

warning: unused import: `CapturedNode`
 --> crates/incin-core/src/compiled/fusion.rs:5:47
  |
5 | use crate::compiled::capture::{CapturedGraph, CapturedNode};
  |                                               ^^^^^^^^^^^^

warning: unused import: `alloc::string::String`
 --> crates/incin-core/src/compiled/plan.rs:4:5
  |
4 | use alloc::string::String;
  |     ^^^^^^^^^^^^^^^^^^^^^

warning: unused import: `SymbolEnvironment`
  --> crates/incin-core/src/compiled/plan.rs:12:57
   |
12 |     DimExpr, LayoutClass, OperationIdentity, ShapeExpr, SymbolEnvironment, SymbolTable,
   |                                                         ^^^^^^^^^^^^^^^^^

warning: function `export_captured_to_onnx` is never used
   --> crates/incin-core/src/onnx_exporter.rs:116:8
    |
116 | pub fn export_captured_to_onnx(graph: &CapturedGraph, path: &Path) -> anyhow::Result<()> {
    |        ^^^^^^^^^^^^^^^^^^^^^^^
    |
    = note: `#[warn(dead_code)]` (part of `#[warn(unused)]`) on by default

warning: `incin-core` (lib) generated 5 warnings (run `cargo fix --lib -p incin-core` to apply 4 suggestions)
warning: `incin-core` (lib test) generated 5 warnings (5 duplicates)
    Finished `dev` profile [unoptimized] target(s) in 0.14s

info: running `cargo check --all-targets --no-default-features --features std` on incin-core (66/384)
    Finished `dev` profile [unoptimized] target(s) in 0.22s

info: running `cargo check --all-targets --no-default-features --features compiled,std` on incin-core (67/384)
warning: unused import: `alloc::vec`
 --> crates/incin-core/src/compiled/artifact.rs:5:5
  |
5 | use alloc::vec;
  |     ^^^^^^^^^^
  |
  = note: `#[warn(unused_imports)]` (part of `#[warn(unused)]`) on by default

warning: unused import: `CapturedNode`
 --> crates/incin-core/src/compiled/fusion.rs:5:47
  |
5 | use crate::compiled::capture::{CapturedGraph, CapturedNode};
  |                                               ^^^^^^^^^^^^

warning: unused import: `alloc::string::String`
 --> crates/incin-core/src/compiled/plan.rs:4:5
  |
4 | use alloc::string::String;
  |     ^^^^^^^^^^^^^^^^^^^^^

warning: unused import: `SymbolEnvironment`
  --> crates/incin-core/src/compiled/plan.rs:12:57
   |
12 |     DimExpr, LayoutClass, OperationIdentity, ShapeExpr, SymbolEnvironment, SymbolTable,
   |                                                         ^^^^^^^^^^^^^^^^^

warning: function `export_captured_to_onnx` is never used
   --> crates/incin-core/src/onnx_exporter.rs:116:8
    |
116 | pub fn export_captured_to_onnx(graph: &CapturedGraph, path: &Path) -> anyhow::Result<()> {
    |        ^^^^^^^^^^^^^^^^^^^^^^^
    |
    = note: `#[warn(dead_code)]` (part of `#[warn(unused)]`) on by default

warning: `incin-core` (lib) generated 5 warnings (run `cargo fix --lib -p incin-core` to apply 4 suggestions)
warning: `incin-core` (lib test) generated 5 warnings (5 duplicates)
    Finished `dev` profile [unoptimized] target(s) in 0.22s

info: running `cargo check --all-targets --no-default-features --features cuda,std` on incin-core (68/384)
    Finished `dev` profile [unoptimized] target(s) in 0.22s

info: running `cargo check --all-targets --no-default-features --features compiled,cuda,std` on incin-core (69/384)
warning: unused import: `alloc::vec`
 --> crates/incin-core/src/compiled/artifact.rs:5:5
  |
5 | use alloc::vec;
  |     ^^^^^^^^^^
  |
  = note: `#[warn(unused_imports)]` (part of `#[warn(unused)]`) on by default

warning: unused import: `CapturedNode`
 --> crates/incin-core/src/compiled/fusion.rs:5:47
  |
5 | use crate::compiled::capture::{CapturedGraph, CapturedNode};
  |                                               ^^^^^^^^^^^^

warning: unused import: `alloc::string::String`
 --> crates/incin-core/src/compiled/plan.rs:4:5
  |
4 | use alloc::string::String;
  |     ^^^^^^^^^^^^^^^^^^^^^

warning: unused import: `SymbolEnvironment`
  --> crates/incin-core/src/compiled/plan.rs:12:57
   |
12 |     DimExpr, LayoutClass, OperationIdentity, ShapeExpr, SymbolEnvironment, SymbolTable,
   |                                                         ^^^^^^^^^^^^^^^^^

warning: function `export_captured_to_onnx` is never used
   --> crates/incin-core/src/onnx_exporter.rs:116:8
    |
116 | pub fn export_captured_to_onnx(graph: &CapturedGraph, path: &Path) -> anyhow::Result<()> {
    |        ^^^^^^^^^^^^^^^^^^^^^^^
    |
    = note: `#[warn(dead_code)]` (part of `#[warn(unused)]`) on by default

warning: `incin-core` (lib) generated 5 warnings (run `cargo fix --lib -p incin-core` to apply 4 suggestions)
warning: `incin-core` (lib test) generated 5 warnings (5 duplicates)
    Finished `dev` profile [unoptimized] target(s) in 0.21s

info: running `cargo check --all-targets --no-default-features --features distributed,std` on incin-core (70/384)
    Finished `dev` profile [unoptimized] target(s) in 0.20s

info: running `cargo check --all-targets --no-default-features --features compiled,distributed,std` on incin-core (71/384)
warning: unused import: `alloc::vec`
 --> crates/incin-core/src/compiled/artifact.rs:5:5
  |
5 | use alloc::vec;
  |     ^^^^^^^^^^
  |
  = note: `#[warn(unused_imports)]` (part of `#[warn(unused)]`) on by default

warning: unused import: `CapturedNode`
 --> crates/incin-core/src/compiled/fusion.rs:5:47
  |
5 | use crate::compiled::capture::{CapturedGraph, CapturedNode};
  |                                               ^^^^^^^^^^^^

warning: unused import: `alloc::string::String`
 --> crates/incin-core/src/compiled/plan.rs:4:5
  |
4 | use alloc::string::String;
  |     ^^^^^^^^^^^^^^^^^^^^^

warning: unused import: `SymbolEnvironment`
  --> crates/incin-core/src/compiled/plan.rs:12:57
   |
12 |     DimExpr, LayoutClass, OperationIdentity, ShapeExpr, SymbolEnvironment, SymbolTable,
   |                                                         ^^^^^^^^^^^^^^^^^

warning: function `export_captured_to_onnx` is never used
   --> crates/incin-core/src/onnx_exporter.rs:116:8
    |
116 | pub fn export_captured_to_onnx(graph: &CapturedGraph, path: &Path) -> anyhow::Result<()> {
    |        ^^^^^^^^^^^^^^^^^^^^^^^
    |
    = note: `#[warn(dead_code)]` (part of `#[warn(unused)]`) on by default

warning: `incin-core` (lib) generated 5 warnings (run `cargo fix --lib -p incin-core` to apply 4 suggestions)
warning: `incin-core` (lib test) generated 5 warnings (5 duplicates)
    Finished `dev` profile [unoptimized] target(s) in 0.21s

info: running `cargo check --all-targets --no-default-features --features cuda,distributed,std` on incin-core (72/384)
    Finished `dev` profile [unoptimized] target(s) in 0.20s

info: running `cargo check --all-targets --no-default-features --features compiled,cuda,distributed,std` on incin-core (73/384)
warning: unused import: `alloc::vec`
 --> crates/incin-core/src/compiled/artifact.rs:5:5
  |
5 | use alloc::vec;
  |     ^^^^^^^^^^
  |
  = note: `#[warn(unused_imports)]` (part of `#[warn(unused)]`) on by default

warning: unused import: `CapturedNode`
 --> crates/incin-core/src/compiled/fusion.rs:5:47
  |
5 | use crate::compiled::capture::{CapturedGraph, CapturedNode};
  |                                               ^^^^^^^^^^^^

warning: unused import: `alloc::string::String`
 --> crates/incin-core/src/compiled/plan.rs:4:5
  |
4 | use alloc::string::String;
  |     ^^^^^^^^^^^^^^^^^^^^^

warning: unused import: `SymbolEnvironment`
  --> crates/incin-core/src/compiled/plan.rs:12:57
   |
12 |     DimExpr, LayoutClass, OperationIdentity, ShapeExpr, SymbolEnvironment, SymbolTable,
   |                                                         ^^^^^^^^^^^^^^^^^

warning: function `export_captured_to_onnx` is never used
   --> crates/incin-core/src/onnx_exporter.rs:116:8
    |
116 | pub fn export_captured_to_onnx(graph: &CapturedGraph, path: &Path) -> anyhow::Result<()> {
    |        ^^^^^^^^^^^^^^^^^^^^^^^
    |
    = note: `#[warn(dead_code)]` (part of `#[warn(unused)]`) on by default

warning: `incin-core` (lib) generated 5 warnings (run `cargo fix --lib -p incin-core` to apply 4 suggestions)
warning: `incin-core` (lib test) generated 5 warnings (5 duplicates)
    Finished `dev` profile [unoptimized] target(s) in 0.21s

info: running `cargo check --all-targets --no-default-features --features metal,std` on incin-core (74/384)
    Finished `dev` profile [unoptimized] target(s) in 0.20s

info: running `cargo check --all-targets --no-default-features --features compiled,metal,std` on incin-core (75/384)
warning: unused import: `alloc::vec`
 --> crates/incin-core/src/compiled/artifact.rs:5:5
  |
5 | use alloc::vec;
  |     ^^^^^^^^^^
  |
  = note: `#[warn(unused_imports)]` (part of `#[warn(unused)]`) on by default

warning: unused import: `CapturedNode`
 --> crates/incin-core/src/compiled/fusion.rs:5:47
  |
5 | use crate::compiled::capture::{CapturedGraph, CapturedNode};
  |                                               ^^^^^^^^^^^^

warning: unused import: `alloc::string::String`
 --> crates/incin-core/src/compiled/plan.rs:4:5
  |
4 | use alloc::string::String;
  |     ^^^^^^^^^^^^^^^^^^^^^

warning: unused import: `SymbolEnvironment`
  --> crates/incin-core/src/compiled/plan.rs:12:57
   |
12 |     DimExpr, LayoutClass, OperationIdentity, ShapeExpr, SymbolEnvironment, SymbolTable,
   |                                                         ^^^^^^^^^^^^^^^^^

warning: function `export_captured_to_onnx` is never used
   --> crates/incin-core/src/onnx_exporter.rs:116:8
    |
116 | pub fn export_captured_to_onnx(graph: &CapturedGraph, path: &Path) -> anyhow::Result<()> {
    |        ^^^^^^^^^^^^^^^^^^^^^^^
    |
    = note: `#[warn(dead_code)]` (part of `#[warn(unused)]`) on by default

warning: `incin-core` (lib) generated 5 warnings (run `cargo fix --lib -p incin-core` to apply 4 suggestions)
warning: `incin-core` (lib test) generated 5 warnings (5 duplicates)
    Finished `dev` profile [unoptimized] target(s) in 0.21s

info: running `cargo check --all-targets --no-default-features --features cuda,metal,std` on incin-core (76/384)
    Finished `dev` profile [unoptimized] target(s) in 0.16s

info: running `cargo check --all-targets --no-default-features --features compiled,cuda,metal,std` on incin-core (77/384)
warning: unused import: `alloc::vec`
 --> crates/incin-core/src/compiled/artifact.rs:5:5
  |
5 | use alloc::vec;
  |     ^^^^^^^^^^
  |
  = note: `#[warn(unused_imports)]` (part of `#[warn(unused)]`) on by default

warning: unused import: `CapturedNode`
 --> crates/incin-core/src/compiled/fusion.rs:5:47
  |
5 | use crate::compiled::capture::{CapturedGraph, CapturedNode};
  |                                               ^^^^^^^^^^^^

warning: unused import: `alloc::string::String`
 --> crates/incin-core/src/compiled/plan.rs:4:5
  |
4 | use alloc::string::String;
  |     ^^^^^^^^^^^^^^^^^^^^^

warning: unused import: `SymbolEnvironment`
  --> crates/incin-core/src/compiled/plan.rs:12:57
   |
12 |     DimExpr, LayoutClass, OperationIdentity, ShapeExpr, SymbolEnvironment, SymbolTable,
   |                                                         ^^^^^^^^^^^^^^^^^

warning: function `export_captured_to_onnx` is never used
   --> crates/incin-core/src/onnx_exporter.rs:116:8
    |
116 | pub fn export_captured_to_onnx(graph: &CapturedGraph, path: &Path) -> anyhow::Result<()> {
    |        ^^^^^^^^^^^^^^^^^^^^^^^
    |
    = note: `#[warn(dead_code)]` (part of `#[warn(unused)]`) on by default

warning: `incin-core` (lib) generated 5 warnings (run `cargo fix --lib -p incin-core` to apply 4 suggestions)
warning: `incin-core` (lib test) generated 5 warnings (5 duplicates)
    Finished `dev` profile [unoptimized] target(s) in 0.21s

info: running `cargo check --all-targets --no-default-features --features distributed,metal,std` on incin-core (78/384)
    Finished `dev` profile [unoptimized] target(s) in 0.18s

info: running `cargo check --all-targets --no-default-features --features compiled,distributed,metal,std` on incin-core (79/384)
warning: unused import: `alloc::vec`
 --> crates/incin-core/src/compiled/artifact.rs:5:5
  |
5 | use alloc::vec;
  |     ^^^^^^^^^^
  |
  = note: `#[warn(unused_imports)]` (part of `#[warn(unused)]`) on by default

warning: unused import: `CapturedNode`
 --> crates/incin-core/src/compiled/fusion.rs:5:47
  |
5 | use crate::compiled::capture::{CapturedGraph, CapturedNode};
  |                                               ^^^^^^^^^^^^

warning: unused import: `alloc::string::String`
 --> crates/incin-core/src/compiled/plan.rs:4:5
  |
4 | use alloc::string::String;
  |     ^^^^^^^^^^^^^^^^^^^^^

warning: unused import: `SymbolEnvironment`
  --> crates/incin-core/src/compiled/plan.rs:12:57
   |
12 |     DimExpr, LayoutClass, OperationIdentity, ShapeExpr, SymbolEnvironment, SymbolTable,
   |                                                         ^^^^^^^^^^^^^^^^^

warning: function `export_captured_to_onnx` is never used
   --> crates/incin-core/src/onnx_exporter.rs:116:8
    |
116 | pub fn export_captured_to_onnx(graph: &CapturedGraph, path: &Path) -> anyhow::Result<()> {
    |        ^^^^^^^^^^^^^^^^^^^^^^^
    |
    = note: `#[warn(dead_code)]` (part of `#[warn(unused)]`) on by default

warning: `incin-core` (lib) generated 5 warnings (run `cargo fix --lib -p incin-core` to apply 4 suggestions)
warning: `incin-core` (lib test) generated 5 warnings (5 duplicates)
    Finished `dev` profile [unoptimized] target(s) in 0.21s

info: running `cargo check --all-targets --no-default-features --features cuda,distributed,metal,std` on incin-core (80/384)
    Finished `dev` profile [unoptimized] target(s) in 0.19s

info: running `cargo check --all-targets --no-default-features --features compiled,cuda,distributed,metal,std` on incin-core (81/384)
warning: unused import: `alloc::vec`
 --> crates/incin-core/src/compiled/artifact.rs:5:5
  |
5 | use alloc::vec;
  |     ^^^^^^^^^^
  |
  = note: `#[warn(unused_imports)]` (part of `#[warn(unused)]`) on by default

warning: unused import: `CapturedNode`
 --> crates/incin-core/src/compiled/fusion.rs:5:47
  |
5 | use crate::compiled::capture::{CapturedGraph, CapturedNode};
  |                                               ^^^^^^^^^^^^

warning: unused import: `alloc::string::String`
 --> crates/incin-core/src/compiled/plan.rs:4:5
  |
4 | use alloc::string::String;
  |     ^^^^^^^^^^^^^^^^^^^^^

warning: unused import: `SymbolEnvironment`
  --> crates/incin-core/src/compiled/plan.rs:12:57
   |
12 |     DimExpr, LayoutClass, OperationIdentity, ShapeExpr, SymbolEnvironment, SymbolTable,
   |                                                         ^^^^^^^^^^^^^^^^^

warning: function `export_captured_to_onnx` is never used
   --> crates/incin-core/src/onnx_exporter.rs:116:8
    |
116 | pub fn export_captured_to_onnx(graph: &CapturedGraph, path: &Path) -> anyhow::Result<()> {
    |        ^^^^^^^^^^^^^^^^^^^^^^^
    |
    = note: `#[warn(dead_code)]` (part of `#[warn(unused)]`) on by default

warning: `incin-core` (lib) generated 5 warnings (run `cargo fix --lib -p incin-core` to apply 4 suggestions)
warning: `incin-core` (lib test) generated 5 warnings (5 duplicates)
    Finished `dev` profile [unoptimized] target(s) in 0.20s

info: running `cargo check --all-targets --no-default-features --features paranoid-validation,std` on incin-core (82/384)
    Finished `dev` profile [unoptimized] target(s) in 0.20s

info: running `cargo check --all-targets --no-default-features --features compiled,paranoid-validation,std` on incin-core (83/384)
warning: unused import: `alloc::vec`
 --> crates/incin-core/src/compiled/artifact.rs:5:5
  |
5 | use alloc::vec;
  |     ^^^^^^^^^^
  |
  = note: `#[warn(unused_imports)]` (part of `#[warn(unused)]`) on by default

warning: unused import: `CapturedNode`
 --> crates/incin-core/src/compiled/fusion.rs:5:47
  |
5 | use crate::compiled::capture::{CapturedGraph, CapturedNode};
  |                                               ^^^^^^^^^^^^

warning: unused import: `alloc::string::String`
 --> crates/incin-core/src/compiled/plan.rs:4:5
  |
4 | use alloc::string::String;
  |     ^^^^^^^^^^^^^^^^^^^^^

warning: unused import: `SymbolEnvironment`
  --> crates/incin-core/src/compiled/plan.rs:12:57
   |
12 |     DimExpr, LayoutClass, OperationIdentity, ShapeExpr, SymbolEnvironment, SymbolTable,
   |                                                         ^^^^^^^^^^^^^^^^^

warning: function `export_captured_to_onnx` is never used
   --> crates/incin-core/src/onnx_exporter.rs:116:8
    |
116 | pub fn export_captured_to_onnx(graph: &CapturedGraph, path: &Path) -> anyhow::Result<()> {
    |        ^^^^^^^^^^^^^^^^^^^^^^^
    |
    = note: `#[warn(dead_code)]` (part of `#[warn(unused)]`) on by default

warning: `incin-core` (lib) generated 5 warnings (run `cargo fix --lib -p incin-core` to apply 4 suggestions)
warning: `incin-core` (lib test) generated 5 warnings (5 duplicates)
    Finished `dev` profile [unoptimized] target(s) in 0.22s

info: running `cargo check --all-targets --no-default-features --features cuda,paranoid-validation,std` on incin-core (84/384)
    Finished `dev` profile [unoptimized] target(s) in 0.20s

info: running `cargo check --all-targets --no-default-features --features compiled,cuda,paranoid-validation,std` on incin-core (85/384)
warning: unused import: `alloc::vec`
 --> crates/incin-core/src/compiled/artifact.rs:5:5
  |
5 | use alloc::vec;
  |     ^^^^^^^^^^
  |
  = note: `#[warn(unused_imports)]` (part of `#[warn(unused)]`) on by default

warning: unused import: `CapturedNode`
 --> crates/incin-core/src/compiled/fusion.rs:5:47
  |
5 | use crate::compiled::capture::{CapturedGraph, CapturedNode};
  |                                               ^^^^^^^^^^^^

warning: unused import: `alloc::string::String`
 --> crates/incin-core/src/compiled/plan.rs:4:5
  |
4 | use alloc::string::String;
  |     ^^^^^^^^^^^^^^^^^^^^^

warning: unused import: `SymbolEnvironment`
  --> crates/incin-core/src/compiled/plan.rs:12:57
   |
12 |     DimExpr, LayoutClass, OperationIdentity, ShapeExpr, SymbolEnvironment, SymbolTable,
   |                                                         ^^^^^^^^^^^^^^^^^

warning: function `export_captured_to_onnx` is never used
   --> crates/incin-core/src/onnx_exporter.rs:116:8
    |
116 | pub fn export_captured_to_onnx(graph: &CapturedGraph, path: &Path) -> anyhow::Result<()> {
    |        ^^^^^^^^^^^^^^^^^^^^^^^
    |
    = note: `#[warn(dead_code)]` (part of `#[warn(unused)]`) on by default

warning: `incin-core` (lib) generated 5 warnings (run `cargo fix --lib -p incin-core` to apply 4 suggestions)
warning: `incin-core` (lib test) generated 5 warnings (5 duplicates)
    Finished `dev` profile [unoptimized] target(s) in 0.21s

info: running `cargo check --all-targets --no-default-features --features distributed,paranoid-validation,std` on incin-core (86/384)
    Finished `dev` profile [unoptimized] target(s) in 0.20s

info: running `cargo check --all-targets --no-default-features --features compiled,distributed,paranoid-validation,std` on incin-core (87/384)
warning: unused import: `alloc::vec`
 --> crates/incin-core/src/compiled/artifact.rs:5:5
  |
5 | use alloc::vec;
  |     ^^^^^^^^^^
  |
  = note: `#[warn(unused_imports)]` (part of `#[warn(unused)]`) on by default

warning: unused import: `CapturedNode`
 --> crates/incin-core/src/compiled/fusion.rs:5:47
  |
5 | use crate::compiled::capture::{CapturedGraph, CapturedNode};
  |                                               ^^^^^^^^^^^^

warning: unused import: `alloc::string::String`
 --> crates/incin-core/src/compiled/plan.rs:4:5
  |
4 | use alloc::string::String;
  |     ^^^^^^^^^^^^^^^^^^^^^

warning: unused import: `SymbolEnvironment`
  --> crates/incin-core/src/compiled/plan.rs:12:57
   |
12 |     DimExpr, LayoutClass, OperationIdentity, ShapeExpr, SymbolEnvironment, SymbolTable,
   |                                                         ^^^^^^^^^^^^^^^^^

warning: function `export_captured_to_onnx` is never used
   --> crates/incin-core/src/onnx_exporter.rs:116:8
    |
116 | pub fn export_captured_to_onnx(graph: &CapturedGraph, path: &Path) -> anyhow::Result<()> {
    |        ^^^^^^^^^^^^^^^^^^^^^^^
    |
    = note: `#[warn(dead_code)]` (part of `#[warn(unused)]`) on by default

warning: `incin-core` (lib) generated 5 warnings (run `cargo fix --lib -p incin-core` to apply 4 suggestions)
warning: `incin-core` (lib test) generated 5 warnings (5 duplicates)
    Finished `dev` profile [unoptimized] target(s) in 0.21s

info: running `cargo check --all-targets --no-default-features --features cuda,distributed,paranoid-validation,std` on incin-core (88/384)
    Finished `dev` profile [unoptimized] target(s) in 0.20s

info: running `cargo check --all-targets --no-default-features --features compiled,cuda,distributed,paranoid-validation,std` on incin-core (89/384)
warning: unused import: `alloc::vec`
 --> crates/incin-core/src/compiled/artifact.rs:5:5
  |
5 | use alloc::vec;
  |     ^^^^^^^^^^
  |
  = note: `#[warn(unused_imports)]` (part of `#[warn(unused)]`) on by default

warning: unused import: `CapturedNode`
 --> crates/incin-core/src/compiled/fusion.rs:5:47
  |
5 | use crate::compiled::capture::{CapturedGraph, CapturedNode};
  |                                               ^^^^^^^^^^^^

warning: unused import: `alloc::string::String`
 --> crates/incin-core/src/compiled/plan.rs:4:5
  |
4 | use alloc::string::String;
  |     ^^^^^^^^^^^^^^^^^^^^^

warning: unused import: `SymbolEnvironment`
  --> crates/incin-core/src/compiled/plan.rs:12:57
   |
12 |     DimExpr, LayoutClass, OperationIdentity, ShapeExpr, SymbolEnvironment, SymbolTable,
   |                                                         ^^^^^^^^^^^^^^^^^

warning: function `export_captured_to_onnx` is never used
   --> crates/incin-core/src/onnx_exporter.rs:116:8
    |
116 | pub fn export_captured_to_onnx(graph: &CapturedGraph, path: &Path) -> anyhow::Result<()> {
    |        ^^^^^^^^^^^^^^^^^^^^^^^
    |
    = note: `#[warn(dead_code)]` (part of `#[warn(unused)]`) on by default

warning: `incin-core` (lib) generated 5 warnings (run `cargo fix --lib -p incin-core` to apply 4 suggestions)
warning: `incin-core` (lib test) generated 5 warnings (5 duplicates)
    Finished `dev` profile [unoptimized] target(s) in 0.21s

info: running `cargo check --all-targets --no-default-features --features metal,paranoid-validation,std` on incin-core (90/384)
    Finished `dev` profile [unoptimized] target(s) in 0.20s

info: running `cargo check --all-targets --no-default-features --features compiled,metal,paranoid-validation,std` on incin-core (91/384)
warning: unused import: `alloc::vec`
 --> crates/incin-core/src/compiled/artifact.rs:5:5
  |
5 | use alloc::vec;
  |     ^^^^^^^^^^
  |
  = note: `#[warn(unused_imports)]` (part of `#[warn(unused)]`) on by default

warning: unused import: `CapturedNode`
 --> crates/incin-core/src/compiled/fusion.rs:5:47
  |
5 | use crate::compiled::capture::{CapturedGraph, CapturedNode};
  |                                               ^^^^^^^^^^^^

warning: unused import: `alloc::string::String`
 --> crates/incin-core/src/compiled/plan.rs:4:5
  |
4 | use alloc::string::String;
  |     ^^^^^^^^^^^^^^^^^^^^^

warning: unused import: `SymbolEnvironment`
  --> crates/incin-core/src/compiled/plan.rs:12:57
   |
12 |     DimExpr, LayoutClass, OperationIdentity, ShapeExpr, SymbolEnvironment, SymbolTable,
   |                                                         ^^^^^^^^^^^^^^^^^

warning: function `export_captured_to_onnx` is never used
   --> crates/incin-core/src/onnx_exporter.rs:116:8
    |
116 | pub fn export_captured_to_onnx(graph: &CapturedGraph, path: &Path) -> anyhow::Result<()> {
    |        ^^^^^^^^^^^^^^^^^^^^^^^
    |
    = note: `#[warn(dead_code)]` (part of `#[warn(unused)]`) on by default

warning: `incin-core` (lib) generated 5 warnings (run `cargo fix --lib -p incin-core` to apply 4 suggestions)
warning: `incin-core` (lib test) generated 5 warnings (5 duplicates)
    Finished `dev` profile [unoptimized] target(s) in 0.21s

info: running `cargo check --all-targets --no-default-features --features cuda,metal,paranoid-validation,std` on incin-core (92/384)
    Finished `dev` profile [unoptimized] target(s) in 0.21s

info: running `cargo check --all-targets --no-default-features --features compiled,cuda,metal,paranoid-validation,std` on incin-core (93/384)
warning: unused import: `alloc::vec`
 --> crates/incin-core/src/compiled/artifact.rs:5:5
  |
5 | use alloc::vec;
  |     ^^^^^^^^^^
  |
  = note: `#[warn(unused_imports)]` (part of `#[warn(unused)]`) on by default

warning: unused import: `CapturedNode`
 --> crates/incin-core/src/compiled/fusion.rs:5:47
  |
5 | use crate::compiled::capture::{CapturedGraph, CapturedNode};
  |                                               ^^^^^^^^^^^^

warning: unused import: `alloc::string::String`
 --> crates/incin-core/src/compiled/plan.rs:4:5
  |
4 | use alloc::string::String;
  |     ^^^^^^^^^^^^^^^^^^^^^

warning: unused import: `SymbolEnvironment`
  --> crates/incin-core/src/compiled/plan.rs:12:57
   |
12 |     DimExpr, LayoutClass, OperationIdentity, ShapeExpr, SymbolEnvironment, SymbolTable,
   |                                                         ^^^^^^^^^^^^^^^^^

warning: function `export_captured_to_onnx` is never used
   --> crates/incin-core/src/onnx_exporter.rs:116:8
    |
116 | pub fn export_captured_to_onnx(graph: &CapturedGraph, path: &Path) -> anyhow::Result<()> {
    |        ^^^^^^^^^^^^^^^^^^^^^^^
    |
    = note: `#[warn(dead_code)]` (part of `#[warn(unused)]`) on by default

warning: `incin-core` (lib) generated 5 warnings (run `cargo fix --lib -p incin-core` to apply 4 suggestions)
warning: `incin-core` (lib test) generated 5 warnings (5 duplicates)
    Finished `dev` profile [unoptimized] target(s) in 0.14s

info: running `cargo check --all-targets --no-default-features --features distributed,metal,paranoid-validation,std` on incin-core (94/384)
    Finished `dev` profile [unoptimized] target(s) in 0.15s

info: running `cargo check --all-targets --no-default-features --features compiled,distributed,metal,paranoid-validation,std` on incin-core (95/384)
warning: unused import: `alloc::vec`
 --> crates/incin-core/src/compiled/artifact.rs:5:5
  |
5 | use alloc::vec;
  |     ^^^^^^^^^^
  |
  = note: `#[warn(unused_imports)]` (part of `#[warn(unused)]`) on by default

warning: unused import: `CapturedNode`
 --> crates/incin-core/src/compiled/fusion.rs:5:47
  |
5 | use crate::compiled::capture::{CapturedGraph, CapturedNode};
  |                                               ^^^^^^^^^^^^

warning: unused import: `alloc::string::String`
 --> crates/incin-core/src/compiled/plan.rs:4:5
  |
4 | use alloc::string::String;
  |     ^^^^^^^^^^^^^^^^^^^^^

warning: unused import: `SymbolEnvironment`
  --> crates/incin-core/src/compiled/plan.rs:12:57
   |
12 |     DimExpr, LayoutClass, OperationIdentity, ShapeExpr, SymbolEnvironment, SymbolTable,
   |                                                         ^^^^^^^^^^^^^^^^^

warning: function `export_captured_to_onnx` is never used
   --> crates/incin-core/src/onnx_exporter.rs:116:8
    |
116 | pub fn export_captured_to_onnx(graph: &CapturedGraph, path: &Path) -> anyhow::Result<()> {
    |        ^^^^^^^^^^^^^^^^^^^^^^^
    |
    = note: `#[warn(dead_code)]` (part of `#[warn(unused)]`) on by default

warning: `incin-core` (lib) generated 5 warnings (run `cargo fix --lib -p incin-core` to apply 4 suggestions)
warning: `incin-core` (lib test) generated 5 warnings (5 duplicates)
    Finished `dev` profile [unoptimized] target(s) in 0.15s

info: running `cargo check --all-targets --no-default-features --features cuda,distributed,metal,paranoid-validation,std` on incin-core (96/384)
    Finished `dev` profile [unoptimized] target(s) in 0.15s

info: running `cargo check --all-targets --no-default-features --features compiled,cuda,distributed,metal,paranoid-validation,std` on incin-core (97/384)
warning: unused import: `alloc::vec`
 --> crates/incin-core/src/compiled/artifact.rs:5:5
  |
5 | use alloc::vec;
  |     ^^^^^^^^^^
  |
  = note: `#[warn(unused_imports)]` (part of `#[warn(unused)]`) on by default

warning: unused import: `CapturedNode`
 --> crates/incin-core/src/compiled/fusion.rs:5:47
  |
5 | use crate::compiled::capture::{CapturedGraph, CapturedNode};
  |                                               ^^^^^^^^^^^^

warning: unused import: `alloc::string::String`
 --> crates/incin-core/src/compiled/plan.rs:4:5
  |
4 | use alloc::string::String;
  |     ^^^^^^^^^^^^^^^^^^^^^

warning: unused import: `SymbolEnvironment`
  --> crates/incin-core/src/compiled/plan.rs:12:57
   |
12 |     DimExpr, LayoutClass, OperationIdentity, ShapeExpr, SymbolEnvironment, SymbolTable,
   |                                                         ^^^^^^^^^^^^^^^^^

warning: function `export_captured_to_onnx` is never used
   --> crates/incin-core/src/onnx_exporter.rs:116:8
    |
116 | pub fn export_captured_to_onnx(graph: &CapturedGraph, path: &Path) -> anyhow::Result<()> {
    |        ^^^^^^^^^^^^^^^^^^^^^^^
    |
    = note: `#[warn(dead_code)]` (part of `#[warn(unused)]`) on by default

warning: `incin-core` (lib) generated 5 warnings (run `cargo fix --lib -p incin-core` to apply 4 suggestions)
warning: `incin-core` (lib test) generated 5 warnings (5 duplicates)
    Finished `dev` profile [unoptimized] target(s) in 0.15s

info: running `cargo check --all-targets --no-default-features --features test-utils` on incin-core (98/384)
    Finished `dev` profile [unoptimized] target(s) in 0.14s

info: running `cargo check --all-targets --no-default-features --features compiled,test-utils` on incin-core (99/384)
warning: unused import: `alloc::vec`
 --> crates/incin-core/src/compiled/artifact.rs:5:5
  |
5 | use alloc::vec;
  |     ^^^^^^^^^^
  |
  = note: `#[warn(unused_imports)]` (part of `#[warn(unused)]`) on by default

warning: unused import: `CapturedNode`
 --> crates/incin-core/src/compiled/fusion.rs:5:47
  |
5 | use crate::compiled::capture::{CapturedGraph, CapturedNode};
  |                                               ^^^^^^^^^^^^

warning: unused import: `alloc::string::String`
 --> crates/incin-core/src/compiled/plan.rs:4:5
  |
4 | use alloc::string::String;
  |     ^^^^^^^^^^^^^^^^^^^^^

warning: unused import: `SymbolEnvironment`
  --> crates/incin-core/src/compiled/plan.rs:12:57
   |
12 |     DimExpr, LayoutClass, OperationIdentity, ShapeExpr, SymbolEnvironment, SymbolTable,
   |                                                         ^^^^^^^^^^^^^^^^^

warning: function `export_captured_to_onnx` is never used
   --> crates/incin-core/src/onnx_exporter.rs:116:8
    |
116 | pub fn export_captured_to_onnx(graph: &CapturedGraph, path: &Path) -> anyhow::Result<()> {
    |        ^^^^^^^^^^^^^^^^^^^^^^^
    |
    = note: `#[warn(dead_code)]` (part of `#[warn(unused)]`) on by default

warning: `incin-core` (lib) generated 5 warnings (run `cargo fix --lib -p incin-core` to apply 4 suggestions)
warning: `incin-core` (lib test) generated 5 warnings (5 duplicates)
    Finished `dev` profile [unoptimized] target(s) in 0.15s

info: running `cargo check --all-targets --no-default-features --features cuda,test-utils` on incin-core (100/384)
    Finished `dev` profile [unoptimized] target(s) in 0.15s

info: running `cargo check --all-targets --no-default-features --features compiled,cuda,test-utils` on incin-core (101/384)
warning: unused import: `alloc::vec`
 --> crates/incin-core/src/compiled/artifact.rs:5:5
  |
5 | use alloc::vec;
  |     ^^^^^^^^^^
  |
  = note: `#[warn(unused_imports)]` (part of `#[warn(unused)]`) on by default

warning: unused import: `CapturedNode`
 --> crates/incin-core/src/compiled/fusion.rs:5:47
  |
5 | use crate::compiled::capture::{CapturedGraph, CapturedNode};
  |                                               ^^^^^^^^^^^^

warning: unused import: `alloc::string::String`
 --> crates/incin-core/src/compiled/plan.rs:4:5
  |
4 | use alloc::string::String;
  |     ^^^^^^^^^^^^^^^^^^^^^

warning: unused import: `SymbolEnvironment`
  --> crates/incin-core/src/compiled/plan.rs:12:57
   |
12 |     DimExpr, LayoutClass, OperationIdentity, ShapeExpr, SymbolEnvironment, SymbolTable,
   |                                                         ^^^^^^^^^^^^^^^^^

warning: function `export_captured_to_onnx` is never used
   --> crates/incin-core/src/onnx_exporter.rs:116:8
    |
116 | pub fn export_captured_to_onnx(graph: &CapturedGraph, path: &Path) -> anyhow::Result<()> {
    |        ^^^^^^^^^^^^^^^^^^^^^^^
    |
    = note: `#[warn(dead_code)]` (part of `#[warn(unused)]`) on by default

warning: `incin-core` (lib) generated 5 warnings (run `cargo fix --lib -p incin-core` to apply 4 suggestions)
warning: `incin-core` (lib test) generated 5 warnings (5 duplicates)
    Finished `dev` profile [unoptimized] target(s) in 0.15s

info: running `cargo check --all-targets --no-default-features --features default,test-utils` on incin-core (102/384)
    Finished `dev` profile [unoptimized] target(s) in 0.15s

info: running `cargo check --all-targets --no-default-features --features compiled,default,test-utils` on incin-core (103/384)
warning: unused import: `alloc::vec`
 --> crates/incin-core/src/compiled/artifact.rs:5:5
  |
5 | use alloc::vec;
  |     ^^^^^^^^^^
  |
  = note: `#[warn(unused_imports)]` (part of `#[warn(unused)]`) on by default

warning: unused import: `CapturedNode`
 --> crates/incin-core/src/compiled/fusion.rs:5:47
  |
5 | use crate::compiled::capture::{CapturedGraph, CapturedNode};
  |                                               ^^^^^^^^^^^^

warning: unused import: `alloc::string::String`
 --> crates/incin-core/src/compiled/plan.rs:4:5
  |
4 | use alloc::string::String;
  |     ^^^^^^^^^^^^^^^^^^^^^

warning: unused import: `SymbolEnvironment`
  --> crates/incin-core/src/compiled/plan.rs:12:57
   |
12 |     DimExpr, LayoutClass, OperationIdentity, ShapeExpr, SymbolEnvironment, SymbolTable,
   |                                                         ^^^^^^^^^^^^^^^^^

warning: function `export_captured_to_onnx` is never used
   --> crates/incin-core/src/onnx_exporter.rs:116:8
    |
116 | pub fn export_captured_to_onnx(graph: &CapturedGraph, path: &Path) -> anyhow::Result<()> {
    |        ^^^^^^^^^^^^^^^^^^^^^^^
    |
    = note: `#[warn(dead_code)]` (part of `#[warn(unused)]`) on by default

warning: `incin-core` (lib) generated 5 warnings (run `cargo fix --lib -p incin-core` to apply 4 suggestions)
warning: `incin-core` (lib test) generated 5 warnings (5 duplicates)
    Finished `dev` profile [unoptimized] target(s) in 0.15s

info: running `cargo check --all-targets --no-default-features --features cuda,default,test-utils` on incin-core (104/384)
    Finished `dev` profile [unoptimized] target(s) in 0.15s

info: running `cargo check --all-targets --no-default-features --features compiled,cuda,default,test-utils` on incin-core (105/384)
warning: unused import: `alloc::vec`
 --> crates/incin-core/src/compiled/artifact.rs:5:5
  |
5 | use alloc::vec;
  |     ^^^^^^^^^^
  |
  = note: `#[warn(unused_imports)]` (part of `#[warn(unused)]`) on by default

warning: unused import: `CapturedNode`
 --> crates/incin-core/src/compiled/fusion.rs:5:47
  |
5 | use crate::compiled::capture::{CapturedGraph, CapturedNode};
  |                                               ^^^^^^^^^^^^

warning: unused import: `alloc::string::String`
 --> crates/incin-core/src/compiled/plan.rs:4:5
  |
4 | use alloc::string::String;
  |     ^^^^^^^^^^^^^^^^^^^^^

warning: unused import: `SymbolEnvironment`
  --> crates/incin-core/src/compiled/plan.rs:12:57
   |
12 |     DimExpr, LayoutClass, OperationIdentity, ShapeExpr, SymbolEnvironment, SymbolTable,
   |                                                         ^^^^^^^^^^^^^^^^^

warning: function `export_captured_to_onnx` is never used
   --> crates/incin-core/src/onnx_exporter.rs:116:8
    |
116 | pub fn export_captured_to_onnx(graph: &CapturedGraph, path: &Path) -> anyhow::Result<()> {
    |        ^^^^^^^^^^^^^^^^^^^^^^^
    |
    = note: `#[warn(dead_code)]` (part of `#[warn(unused)]`) on by default

warning: `incin-core` (lib) generated 5 warnings (run `cargo fix --lib -p incin-core` to apply 4 suggestions)
warning: `incin-core` (lib test) generated 5 warnings (5 duplicates)
    Finished `dev` profile [unoptimized] target(s) in 0.15s

info: running `cargo check --all-targets --no-default-features --features distributed,test-utils` on incin-core (106/384)
    Finished `dev` profile [unoptimized] target(s) in 0.15s

info: running `cargo check --all-targets --no-default-features --features compiled,distributed,test-utils` on incin-core (107/384)
warning: unused import: `alloc::vec`
 --> crates/incin-core/src/compiled/artifact.rs:5:5
  |
5 | use alloc::vec;
  |     ^^^^^^^^^^
  |
  = note: `#[warn(unused_imports)]` (part of `#[warn(unused)]`) on by default

warning: unused import: `CapturedNode`
 --> crates/incin-core/src/compiled/fusion.rs:5:47
  |
5 | use crate::compiled::capture::{CapturedGraph, CapturedNode};
  |                                               ^^^^^^^^^^^^

warning: unused import: `alloc::string::String`
 --> crates/incin-core/src/compiled/plan.rs:4:5
  |
4 | use alloc::string::String;
  |     ^^^^^^^^^^^^^^^^^^^^^

warning: unused import: `SymbolEnvironment`
  --> crates/incin-core/src/compiled/plan.rs:12:57
   |
12 |     DimExpr, LayoutClass, OperationIdentity, ShapeExpr, SymbolEnvironment, SymbolTable,
   |                                                         ^^^^^^^^^^^^^^^^^

warning: function `export_captured_to_onnx` is never used
   --> crates/incin-core/src/onnx_exporter.rs:116:8
    |
116 | pub fn export_captured_to_onnx(graph: &CapturedGraph, path: &Path) -> anyhow::Result<()> {
    |        ^^^^^^^^^^^^^^^^^^^^^^^
    |
    = note: `#[warn(dead_code)]` (part of `#[warn(unused)]`) on by default

warning: `incin-core` (lib) generated 5 warnings (run `cargo fix --lib -p incin-core` to apply 4 suggestions)
warning: `incin-core` (lib test) generated 5 warnings (5 duplicates)
    Finished `dev` profile [unoptimized] target(s) in 0.15s

info: running `cargo check --all-targets --no-default-features --features cuda,distributed,test-utils` on incin-core (108/384)
    Finished `dev` profile [unoptimized] target(s) in 0.15s

info: running `cargo check --all-targets --no-default-features --features compiled,cuda,distributed,test-utils` on incin-core (109/384)
warning: unused import: `alloc::vec`
 --> crates/incin-core/src/compiled/artifact.rs:5:5
  |
5 | use alloc::vec;
  |     ^^^^^^^^^^
  |
  = note: `#[warn(unused_imports)]` (part of `#[warn(unused)]`) on by default

warning: unused import: `CapturedNode`
 --> crates/incin-core/src/compiled/fusion.rs:5:47
  |
5 | use crate::compiled::capture::{CapturedGraph, CapturedNode};
  |                                               ^^^^^^^^^^^^

warning: unused import: `alloc::string::String`
 --> crates/incin-core/src/compiled/plan.rs:4:5
  |
4 | use alloc::string::String;
  |     ^^^^^^^^^^^^^^^^^^^^^

warning: unused import: `SymbolEnvironment`
  --> crates/incin-core/src/compiled/plan.rs:12:57
   |
12 |     DimExpr, LayoutClass, OperationIdentity, ShapeExpr, SymbolEnvironment, SymbolTable,
   |                                                         ^^^^^^^^^^^^^^^^^

warning: function `export_captured_to_onnx` is never used
   --> crates/incin-core/src/onnx_exporter.rs:116:8
    |
116 | pub fn export_captured_to_onnx(graph: &CapturedGraph, path: &Path) -> anyhow::Result<()> {
    |        ^^^^^^^^^^^^^^^^^^^^^^^
    |
    = note: `#[warn(dead_code)]` (part of `#[warn(unused)]`) on by default

warning: `incin-core` (lib) generated 5 warnings (run `cargo fix --lib -p incin-core` to apply 4 suggestions)
warning: `incin-core` (lib test) generated 5 warnings (5 duplicates)
    Finished `dev` profile [unoptimized] target(s) in 0.15s

info: running `cargo check --all-targets --no-default-features --features default,distributed,test-utils` on incin-core (110/384)
    Finished `dev` profile [unoptimized] target(s) in 0.15s

info: running `cargo check --all-targets --no-default-features --features compiled,default,distributed,test-utils` on incin-core (111/384)
warning: unused import: `alloc::vec`
 --> crates/incin-core/src/compiled/artifact.rs:5:5
  |
5 | use alloc::vec;
  |     ^^^^^^^^^^
  |
  = note: `#[warn(unused_imports)]` (part of `#[warn(unused)]`) on by default

warning: unused import: `CapturedNode`
 --> crates/incin-core/src/compiled/fusion.rs:5:47
  |
5 | use crate::compiled::capture::{CapturedGraph, CapturedNode};
  |                                               ^^^^^^^^^^^^

warning: unused import: `alloc::string::String`
 --> crates/incin-core/src/compiled/plan.rs:4:5
  |
4 | use alloc::string::String;
  |     ^^^^^^^^^^^^^^^^^^^^^

warning: unused import: `SymbolEnvironment`
  --> crates/incin-core/src/compiled/plan.rs:12:57
   |
12 |     DimExpr, LayoutClass, OperationIdentity, ShapeExpr, SymbolEnvironment, SymbolTable,
   |                                                         ^^^^^^^^^^^^^^^^^

warning: function `export_captured_to_onnx` is never used
   --> crates/incin-core/src/onnx_exporter.rs:116:8
    |
116 | pub fn export_captured_to_onnx(graph: &CapturedGraph, path: &Path) -> anyhow::Result<()> {
    |        ^^^^^^^^^^^^^^^^^^^^^^^
    |
    = note: `#[warn(dead_code)]` (part of `#[warn(unused)]`) on by default

warning: `incin-core` (lib) generated 5 warnings (run `cargo fix --lib -p incin-core` to apply 4 suggestions)
warning: `incin-core` (lib test) generated 5 warnings (5 duplicates)
    Finished `dev` profile [unoptimized] target(s) in 0.15s

info: running `cargo check --all-targets --no-default-features --features cuda,default,distributed,test-utils` on incin-core (112/384)
    Finished `dev` profile [unoptimized] target(s) in 0.15s

info: running `cargo check --all-targets --no-default-features --features compiled,cuda,default,distributed,test-utils` on incin-core (113/384)
warning: unused import: `alloc::vec`
 --> crates/incin-core/src/compiled/artifact.rs:5:5
  |
5 | use alloc::vec;
  |     ^^^^^^^^^^
  |
  = note: `#[warn(unused_imports)]` (part of `#[warn(unused)]`) on by default

warning: unused import: `CapturedNode`
 --> crates/incin-core/src/compiled/fusion.rs:5:47
  |
5 | use crate::compiled::capture::{CapturedGraph, CapturedNode};
  |                                               ^^^^^^^^^^^^

warning: unused import: `alloc::string::String`
 --> crates/incin-core/src/compiled/plan.rs:4:5
  |
4 | use alloc::string::String;
  |     ^^^^^^^^^^^^^^^^^^^^^

warning: unused import: `SymbolEnvironment`
  --> crates/incin-core/src/compiled/plan.rs:12:57
   |
12 |     DimExpr, LayoutClass, OperationIdentity, ShapeExpr, SymbolEnvironment, SymbolTable,
   |                                                         ^^^^^^^^^^^^^^^^^

warning: function `export_captured_to_onnx` is never used
   --> crates/incin-core/src/onnx_exporter.rs:116:8
    |
116 | pub fn export_captured_to_onnx(graph: &CapturedGraph, path: &Path) -> anyhow::Result<()> {
    |        ^^^^^^^^^^^^^^^^^^^^^^^
    |
    = note: `#[warn(dead_code)]` (part of `#[warn(unused)]`) on by default

warning: `incin-core` (lib) generated 5 warnings (run `cargo fix --lib -p incin-core` to apply 4 suggestions)
warning: `incin-core` (lib test) generated 5 warnings (5 duplicates)
    Finished `dev` profile [unoptimized] target(s) in 0.15s

info: running `cargo check --all-targets --no-default-features --features metal,test-utils` on incin-core (114/384)
    Finished `dev` profile [unoptimized] target(s) in 0.15s

info: running `cargo check --all-targets --no-default-features --features compiled,metal,test-utils` on incin-core (115/384)
warning: unused import: `alloc::vec`
 --> crates/incin-core/src/compiled/artifact.rs:5:5
  |
5 | use alloc::vec;
  |     ^^^^^^^^^^
  |
  = note: `#[warn(unused_imports)]` (part of `#[warn(unused)]`) on by default

warning: unused import: `CapturedNode`
 --> crates/incin-core/src/compiled/fusion.rs:5:47
  |
5 | use crate::compiled::capture::{CapturedGraph, CapturedNode};
  |                                               ^^^^^^^^^^^^

warning: unused import: `alloc::string::String`
 --> crates/incin-core/src/compiled/plan.rs:4:5
  |
4 | use alloc::string::String;
  |     ^^^^^^^^^^^^^^^^^^^^^

warning: unused import: `SymbolEnvironment`
  --> crates/incin-core/src/compiled/plan.rs:12:57
   |
12 |     DimExpr, LayoutClass, OperationIdentity, ShapeExpr, SymbolEnvironment, SymbolTable,
   |                                                         ^^^^^^^^^^^^^^^^^

warning: function `export_captured_to_onnx` is never used
   --> crates/incin-core/src/onnx_exporter.rs:116:8
    |
116 | pub fn export_captured_to_onnx(graph: &CapturedGraph, path: &Path) -> anyhow::Result<()> {
    |        ^^^^^^^^^^^^^^^^^^^^^^^
    |
    = note: `#[warn(dead_code)]` (part of `#[warn(unused)]`) on by default

warning: `incin-core` (lib) generated 5 warnings (run `cargo fix --lib -p incin-core` to apply 4 suggestions)
warning: `incin-core` (lib test) generated 5 warnings (5 duplicates)
    Finished `dev` profile [unoptimized] target(s) in 0.15s

info: running `cargo check --all-targets --no-default-features --features cuda,metal,test-utils` on incin-core (116/384)
    Finished `dev` profile [unoptimized] target(s) in 0.16s

info: running `cargo check --all-targets --no-default-features --features compiled,cuda,metal,test-utils` on incin-core (117/384)
warning: unused import: `alloc::vec`
 --> crates/incin-core/src/compiled/artifact.rs:5:5
  |
5 | use alloc::vec;
  |     ^^^^^^^^^^
  |
  = note: `#[warn(unused_imports)]` (part of `#[warn(unused)]`) on by default

warning: unused import: `CapturedNode`
 --> crates/incin-core/src/compiled/fusion.rs:5:47
  |
5 | use crate::compiled::capture::{CapturedGraph, CapturedNode};
  |                                               ^^^^^^^^^^^^

warning: unused import: `alloc::string::String`
 --> crates/incin-core/src/compiled/plan.rs:4:5
  |
4 | use alloc::string::String;
  |     ^^^^^^^^^^^^^^^^^^^^^

warning: unused import: `SymbolEnvironment`
  --> crates/incin-core/src/compiled/plan.rs:12:57
   |
12 |     DimExpr, LayoutClass, OperationIdentity, ShapeExpr, SymbolEnvironment, SymbolTable,
   |                                                         ^^^^^^^^^^^^^^^^^

warning: function `export_captured_to_onnx` is never used
   --> crates/incin-core/src/onnx_exporter.rs:116:8
    |
116 | pub fn export_captured_to_onnx(graph: &CapturedGraph, path: &Path) -> anyhow::Result<()> {
    |        ^^^^^^^^^^^^^^^^^^^^^^^
    |
    = note: `#[warn(dead_code)]` (part of `#[warn(unused)]`) on by default

warning: `incin-core` (lib) generated 5 warnings (run `cargo fix --lib -p incin-core` to apply 4 suggestions)
warning: `incin-core` (lib test) generated 5 warnings (5 duplicates)
    Finished `dev` profile [unoptimized] target(s) in 0.15s

info: running `cargo check --all-targets --no-default-features --features default,metal,test-utils` on incin-core (118/384)
    Finished `dev` profile [unoptimized] target(s) in 0.16s

info: running `cargo check --all-targets --no-default-features --features compiled,default,metal,test-utils` on incin-core (119/384)
warning: unused import: `alloc::vec`
 --> crates/incin-core/src/compiled/artifact.rs:5:5
  |
5 | use alloc::vec;
  |     ^^^^^^^^^^
  |
  = note: `#[warn(unused_imports)]` (part of `#[warn(unused)]`) on by default

warning: unused import: `CapturedNode`
 --> crates/incin-core/src/compiled/fusion.rs:5:47
  |
5 | use crate::compiled::capture::{CapturedGraph, CapturedNode};
  |                                               ^^^^^^^^^^^^

warning: unused import: `alloc::string::String`
 --> crates/incin-core/src/compiled/plan.rs:4:5
  |
4 | use alloc::string::String;
  |     ^^^^^^^^^^^^^^^^^^^^^

warning: unused import: `SymbolEnvironment`
  --> crates/incin-core/src/compiled/plan.rs:12:57
   |
12 |     DimExpr, LayoutClass, OperationIdentity, ShapeExpr, SymbolEnvironment, SymbolTable,
   |                                                         ^^^^^^^^^^^^^^^^^

warning: function `export_captured_to_onnx` is never used
   --> crates/incin-core/src/onnx_exporter.rs:116:8
    |
116 | pub fn export_captured_to_onnx(graph: &CapturedGraph, path: &Path) -> anyhow::Result<()> {
    |        ^^^^^^^^^^^^^^^^^^^^^^^
    |
    = note: `#[warn(dead_code)]` (part of `#[warn(unused)]`) on by default

warning: `incin-core` (lib) generated 5 warnings (run `cargo fix --lib -p incin-core` to apply 4 suggestions)
warning: `incin-core` (lib test) generated 5 warnings (5 duplicates)
    Finished `dev` profile [unoptimized] target(s) in 0.16s

info: running `cargo check --all-targets --no-default-features --features cuda,default,metal,test-utils` on incin-core (120/384)
    Finished `dev` profile [unoptimized] target(s) in 0.15s

info: running `cargo check --all-targets --no-default-features --features compiled,cuda,default,metal,test-utils` on incin-core (121/384)
warning: unused import: `alloc::vec`
 --> crates/incin-core/src/compiled/artifact.rs:5:5
  |
5 | use alloc::vec;
  |     ^^^^^^^^^^
  |
  = note: `#[warn(unused_imports)]` (part of `#[warn(unused)]`) on by default

warning: unused import: `CapturedNode`
 --> crates/incin-core/src/compiled/fusion.rs:5:47
  |
5 | use crate::compiled::capture::{CapturedGraph, CapturedNode};
  |                                               ^^^^^^^^^^^^

warning: unused import: `alloc::string::String`
 --> crates/incin-core/src/compiled/plan.rs:4:5
  |
4 | use alloc::string::String;
  |     ^^^^^^^^^^^^^^^^^^^^^

warning: unused import: `SymbolEnvironment`
  --> crates/incin-core/src/compiled/plan.rs:12:57
   |
12 |     DimExpr, LayoutClass, OperationIdentity, ShapeExpr, SymbolEnvironment, SymbolTable,
   |                                                         ^^^^^^^^^^^^^^^^^

warning: function `export_captured_to_onnx` is never used
   --> crates/incin-core/src/onnx_exporter.rs:116:8
    |
116 | pub fn export_captured_to_onnx(graph: &CapturedGraph, path: &Path) -> anyhow::Result<()> {
    |        ^^^^^^^^^^^^^^^^^^^^^^^
    |
    = note: `#[warn(dead_code)]` (part of `#[warn(unused)]`) on by default

warning: `incin-core` (lib) generated 5 warnings (run `cargo fix --lib -p incin-core` to apply 4 suggestions)
warning: `incin-core` (lib test) generated 5 warnings (5 duplicates)
    Finished `dev` profile [unoptimized] target(s) in 0.16s

info: running `cargo check --all-targets --no-default-features --features distributed,metal,test-utils` on incin-core (122/384)
    Finished `dev` profile [unoptimized] target(s) in 0.14s

info: running `cargo check --all-targets --no-default-features --features compiled,distributed,metal,test-utils` on incin-core (123/384)
warning: unused import: `alloc::vec`
 --> crates/incin-core/src/compiled/artifact.rs:5:5
  |
5 | use alloc::vec;
  |     ^^^^^^^^^^
  |
  = note: `#[warn(unused_imports)]` (part of `#[warn(unused)]`) on by default

warning: unused import: `CapturedNode`
 --> crates/incin-core/src/compiled/fusion.rs:5:47
  |
5 | use crate::compiled::capture::{CapturedGraph, CapturedNode};
  |                                               ^^^^^^^^^^^^

warning: unused import: `alloc::string::String`
 --> crates/incin-core/src/compiled/plan.rs:4:5
  |
4 | use alloc::string::String;
  |     ^^^^^^^^^^^^^^^^^^^^^

warning: unused import: `SymbolEnvironment`
  --> crates/incin-core/src/compiled/plan.rs:12:57
   |
12 |     DimExpr, LayoutClass, OperationIdentity, ShapeExpr, SymbolEnvironment, SymbolTable,
   |                                                         ^^^^^^^^^^^^^^^^^

warning: function `export_captured_to_onnx` is never used
   --> crates/incin-core/src/onnx_exporter.rs:116:8
    |
116 | pub fn export_captured_to_onnx(graph: &CapturedGraph, path: &Path) -> anyhow::Result<()> {
    |        ^^^^^^^^^^^^^^^^^^^^^^^
    |
    = note: `#[warn(dead_code)]` (part of `#[warn(unused)]`) on by default

warning: `incin-core` (lib) generated 5 warnings (run `cargo fix --lib -p incin-core` to apply 4 suggestions)
warning: `incin-core` (lib test) generated 5 warnings (5 duplicates)
    Finished `dev` profile [unoptimized] target(s) in 0.15s

info: running `cargo check --all-targets --no-default-features --features cuda,distributed,metal,test-utils` on incin-core (124/384)
    Finished `dev` profile [unoptimized] target(s) in 0.14s

info: running `cargo check --all-targets --no-default-features --features compiled,cuda,distributed,metal,test-utils` on incin-core (125/384)
warning: unused import: `alloc::vec`
 --> crates/incin-core/src/compiled/artifact.rs:5:5
  |
5 | use alloc::vec;
  |     ^^^^^^^^^^
  |
  = note: `#[warn(unused_imports)]` (part of `#[warn(unused)]`) on by default

warning: unused import: `CapturedNode`
 --> crates/incin-core/src/compiled/fusion.rs:5:47
  |
5 | use crate::compiled::capture::{CapturedGraph, CapturedNode};
  |                                               ^^^^^^^^^^^^

warning: unused import: `alloc::string::String`
 --> crates/incin-core/src/compiled/plan.rs:4:5
  |
4 | use alloc::string::String;
  |     ^^^^^^^^^^^^^^^^^^^^^

warning: unused import: `SymbolEnvironment`
  --> crates/incin-core/src/compiled/plan.rs:12:57
   |
12 |     DimExpr, LayoutClass, OperationIdentity, ShapeExpr, SymbolEnvironment, SymbolTable,
   |                                                         ^^^^^^^^^^^^^^^^^

warning: function `export_captured_to_onnx` is never used
   --> crates/incin-core/src/onnx_exporter.rs:116:8
    |
116 | pub fn export_captured_to_onnx(graph: &CapturedGraph, path: &Path) -> anyhow::Result<()> {
    |        ^^^^^^^^^^^^^^^^^^^^^^^
    |
    = note: `#[warn(dead_code)]` (part of `#[warn(unused)]`) on by default

warning: `incin-core` (lib) generated 5 warnings (run `cargo fix --lib -p incin-core` to apply 4 suggestions)
warning: `incin-core` (lib test) generated 5 warnings (5 duplicates)
    Finished `dev` profile [unoptimized] target(s) in 0.14s

info: running `cargo check --all-targets --no-default-features --features default,distributed,metal,test-utils` on incin-core (126/384)
    Finished `dev` profile [unoptimized] target(s) in 0.15s

info: running `cargo check --all-targets --no-default-features --features compiled,default,distributed,metal,test-utils` on incin-core (127/384)
warning: unused import: `alloc::vec`
 --> crates/incin-core/src/compiled/artifact.rs:5:5
  |
5 | use alloc::vec;
  |     ^^^^^^^^^^
  |
  = note: `#[warn(unused_imports)]` (part of `#[warn(unused)]`) on by default

warning: unused import: `CapturedNode`
 --> crates/incin-core/src/compiled/fusion.rs:5:47
  |
5 | use crate::compiled::capture::{CapturedGraph, CapturedNode};
  |                                               ^^^^^^^^^^^^

warning: unused import: `alloc::string::String`
 --> crates/incin-core/src/compiled/plan.rs:4:5
  |
4 | use alloc::string::String;
  |     ^^^^^^^^^^^^^^^^^^^^^

warning: unused import: `SymbolEnvironment`
  --> crates/incin-core/src/compiled/plan.rs:12:57
   |
12 |     DimExpr, LayoutClass, OperationIdentity, ShapeExpr, SymbolEnvironment, SymbolTable,
   |                                                         ^^^^^^^^^^^^^^^^^

warning: function `export_captured_to_onnx` is never used
   --> crates/incin-core/src/onnx_exporter.rs:116:8
    |
116 | pub fn export_captured_to_onnx(graph: &CapturedGraph, path: &Path) -> anyhow::Result<()> {
    |        ^^^^^^^^^^^^^^^^^^^^^^^
    |
    = note: `#[warn(dead_code)]` (part of `#[warn(unused)]`) on by default

warning: `incin-core` (lib) generated 5 warnings (run `cargo fix --lib -p incin-core` to apply 4 suggestions)
warning: `incin-core` (lib test) generated 5 warnings (5 duplicates)
    Finished `dev` profile [unoptimized] target(s) in 0.15s

info: running `cargo check --all-targets --no-default-features --features cuda,default,distributed,metal,test-utils` on incin-core (128/384)
    Finished `dev` profile [unoptimized] target(s) in 0.14s

info: running `cargo check --all-targets --no-default-features --features compiled,cuda,default,distributed,metal,test-utils` on incin-core (129/384)
warning: unused import: `alloc::vec`
 --> crates/incin-core/src/compiled/artifact.rs:5:5
  |
5 | use alloc::vec;
  |     ^^^^^^^^^^
  |
  = note: `#[warn(unused_imports)]` (part of `#[warn(unused)]`) on by default

warning: unused import: `CapturedNode`
 --> crates/incin-core/src/compiled/fusion.rs:5:47
  |
5 | use crate::compiled::capture::{CapturedGraph, CapturedNode};
  |                                               ^^^^^^^^^^^^

warning: unused import: `alloc::string::String`
 --> crates/incin-core/src/compiled/plan.rs:4:5
  |
4 | use alloc::string::String;
  |     ^^^^^^^^^^^^^^^^^^^^^

warning: unused import: `SymbolEnvironment`
  --> crates/incin-core/src/compiled/plan.rs:12:57
   |
12 |     DimExpr, LayoutClass, OperationIdentity, ShapeExpr, SymbolEnvironment, SymbolTable,
   |                                                         ^^^^^^^^^^^^^^^^^

warning: function `export_captured_to_onnx` is never used
   --> crates/incin-core/src/onnx_exporter.rs:116:8
    |
116 | pub fn export_captured_to_onnx(graph: &CapturedGraph, path: &Path) -> anyhow::Result<()> {
    |        ^^^^^^^^^^^^^^^^^^^^^^^
    |
    = note: `#[warn(dead_code)]` (part of `#[warn(unused)]`) on by default

warning: `incin-core` (lib) generated 5 warnings (run `cargo fix --lib -p incin-core` to apply 4 suggestions)
warning: `incin-core` (lib test) generated 5 warnings (5 duplicates)
    Finished `dev` profile [unoptimized] target(s) in 0.14s

info: running `cargo check --all-targets --no-default-features --features paranoid-validation,test-utils` on incin-core (130/384)
    Finished `dev` profile [unoptimized] target(s) in 0.14s

info: running `cargo check --all-targets --no-default-features --features compiled,paranoid-validation,test-utils` on incin-core (131/384)
warning: unused import: `alloc::vec`
 --> crates/incin-core/src/compiled/artifact.rs:5:5
  |
5 | use alloc::vec;
  |     ^^^^^^^^^^
  |
  = note: `#[warn(unused_imports)]` (part of `#[warn(unused)]`) on by default

warning: unused import: `CapturedNode`
 --> crates/incin-core/src/compiled/fusion.rs:5:47
  |
5 | use crate::compiled::capture::{CapturedGraph, CapturedNode};
  |                                               ^^^^^^^^^^^^

warning: unused import: `alloc::string::String`
 --> crates/incin-core/src/compiled/plan.rs:4:5
  |
4 | use alloc::string::String;
  |     ^^^^^^^^^^^^^^^^^^^^^

warning: unused import: `SymbolEnvironment`
  --> crates/incin-core/src/compiled/plan.rs:12:57
   |
12 |     DimExpr, LayoutClass, OperationIdentity, ShapeExpr, SymbolEnvironment, SymbolTable,
   |                                                         ^^^^^^^^^^^^^^^^^

warning: function `export_captured_to_onnx` is never used
   --> crates/incin-core/src/onnx_exporter.rs:116:8
    |
116 | pub fn export_captured_to_onnx(graph: &CapturedGraph, path: &Path) -> anyhow::Result<()> {
    |        ^^^^^^^^^^^^^^^^^^^^^^^
    |
    = note: `#[warn(dead_code)]` (part of `#[warn(unused)]`) on by default

warning: `incin-core` (lib) generated 5 warnings (run `cargo fix --lib -p incin-core` to apply 4 suggestions)
warning: `incin-core` (lib test) generated 5 warnings (5 duplicates)
    Finished `dev` profile [unoptimized] target(s) in 0.14s

info: running `cargo check --all-targets --no-default-features --features cuda,paranoid-validation,test-utils` on incin-core (132/384)
    Finished `dev` profile [unoptimized] target(s) in 0.14s

info: running `cargo check --all-targets --no-default-features --features compiled,cuda,paranoid-validation,test-utils` on incin-core (133/384)
warning: unused import: `alloc::vec`
 --> crates/incin-core/src/compiled/artifact.rs:5:5
  |
5 | use alloc::vec;
  |     ^^^^^^^^^^
  |
  = note: `#[warn(unused_imports)]` (part of `#[warn(unused)]`) on by default

warning: unused import: `CapturedNode`
 --> crates/incin-core/src/compiled/fusion.rs:5:47
  |
5 | use crate::compiled::capture::{CapturedGraph, CapturedNode};
  |                                               ^^^^^^^^^^^^

warning: unused import: `alloc::string::String`
 --> crates/incin-core/src/compiled/plan.rs:4:5
  |
4 | use alloc::string::String;
  |     ^^^^^^^^^^^^^^^^^^^^^

warning: unused import: `SymbolEnvironment`
  --> crates/incin-core/src/compiled/plan.rs:12:57
   |
12 |     DimExpr, LayoutClass, OperationIdentity, ShapeExpr, SymbolEnvironment, SymbolTable,
   |                                                         ^^^^^^^^^^^^^^^^^

warning: function `export_captured_to_onnx` is never used
   --> crates/incin-core/src/onnx_exporter.rs:116:8
    |
116 | pub fn export_captured_to_onnx(graph: &CapturedGraph, path: &Path) -> anyhow::Result<()> {
    |        ^^^^^^^^^^^^^^^^^^^^^^^
    |
    = note: `#[warn(dead_code)]` (part of `#[warn(unused)]`) on by default

warning: `incin-core` (lib) generated 5 warnings (run `cargo fix --lib -p incin-core` to apply 4 suggestions)
warning: `incin-core` (lib test) generated 5 warnings (5 duplicates)
    Finished `dev` profile [unoptimized] target(s) in 0.14s

info: running `cargo check --all-targets --no-default-features --features default,paranoid-validation,test-utils` on incin-core (134/384)
    Finished `dev` profile [unoptimized] target(s) in 0.14s

info: running `cargo check --all-targets --no-default-features --features compiled,default,paranoid-validation,test-utils` on incin-core (135/384)
warning: unused import: `alloc::vec`
 --> crates/incin-core/src/compiled/artifact.rs:5:5
  |
5 | use alloc::vec;
  |     ^^^^^^^^^^
  |
  = note: `#[warn(unused_imports)]` (part of `#[warn(unused)]`) on by default

warning: unused import: `CapturedNode`
 --> crates/incin-core/src/compiled/fusion.rs:5:47
  |
5 | use crate::compiled::capture::{CapturedGraph, CapturedNode};
  |                                               ^^^^^^^^^^^^

warning: unused import: `alloc::string::String`
 --> crates/incin-core/src/compiled/plan.rs:4:5
  |
4 | use alloc::string::String;
  |     ^^^^^^^^^^^^^^^^^^^^^

warning: unused import: `SymbolEnvironment`
  --> crates/incin-core/src/compiled/plan.rs:12:57
   |
12 |     DimExpr, LayoutClass, OperationIdentity, ShapeExpr, SymbolEnvironment, SymbolTable,
   |                                                         ^^^^^^^^^^^^^^^^^

warning: function `export_captured_to_onnx` is never used
   --> crates/incin-core/src/onnx_exporter.rs:116:8
    |
116 | pub fn export_captured_to_onnx(graph: &CapturedGraph, path: &Path) -> anyhow::Result<()> {
    |        ^^^^^^^^^^^^^^^^^^^^^^^
    |
    = note: `#[warn(dead_code)]` (part of `#[warn(unused)]`) on by default

warning: `incin-core` (lib) generated 5 warnings (run `cargo fix --lib -p incin-core` to apply 4 suggestions)
warning: `incin-core` (lib test) generated 5 warnings (5 duplicates)
    Finished `dev` profile [unoptimized] target(s) in 0.14s

info: running `cargo check --all-targets --no-default-features --features cuda,default,paranoid-validation,test-utils` on incin-core (136/384)
    Finished `dev` profile [unoptimized] target(s) in 0.15s

info: running `cargo check --all-targets --no-default-features --features compiled,cuda,default,paranoid-validation,test-utils` on incin-core (137/384)
warning: unused import: `alloc::vec`
 --> crates/incin-core/src/compiled/artifact.rs:5:5
  |
5 | use alloc::vec;
  |     ^^^^^^^^^^
  |
  = note: `#[warn(unused_imports)]` (part of `#[warn(unused)]`) on by default

warning: unused import: `CapturedNode`
 --> crates/incin-core/src/compiled/fusion.rs:5:47
  |
5 | use crate::compiled::capture::{CapturedGraph, CapturedNode};
  |                                               ^^^^^^^^^^^^

warning: unused import: `alloc::string::String`
 --> crates/incin-core/src/compiled/plan.rs:4:5
  |
4 | use alloc::string::String;
  |     ^^^^^^^^^^^^^^^^^^^^^

warning: unused import: `SymbolEnvironment`
  --> crates/incin-core/src/compiled/plan.rs:12:57
   |
12 |     DimExpr, LayoutClass, OperationIdentity, ShapeExpr, SymbolEnvironment, SymbolTable,
   |                                                         ^^^^^^^^^^^^^^^^^

warning: function `export_captured_to_onnx` is never used
   --> crates/incin-core/src/onnx_exporter.rs:116:8
    |
116 | pub fn export_captured_to_onnx(graph: &CapturedGraph, path: &Path) -> anyhow::Result<()> {
    |        ^^^^^^^^^^^^^^^^^^^^^^^
    |
    = note: `#[warn(dead_code)]` (part of `#[warn(unused)]`) on by default

warning: `incin-core` (lib) generated 5 warnings (run `cargo fix --lib -p incin-core` to apply 4 suggestions)
warning: `incin-core` (lib test) generated 5 warnings (5 duplicates)
    Finished `dev` profile [unoptimized] target(s) in 0.14s

info: running `cargo check --all-targets --no-default-features --features distributed,paranoid-validation,test-utils` on incin-core (138/384)
    Finished `dev` profile [unoptimized] target(s) in 0.14s

info: running `cargo check --all-targets --no-default-features --features compiled,distributed,paranoid-validation,test-utils` on incin-core (139/384)
warning: unused import: `alloc::vec`
 --> crates/incin-core/src/compiled/artifact.rs:5:5
  |
5 | use alloc::vec;
  |     ^^^^^^^^^^
  |
  = note: `#[warn(unused_imports)]` (part of `#[warn(unused)]`) on by default

warning: unused import: `CapturedNode`
 --> crates/incin-core/src/compiled/fusion.rs:5:47
  |
5 | use crate::compiled::capture::{CapturedGraph, CapturedNode};
  |                                               ^^^^^^^^^^^^

warning: unused import: `alloc::string::String`
 --> crates/incin-core/src/compiled/plan.rs:4:5
  |
4 | use alloc::string::String;
  |     ^^^^^^^^^^^^^^^^^^^^^

warning: unused import: `SymbolEnvironment`
  --> crates/incin-core/src/compiled/plan.rs:12:57
   |
12 |     DimExpr, LayoutClass, OperationIdentity, ShapeExpr, SymbolEnvironment, SymbolTable,
   |                                                         ^^^^^^^^^^^^^^^^^

warning: function `export_captured_to_onnx` is never used
   --> crates/incin-core/src/onnx_exporter.rs:116:8
    |
116 | pub fn export_captured_to_onnx(graph: &CapturedGraph, path: &Path) -> anyhow::Result<()> {
    |        ^^^^^^^^^^^^^^^^^^^^^^^
    |
    = note: `#[warn(dead_code)]` (part of `#[warn(unused)]`) on by default

warning: `incin-core` (lib) generated 5 warnings (run `cargo fix --lib -p incin-core` to apply 4 suggestions)
warning: `incin-core` (lib test) generated 5 warnings (5 duplicates)
    Finished `dev` profile [unoptimized] target(s) in 0.14s

info: running `cargo check --all-targets --no-default-features --features cuda,distributed,paranoid-validation,test-utils` on incin-core (140/384)
    Finished `dev` profile [unoptimized] target(s) in 0.14s

info: running `cargo check --all-targets --no-default-features --features compiled,cuda,distributed,paranoid-validation,test-utils` on incin-core (141/384)
warning: unused import: `alloc::vec`
 --> crates/incin-core/src/compiled/artifact.rs:5:5
  |
5 | use alloc::vec;
  |     ^^^^^^^^^^
  |
  = note: `#[warn(unused_imports)]` (part of `#[warn(unused)]`) on by default

warning: unused import: `CapturedNode`
 --> crates/incin-core/src/compiled/fusion.rs:5:47
  |
5 | use crate::compiled::capture::{CapturedGraph, CapturedNode};
  |                                               ^^^^^^^^^^^^

warning: unused import: `alloc::string::String`
 --> crates/incin-core/src/compiled/plan.rs:4:5
  |
4 | use alloc::string::String;
  |     ^^^^^^^^^^^^^^^^^^^^^

warning: unused import: `SymbolEnvironment`
  --> crates/incin-core/src/compiled/plan.rs:12:57
   |
12 |     DimExpr, LayoutClass, OperationIdentity, ShapeExpr, SymbolEnvironment, SymbolTable,
   |                                                         ^^^^^^^^^^^^^^^^^

warning: function `export_captured_to_onnx` is never used
   --> crates/incin-core/src/onnx_exporter.rs:116:8
    |
116 | pub fn export_captured_to_onnx(graph: &CapturedGraph, path: &Path) -> anyhow::Result<()> {
    |        ^^^^^^^^^^^^^^^^^^^^^^^
    |
    = note: `#[warn(dead_code)]` (part of `#[warn(unused)]`) on by default

warning: `incin-core` (lib) generated 5 warnings (run `cargo fix --lib -p incin-core` to apply 4 suggestions)
warning: `incin-core` (lib test) generated 5 warnings (5 duplicates)
    Finished `dev` profile [unoptimized] target(s) in 0.14s

info: running `cargo check --all-targets --no-default-features --features default,distributed,paranoid-validation,test-utils` on incin-core (142/384)
    Finished `dev` profile [unoptimized] target(s) in 0.15s

info: running `cargo check --all-targets --no-default-features --features compiled,default,distributed,paranoid-validation,test-utils` on incin-core (143/384)
warning: unused import: `alloc::vec`
 --> crates/incin-core/src/compiled/artifact.rs:5:5
  |
5 | use alloc::vec;
  |     ^^^^^^^^^^
  |
  = note: `#[warn(unused_imports)]` (part of `#[warn(unused)]`) on by default

warning: unused import: `CapturedNode`
 --> crates/incin-core/src/compiled/fusion.rs:5:47
  |
5 | use crate::compiled::capture::{CapturedGraph, CapturedNode};
  |                                               ^^^^^^^^^^^^

warning: unused import: `alloc::string::String`
 --> crates/incin-core/src/compiled/plan.rs:4:5
  |
4 | use alloc::string::String;
  |     ^^^^^^^^^^^^^^^^^^^^^

warning: unused import: `SymbolEnvironment`
  --> crates/incin-core/src/compiled/plan.rs:12:57
   |
12 |     DimExpr, LayoutClass, OperationIdentity, ShapeExpr, SymbolEnvironment, SymbolTable,
   |                                                         ^^^^^^^^^^^^^^^^^

warning: function `export_captured_to_onnx` is never used
   --> crates/incin-core/src/onnx_exporter.rs:116:8
    |
116 | pub fn export_captured_to_onnx(graph: &CapturedGraph, path: &Path) -> anyhow::Result<()> {
    |        ^^^^^^^^^^^^^^^^^^^^^^^
    |
    = note: `#[warn(dead_code)]` (part of `#[warn(unused)]`) on by default

warning: `incin-core` (lib) generated 5 warnings (run `cargo fix --lib -p incin-core` to apply 4 suggestions)
warning: `incin-core` (lib test) generated 5 warnings (5 duplicates)
    Finished `dev` profile [unoptimized] target(s) in 0.15s

info: running `cargo check --all-targets --no-default-features --features cuda,default,distributed,paranoid-validation,test-utils` on incin-core (144/384)
    Finished `dev` profile [unoptimized] target(s) in 0.14s

info: running `cargo check --all-targets --no-default-features --features compiled,cuda,default,distributed,paranoid-validation,test-utils` on incin-core (145/384)
warning: unused import: `alloc::vec`
 --> crates/incin-core/src/compiled/artifact.rs:5:5
  |
5 | use alloc::vec;
  |     ^^^^^^^^^^
  |
  = note: `#[warn(unused_imports)]` (part of `#[warn(unused)]`) on by default

warning: unused import: `CapturedNode`
 --> crates/incin-core/src/compiled/fusion.rs:5:47
  |
5 | use crate::compiled::capture::{CapturedGraph, CapturedNode};
  |                                               ^^^^^^^^^^^^

warning: unused import: `alloc::string::String`
 --> crates/incin-core/src/compiled/plan.rs:4:5
  |
4 | use alloc::string::String;
  |     ^^^^^^^^^^^^^^^^^^^^^

warning: unused import: `SymbolEnvironment`
  --> crates/incin-core/src/compiled/plan.rs:12:57
   |
12 |     DimExpr, LayoutClass, OperationIdentity, ShapeExpr, SymbolEnvironment, SymbolTable,
   |                                                         ^^^^^^^^^^^^^^^^^

warning: function `export_captured_to_onnx` is never used
   --> crates/incin-core/src/onnx_exporter.rs:116:8
    |
116 | pub fn export_captured_to_onnx(graph: &CapturedGraph, path: &Path) -> anyhow::Result<()> {
    |        ^^^^^^^^^^^^^^^^^^^^^^^
    |
    = note: `#[warn(dead_code)]` (part of `#[warn(unused)]`) on by default

warning: `incin-core` (lib) generated 5 warnings (run `cargo fix --lib -p incin-core` to apply 4 suggestions)
warning: `incin-core` (lib test) generated 5 warnings (5 duplicates)
    Finished `dev` profile [unoptimized] target(s) in 0.15s

info: running `cargo check --all-targets --no-default-features --features metal,paranoid-validation,test-utils` on incin-core (146/384)
    Finished `dev` profile [unoptimized] target(s) in 0.15s

info: running `cargo check --all-targets --no-default-features --features compiled,metal,paranoid-validation,test-utils` on incin-core (147/384)
warning: unused import: `alloc::vec`
 --> crates/incin-core/src/compiled/artifact.rs:5:5
  |
5 | use alloc::vec;
  |     ^^^^^^^^^^
  |
  = note: `#[warn(unused_imports)]` (part of `#[warn(unused)]`) on by default

warning: unused import: `CapturedNode`
 --> crates/incin-core/src/compiled/fusion.rs:5:47
  |
5 | use crate::compiled::capture::{CapturedGraph, CapturedNode};
  |                                               ^^^^^^^^^^^^

warning: unused import: `alloc::string::String`
 --> crates/incin-core/src/compiled/plan.rs:4:5
  |
4 | use alloc::string::String;
  |     ^^^^^^^^^^^^^^^^^^^^^

warning: unused import: `SymbolEnvironment`
  --> crates/incin-core/src/compiled/plan.rs:12:57
   |
12 |     DimExpr, LayoutClass, OperationIdentity, ShapeExpr, SymbolEnvironment, SymbolTable,
   |                                                         ^^^^^^^^^^^^^^^^^

warning: function `export_captured_to_onnx` is never used
   --> crates/incin-core/src/onnx_exporter.rs:116:8
    |
116 | pub fn export_captured_to_onnx(graph: &CapturedGraph, path: &Path) -> anyhow::Result<()> {
    |        ^^^^^^^^^^^^^^^^^^^^^^^
    |
    = note: `#[warn(dead_code)]` (part of `#[warn(unused)]`) on by default

warning: `incin-core` (lib) generated 5 warnings (run `cargo fix --lib -p incin-core` to apply 4 suggestions)
warning: `incin-core` (lib test) generated 5 warnings (5 duplicates)
    Finished `dev` profile [unoptimized] target(s) in 0.15s

info: running `cargo check --all-targets --no-default-features --features cuda,metal,paranoid-validation,test-utils` on incin-core (148/384)
    Finished `dev` profile [unoptimized] target(s) in 0.15s

info: running `cargo check --all-targets --no-default-features --features compiled,cuda,metal,paranoid-validation,test-utils` on incin-core (149/384)
warning: unused import: `alloc::vec`
 --> crates/incin-core/src/compiled/artifact.rs:5:5
  |
5 | use alloc::vec;
  |     ^^^^^^^^^^
  |
  = note: `#[warn(unused_imports)]` (part of `#[warn(unused)]`) on by default

warning: unused import: `CapturedNode`
 --> crates/incin-core/src/compiled/fusion.rs:5:47
  |
5 | use crate::compiled::capture::{CapturedGraph, CapturedNode};
  |                                               ^^^^^^^^^^^^

warning: unused import: `alloc::string::String`
 --> crates/incin-core/src/compiled/plan.rs:4:5
  |
4 | use alloc::string::String;
  |     ^^^^^^^^^^^^^^^^^^^^^

warning: unused import: `SymbolEnvironment`
  --> crates/incin-core/src/compiled/plan.rs:12:57
   |
12 |     DimExpr, LayoutClass, OperationIdentity, ShapeExpr, SymbolEnvironment, SymbolTable,
   |                                                         ^^^^^^^^^^^^^^^^^

warning: function `export_captured_to_onnx` is never used
   --> crates/incin-core/src/onnx_exporter.rs:116:8
    |
116 | pub fn export_captured_to_onnx(graph: &CapturedGraph, path: &Path) -> anyhow::Result<()> {
    |        ^^^^^^^^^^^^^^^^^^^^^^^
    |
    = note: `#[warn(dead_code)]` (part of `#[warn(unused)]`) on by default

warning: `incin-core` (lib) generated 5 warnings (run `cargo fix --lib -p incin-core` to apply 4 suggestions)
warning: `incin-core` (lib test) generated 5 warnings (5 duplicates)
    Finished `dev` profile [unoptimized] target(s) in 0.15s

info: running `cargo check --all-targets --no-default-features --features default,metal,paranoid-validation,test-utils` on incin-core (150/384)
    Finished `dev` profile [unoptimized] target(s) in 0.14s

info: running `cargo check --all-targets --no-default-features --features compiled,default,metal,paranoid-validation,test-utils` on incin-core (151/384)
warning: unused import: `alloc::vec`
 --> crates/incin-core/src/compiled/artifact.rs:5:5
  |
5 | use alloc::vec;
  |     ^^^^^^^^^^
  |
  = note: `#[warn(unused_imports)]` (part of `#[warn(unused)]`) on by default

warning: unused import: `CapturedNode`
 --> crates/incin-core/src/compiled/fusion.rs:5:47
  |
5 | use crate::compiled::capture::{CapturedGraph, CapturedNode};
  |                                               ^^^^^^^^^^^^

warning: unused import: `alloc::string::String`
 --> crates/incin-core/src/compiled/plan.rs:4:5
  |
4 | use alloc::string::String;
  |     ^^^^^^^^^^^^^^^^^^^^^

warning: unused import: `SymbolEnvironment`
  --> crates/incin-core/src/compiled/plan.rs:12:57
   |
12 |     DimExpr, LayoutClass, OperationIdentity, ShapeExpr, SymbolEnvironment, SymbolTable,
   |                                                         ^^^^^^^^^^^^^^^^^

warning: function `export_captured_to_onnx` is never used
   --> crates/incin-core/src/onnx_exporter.rs:116:8
    |
116 | pub fn export_captured_to_onnx(graph: &CapturedGraph, path: &Path) -> anyhow::Result<()> {
    |        ^^^^^^^^^^^^^^^^^^^^^^^
    |
    = note: `#[warn(dead_code)]` (part of `#[warn(unused)]`) on by default

warning: `incin-core` (lib) generated 5 warnings (run `cargo fix --lib -p incin-core` to apply 4 suggestions)
warning: `incin-core` (lib test) generated 5 warnings (5 duplicates)
    Finished `dev` profile [unoptimized] target(s) in 0.15s

info: running `cargo check --all-targets --no-default-features --features cuda,default,metal,paranoid-validation,test-utils` on incin-core (152/384)
    Finished `dev` profile [unoptimized] target(s) in 0.15s

info: running `cargo check --all-targets --no-default-features --features compiled,cuda,default,metal,paranoid-validation,test-utils` on incin-core (153/384)
warning: unused import: `alloc::vec`
 --> crates/incin-core/src/compiled/artifact.rs:5:5
  |
5 | use alloc::vec;
  |     ^^^^^^^^^^
  |
  = note: `#[warn(unused_imports)]` (part of `#[warn(unused)]`) on by default

warning: unused import: `CapturedNode`
 --> crates/incin-core/src/compiled/fusion.rs:5:47
  |
5 | use crate::compiled::capture::{CapturedGraph, CapturedNode};
  |                                               ^^^^^^^^^^^^

warning: unused import: `alloc::string::String`
 --> crates/incin-core/src/compiled/plan.rs:4:5
  |
4 | use alloc::string::String;
  |     ^^^^^^^^^^^^^^^^^^^^^

warning: unused import: `SymbolEnvironment`
  --> crates/incin-core/src/compiled/plan.rs:12:57
   |
12 |     DimExpr, LayoutClass, OperationIdentity, ShapeExpr, SymbolEnvironment, SymbolTable,
   |                                                         ^^^^^^^^^^^^^^^^^

warning: function `export_captured_to_onnx` is never used
   --> crates/incin-core/src/onnx_exporter.rs:116:8
    |
116 | pub fn export_captured_to_onnx(graph: &CapturedGraph, path: &Path) -> anyhow::Result<()> {
    |        ^^^^^^^^^^^^^^^^^^^^^^^
    |
    = note: `#[warn(dead_code)]` (part of `#[warn(unused)]`) on by default

warning: `incin-core` (lib) generated 5 warnings (run `cargo fix --lib -p incin-core` to apply 4 suggestions)
warning: `incin-core` (lib test) generated 5 warnings (5 duplicates)
    Finished `dev` profile [unoptimized] target(s) in 0.14s

info: running `cargo check --all-targets --no-default-features --features distributed,metal,paranoid-validation,test-utils` on incin-core (154/384)
    Finished `dev` profile [unoptimized] target(s) in 0.15s

info: running `cargo check --all-targets --no-default-features --features compiled,distributed,metal,paranoid-validation,test-utils` on incin-core (155/384)
warning: unused import: `alloc::vec`
 --> crates/incin-core/src/compiled/artifact.rs:5:5
  |
5 | use alloc::vec;
  |     ^^^^^^^^^^
  |
  = note: `#[warn(unused_imports)]` (part of `#[warn(unused)]`) on by default

warning: unused import: `CapturedNode`
 --> crates/incin-core/src/compiled/fusion.rs:5:47
  |
5 | use crate::compiled::capture::{CapturedGraph, CapturedNode};
  |                                               ^^^^^^^^^^^^

warning: unused import: `alloc::string::String`
 --> crates/incin-core/src/compiled/plan.rs:4:5
  |
4 | use alloc::string::String;
  |     ^^^^^^^^^^^^^^^^^^^^^

warning: unused import: `SymbolEnvironment`
  --> crates/incin-core/src/compiled/plan.rs:12:57
   |
12 |     DimExpr, LayoutClass, OperationIdentity, ShapeExpr, SymbolEnvironment, SymbolTable,
   |                                                         ^^^^^^^^^^^^^^^^^

warning: function `export_captured_to_onnx` is never used
   --> crates/incin-core/src/onnx_exporter.rs:116:8
    |
116 | pub fn export_captured_to_onnx(graph: &CapturedGraph, path: &Path) -> anyhow::Result<()> {
    |        ^^^^^^^^^^^^^^^^^^^^^^^
    |
    = note: `#[warn(dead_code)]` (part of `#[warn(unused)]`) on by default

warning: `incin-core` (lib) generated 5 warnings (run `cargo fix --lib -p incin-core` to apply 4 suggestions)
warning: `incin-core` (lib test) generated 5 warnings (5 duplicates)
    Finished `dev` profile [unoptimized] target(s) in 0.15s

info: running `cargo check --all-targets --no-default-features --features cuda,distributed,metal,paranoid-validation,test-utils` on incin-core (156/384)
    Finished `dev` profile [unoptimized] target(s) in 0.15s

info: running `cargo check --all-targets --no-default-features --features compiled,cuda,distributed,metal,paranoid-validation,test-utils` on incin-core (157/384)
warning: unused import: `alloc::vec`
 --> crates/incin-core/src/compiled/artifact.rs:5:5
  |
5 | use alloc::vec;
  |     ^^^^^^^^^^
  |
  = note: `#[warn(unused_imports)]` (part of `#[warn(unused)]`) on by default

warning: unused import: `CapturedNode`
 --> crates/incin-core/src/compiled/fusion.rs:5:47
  |
5 | use crate::compiled::capture::{CapturedGraph, CapturedNode};
  |                                               ^^^^^^^^^^^^

warning: unused import: `alloc::string::String`
 --> crates/incin-core/src/compiled/plan.rs:4:5
  |
4 | use alloc::string::String;
  |     ^^^^^^^^^^^^^^^^^^^^^

warning: unused import: `SymbolEnvironment`
  --> crates/incin-core/src/compiled/plan.rs:12:57
   |
12 |     DimExpr, LayoutClass, OperationIdentity, ShapeExpr, SymbolEnvironment, SymbolTable,
   |                                                         ^^^^^^^^^^^^^^^^^

warning: function `export_captured_to_onnx` is never used
   --> crates/incin-core/src/onnx_exporter.rs:116:8
    |
116 | pub fn export_captured_to_onnx(graph: &CapturedGraph, path: &Path) -> anyhow::Result<()> {
    |        ^^^^^^^^^^^^^^^^^^^^^^^
    |
    = note: `#[warn(dead_code)]` (part of `#[warn(unused)]`) on by default

warning: `incin-core` (lib) generated 5 warnings (run `cargo fix --lib -p incin-core` to apply 4 suggestions)
warning: `incin-core` (lib test) generated 5 warnings (5 duplicates)
    Finished `dev` profile [unoptimized] target(s) in 0.15s

info: running `cargo check --all-targets --no-default-features --features default,distributed,metal,paranoid-validation,test-utils` on incin-core (158/384)
    Finished `dev` profile [unoptimized] target(s) in 0.15s

info: running `cargo check --all-targets --no-default-features --features compiled,default,distributed,metal,paranoid-validation,test-utils` on incin-core (159/384)
warning: unused import: `alloc::vec`
 --> crates/incin-core/src/compiled/artifact.rs:5:5
  |
5 | use alloc::vec;
  |     ^^^^^^^^^^
  |
  = note: `#[warn(unused_imports)]` (part of `#[warn(unused)]`) on by default

warning: unused import: `CapturedNode`
 --> crates/incin-core/src/compiled/fusion.rs:5:47
  |
5 | use crate::compiled::capture::{CapturedGraph, CapturedNode};
  |                                               ^^^^^^^^^^^^

warning: unused import: `alloc::string::String`
 --> crates/incin-core/src/compiled/plan.rs:4:5
  |
4 | use alloc::string::String;
  |     ^^^^^^^^^^^^^^^^^^^^^

warning: unused import: `SymbolEnvironment`
  --> crates/incin-core/src/compiled/plan.rs:12:57
   |
12 |     DimExpr, LayoutClass, OperationIdentity, ShapeExpr, SymbolEnvironment, SymbolTable,
   |                                                         ^^^^^^^^^^^^^^^^^

warning: function `export_captured_to_onnx` is never used
   --> crates/incin-core/src/onnx_exporter.rs:116:8
    |
116 | pub fn export_captured_to_onnx(graph: &CapturedGraph, path: &Path) -> anyhow::Result<()> {
    |        ^^^^^^^^^^^^^^^^^^^^^^^
    |
    = note: `#[warn(dead_code)]` (part of `#[warn(unused)]`) on by default

warning: `incin-core` (lib) generated 5 warnings (run `cargo fix --lib -p incin-core` to apply 4 suggestions)
warning: `incin-core` (lib test) generated 5 warnings (5 duplicates)
    Finished `dev` profile [unoptimized] target(s) in 0.15s

info: running `cargo check --all-targets --no-default-features --features cuda,default,distributed,metal,paranoid-validation,test-utils` on incin-core (160/384)
    Finished `dev` profile [unoptimized] target(s) in 0.15s

info: running `cargo check --all-targets --no-default-features --features compiled,cuda,default,distributed,metal,paranoid-validation,test-utils` on incin-core (161/384)
warning: unused import: `alloc::vec`
 --> crates/incin-core/src/compiled/artifact.rs:5:5
  |
5 | use alloc::vec;
  |     ^^^^^^^^^^
  |
  = note: `#[warn(unused_imports)]` (part of `#[warn(unused)]`) on by default

warning: unused import: `CapturedNode`
 --> crates/incin-core/src/compiled/fusion.rs:5:47
  |
5 | use crate::compiled::capture::{CapturedGraph, CapturedNode};
  |                                               ^^^^^^^^^^^^

warning: unused import: `alloc::string::String`
 --> crates/incin-core/src/compiled/plan.rs:4:5
  |
4 | use alloc::string::String;
  |     ^^^^^^^^^^^^^^^^^^^^^

warning: unused import: `SymbolEnvironment`
  --> crates/incin-core/src/compiled/plan.rs:12:57
   |
12 |     DimExpr, LayoutClass, OperationIdentity, ShapeExpr, SymbolEnvironment, SymbolTable,
   |                                                         ^^^^^^^^^^^^^^^^^

warning: function `export_captured_to_onnx` is never used
   --> crates/incin-core/src/onnx_exporter.rs:116:8
    |
116 | pub fn export_captured_to_onnx(graph: &CapturedGraph, path: &Path) -> anyhow::Result<()> {
    |        ^^^^^^^^^^^^^^^^^^^^^^^
    |
    = note: `#[warn(dead_code)]` (part of `#[warn(unused)]`) on by default

warning: `incin-core` (lib) generated 5 warnings (run `cargo fix --lib -p incin-core` to apply 4 suggestions)
warning: `incin-core` (lib test) generated 5 warnings (5 duplicates)
    Finished `dev` profile [unoptimized] target(s) in 0.15s

info: running `cargo check --all-targets --no-default-features --features std,test-utils` on incin-core (162/384)
    Finished `dev` profile [unoptimized] target(s) in 0.15s

info: running `cargo check --all-targets --no-default-features --features compiled,std,test-utils` on incin-core (163/384)
warning: unused import: `alloc::vec`
 --> crates/incin-core/src/compiled/artifact.rs:5:5
  |
5 | use alloc::vec;
  |     ^^^^^^^^^^
  |
  = note: `#[warn(unused_imports)]` (part of `#[warn(unused)]`) on by default

warning: unused import: `CapturedNode`
 --> crates/incin-core/src/compiled/fusion.rs:5:47
  |
5 | use crate::compiled::capture::{CapturedGraph, CapturedNode};
  |                                               ^^^^^^^^^^^^

warning: unused import: `alloc::string::String`
 --> crates/incin-core/src/compiled/plan.rs:4:5
  |
4 | use alloc::string::String;
  |     ^^^^^^^^^^^^^^^^^^^^^

warning: unused import: `SymbolEnvironment`
  --> crates/incin-core/src/compiled/plan.rs:12:57
   |
12 |     DimExpr, LayoutClass, OperationIdentity, ShapeExpr, SymbolEnvironment, SymbolTable,
   |                                                         ^^^^^^^^^^^^^^^^^

warning: function `export_captured_to_onnx` is never used
   --> crates/incin-core/src/onnx_exporter.rs:116:8
    |
116 | pub fn export_captured_to_onnx(graph: &CapturedGraph, path: &Path) -> anyhow::Result<()> {
    |        ^^^^^^^^^^^^^^^^^^^^^^^
    |
    = note: `#[warn(dead_code)]` (part of `#[warn(unused)]`) on by default

warning: `incin-core` (lib) generated 5 warnings (run `cargo fix --lib -p incin-core` to apply 4 suggestions)
warning: `incin-core` (lib test) generated 5 warnings (5 duplicates)
    Finished `dev` profile [unoptimized] target(s) in 0.15s

info: running `cargo check --all-targets --no-default-features --features cuda,std,test-utils` on incin-core (164/384)
    Finished `dev` profile [unoptimized] target(s) in 0.15s

info: running `cargo check --all-targets --no-default-features --features compiled,cuda,std,test-utils` on incin-core (165/384)
warning: unused import: `alloc::vec`
 --> crates/incin-core/src/compiled/artifact.rs:5:5
  |
5 | use alloc::vec;
  |     ^^^^^^^^^^
  |
  = note: `#[warn(unused_imports)]` (part of `#[warn(unused)]`) on by default

warning: unused import: `CapturedNode`
 --> crates/incin-core/src/compiled/fusion.rs:5:47
  |
5 | use crate::compiled::capture::{CapturedGraph, CapturedNode};
  |                                               ^^^^^^^^^^^^

warning: unused import: `alloc::string::String`
 --> crates/incin-core/src/compiled/plan.rs:4:5
  |
4 | use alloc::string::String;
  |     ^^^^^^^^^^^^^^^^^^^^^

warning: unused import: `SymbolEnvironment`
  --> crates/incin-core/src/compiled/plan.rs:12:57
   |
12 |     DimExpr, LayoutClass, OperationIdentity, ShapeExpr, SymbolEnvironment, SymbolTable,
   |                                                         ^^^^^^^^^^^^^^^^^

warning: function `export_captured_to_onnx` is never used
   --> crates/incin-core/src/onnx_exporter.rs:116:8
    |
116 | pub fn export_captured_to_onnx(graph: &CapturedGraph, path: &Path) -> anyhow::Result<()> {
    |        ^^^^^^^^^^^^^^^^^^^^^^^
    |
    = note: `#[warn(dead_code)]` (part of `#[warn(unused)]`) on by default

warning: `incin-core` (lib) generated 5 warnings (run `cargo fix --lib -p incin-core` to apply 4 suggestions)
warning: `incin-core` (lib test) generated 5 warnings (5 duplicates)
    Finished `dev` profile [unoptimized] target(s) in 0.15s

info: running `cargo check --all-targets --no-default-features --features distributed,std,test-utils` on incin-core (166/384)
    Finished `dev` profile [unoptimized] target(s) in 0.15s

info: running `cargo check --all-targets --no-default-features --features compiled,distributed,std,test-utils` on incin-core (167/384)
warning: unused import: `alloc::vec`
 --> crates/incin-core/src/compiled/artifact.rs:5:5
  |
5 | use alloc::vec;
  |     ^^^^^^^^^^
  |
  = note: `#[warn(unused_imports)]` (part of `#[warn(unused)]`) on by default

warning: unused import: `CapturedNode`
 --> crates/incin-core/src/compiled/fusion.rs:5:47
  |
5 | use crate::compiled::capture::{CapturedGraph, CapturedNode};
  |                                               ^^^^^^^^^^^^

warning: unused import: `alloc::string::String`
 --> crates/incin-core/src/compiled/plan.rs:4:5
  |
4 | use alloc::string::String;
  |     ^^^^^^^^^^^^^^^^^^^^^

warning: unused import: `SymbolEnvironment`
  --> crates/incin-core/src/compiled/plan.rs:12:57
   |
12 |     DimExpr, LayoutClass, OperationIdentity, ShapeExpr, SymbolEnvironment, SymbolTable,
   |                                                         ^^^^^^^^^^^^^^^^^

warning: function `export_captured_to_onnx` is never used
   --> crates/incin-core/src/onnx_exporter.rs:116:8
    |
116 | pub fn export_captured_to_onnx(graph: &CapturedGraph, path: &Path) -> anyhow::Result<()> {
    |        ^^^^^^^^^^^^^^^^^^^^^^^
    |
    = note: `#[warn(dead_code)]` (part of `#[warn(unused)]`) on by default

warning: `incin-core` (lib) generated 5 warnings (run `cargo fix --lib -p incin-core` to apply 4 suggestions)
warning: `incin-core` (lib test) generated 5 warnings (5 duplicates)
    Finished `dev` profile [unoptimized] target(s) in 0.15s

info: running `cargo check --all-targets --no-default-features --features cuda,distributed,std,test-utils` on incin-core (168/384)
    Finished `dev` profile [unoptimized] target(s) in 0.15s

info: running `cargo check --all-targets --no-default-features --features compiled,cuda,distributed,std,test-utils` on incin-core (169/384)
warning: unused import: `alloc::vec`
 --> crates/incin-core/src/compiled/artifact.rs:5:5
  |
5 | use alloc::vec;
  |     ^^^^^^^^^^
  |
  = note: `#[warn(unused_imports)]` (part of `#[warn(unused)]`) on by default

warning: unused import: `CapturedNode`
 --> crates/incin-core/src/compiled/fusion.rs:5:47
  |
5 | use crate::compiled::capture::{CapturedGraph, CapturedNode};
  |                                               ^^^^^^^^^^^^

warning: unused import: `alloc::string::String`
 --> crates/incin-core/src/compiled/plan.rs:4:5
  |
4 | use alloc::string::String;
  |     ^^^^^^^^^^^^^^^^^^^^^

warning: unused import: `SymbolEnvironment`
  --> crates/incin-core/src/compiled/plan.rs:12:57
   |
12 |     DimExpr, LayoutClass, OperationIdentity, ShapeExpr, SymbolEnvironment, SymbolTable,
   |                                                         ^^^^^^^^^^^^^^^^^

warning: function `export_captured_to_onnx` is never used
   --> crates/incin-core/src/onnx_exporter.rs:116:8
    |
116 | pub fn export_captured_to_onnx(graph: &CapturedGraph, path: &Path) -> anyhow::Result<()> {
    |        ^^^^^^^^^^^^^^^^^^^^^^^
    |
    = note: `#[warn(dead_code)]` (part of `#[warn(unused)]`) on by default

warning: `incin-core` (lib) generated 5 warnings (run `cargo fix --lib -p incin-core` to apply 4 suggestions)
warning: `incin-core` (lib test) generated 5 warnings (5 duplicates)
    Finished `dev` profile [unoptimized] target(s) in 0.15s

info: running `cargo check --all-targets --no-default-features --features metal,std,test-utils` on incin-core (170/384)
    Finished `dev` profile [unoptimized] target(s) in 0.15s

info: running `cargo check --all-targets --no-default-features --features compiled,metal,std,test-utils` on incin-core (171/384)
warning: unused import: `alloc::vec`
 --> crates/incin-core/src/compiled/artifact.rs:5:5
  |
5 | use alloc::vec;
  |     ^^^^^^^^^^
  |
  = note: `#[warn(unused_imports)]` (part of `#[warn(unused)]`) on by default

warning: unused import: `CapturedNode`
 --> crates/incin-core/src/compiled/fusion.rs:5:47
  |
5 | use crate::compiled::capture::{CapturedGraph, CapturedNode};
  |                                               ^^^^^^^^^^^^

warning: unused import: `alloc::string::String`
 --> crates/incin-core/src/compiled/plan.rs:4:5
  |
4 | use alloc::string::String;
  |     ^^^^^^^^^^^^^^^^^^^^^

warning: unused import: `SymbolEnvironment`
  --> crates/incin-core/src/compiled/plan.rs:12:57
   |
12 |     DimExpr, LayoutClass, OperationIdentity, ShapeExpr, SymbolEnvironment, SymbolTable,
   |                                                         ^^^^^^^^^^^^^^^^^

warning: function `export_captured_to_onnx` is never used
   --> crates/incin-core/src/onnx_exporter.rs:116:8
    |
116 | pub fn export_captured_to_onnx(graph: &CapturedGraph, path: &Path) -> anyhow::Result<()> {
    |        ^^^^^^^^^^^^^^^^^^^^^^^
    |
    = note: `#[warn(dead_code)]` (part of `#[warn(unused)]`) on by default

warning: `incin-core` (lib) generated 5 warnings (run `cargo fix --lib -p incin-core` to apply 4 suggestions)
warning: `incin-core` (lib test) generated 5 warnings (5 duplicates)
    Finished `dev` profile [unoptimized] target(s) in 0.15s

info: running `cargo check --all-targets --no-default-features --features cuda,metal,std,test-utils` on incin-core (172/384)
    Finished `dev` profile [unoptimized] target(s) in 0.14s

info: running `cargo check --all-targets --no-default-features --features compiled,cuda,metal,std,test-utils` on incin-core (173/384)
warning: unused import: `alloc::vec`
 --> crates/incin-core/src/compiled/artifact.rs:5:5
  |
5 | use alloc::vec;
  |     ^^^^^^^^^^
  |
  = note: `#[warn(unused_imports)]` (part of `#[warn(unused)]`) on by default

warning: unused import: `CapturedNode`
 --> crates/incin-core/src/compiled/fusion.rs:5:47
  |
5 | use crate::compiled::capture::{CapturedGraph, CapturedNode};
  |                                               ^^^^^^^^^^^^

warning: unused import: `alloc::string::String`
 --> crates/incin-core/src/compiled/plan.rs:4:5
  |
4 | use alloc::string::String;
  |     ^^^^^^^^^^^^^^^^^^^^^

warning: unused import: `SymbolEnvironment`
  --> crates/incin-core/src/compiled/plan.rs:12:57
   |
12 |     DimExpr, LayoutClass, OperationIdentity, ShapeExpr, SymbolEnvironment, SymbolTable,
   |                                                         ^^^^^^^^^^^^^^^^^

warning: function `export_captured_to_onnx` is never used
   --> crates/incin-core/src/onnx_exporter.rs:116:8
    |
116 | pub fn export_captured_to_onnx(graph: &CapturedGraph, path: &Path) -> anyhow::Result<()> {
    |        ^^^^^^^^^^^^^^^^^^^^^^^
    |
    = note: `#[warn(dead_code)]` (part of `#[warn(unused)]`) on by default

warning: `incin-core` (lib) generated 5 warnings (run `cargo fix --lib -p incin-core` to apply 4 suggestions)
warning: `incin-core` (lib test) generated 5 warnings (5 duplicates)
    Finished `dev` profile [unoptimized] target(s) in 0.14s

info: running `cargo check --all-targets --no-default-features --features distributed,metal,std,test-utils` on incin-core (174/384)
    Finished `dev` profile [unoptimized] target(s) in 0.15s

info: running `cargo check --all-targets --no-default-features --features compiled,distributed,metal,std,test-utils` on incin-core (175/384)
warning: unused import: `alloc::vec`
 --> crates/incin-core/src/compiled/artifact.rs:5:5
  |
5 | use alloc::vec;
  |     ^^^^^^^^^^
  |
  = note: `#[warn(unused_imports)]` (part of `#[warn(unused)]`) on by default

warning: unused import: `CapturedNode`
 --> crates/incin-core/src/compiled/fusion.rs:5:47
  |
5 | use crate::compiled::capture::{CapturedGraph, CapturedNode};
  |                                               ^^^^^^^^^^^^

warning: unused import: `alloc::string::String`
 --> crates/incin-core/src/compiled/plan.rs:4:5
  |
4 | use alloc::string::String;
  |     ^^^^^^^^^^^^^^^^^^^^^

warning: unused import: `SymbolEnvironment`
  --> crates/incin-core/src/compiled/plan.rs:12:57
   |
12 |     DimExpr, LayoutClass, OperationIdentity, ShapeExpr, SymbolEnvironment, SymbolTable,
   |                                                         ^^^^^^^^^^^^^^^^^

warning: function `export_captured_to_onnx` is never used
   --> crates/incin-core/src/onnx_exporter.rs:116:8
    |
116 | pub fn export_captured_to_onnx(graph: &CapturedGraph, path: &Path) -> anyhow::Result<()> {
    |        ^^^^^^^^^^^^^^^^^^^^^^^
    |
    = note: `#[warn(dead_code)]` (part of `#[warn(unused)]`) on by default

warning: `incin-core` (lib) generated 5 warnings (run `cargo fix --lib -p incin-core` to apply 4 suggestions)
warning: `incin-core` (lib test) generated 5 warnings (5 duplicates)
    Finished `dev` profile [unoptimized] target(s) in 0.15s

info: running `cargo check --all-targets --no-default-features --features cuda,distributed,metal,std,test-utils` on incin-core (176/384)
    Finished `dev` profile [unoptimized] target(s) in 0.15s

info: running `cargo check --all-targets --no-default-features --features compiled,cuda,distributed,metal,std,test-utils` on incin-core (177/384)
warning: unused import: `alloc::vec`
 --> crates/incin-core/src/compiled/artifact.rs:5:5
  |
5 | use alloc::vec;
  |     ^^^^^^^^^^
  |
  = note: `#[warn(unused_imports)]` (part of `#[warn(unused)]`) on by default

warning: unused import: `CapturedNode`
 --> crates/incin-core/src/compiled/fusion.rs:5:47
  |
5 | use crate::compiled::capture::{CapturedGraph, CapturedNode};
  |                                               ^^^^^^^^^^^^

warning: unused import: `alloc::string::String`
 --> crates/incin-core/src/compiled/plan.rs:4:5
  |
4 | use alloc::string::String;
  |     ^^^^^^^^^^^^^^^^^^^^^

warning: unused import: `SymbolEnvironment`
  --> crates/incin-core/src/compiled/plan.rs:12:57
   |
12 |     DimExpr, LayoutClass, OperationIdentity, ShapeExpr, SymbolEnvironment, SymbolTable,
   |                                                         ^^^^^^^^^^^^^^^^^

warning: function `export_captured_to_onnx` is never used
   --> crates/incin-core/src/onnx_exporter.rs:116:8
    |
116 | pub fn export_captured_to_onnx(graph: &CapturedGraph, path: &Path) -> anyhow::Result<()> {
    |        ^^^^^^^^^^^^^^^^^^^^^^^
    |
    = note: `#[warn(dead_code)]` (part of `#[warn(unused)]`) on by default

warning: `incin-core` (lib) generated 5 warnings (run `cargo fix --lib -p incin-core` to apply 4 suggestions)
warning: `incin-core` (lib test) generated 5 warnings (5 duplicates)
    Finished `dev` profile [unoptimized] target(s) in 0.15s

info: running `cargo check --all-targets --no-default-features --features paranoid-validation,std,test-utils` on incin-core (178/384)
    Finished `dev` profile [unoptimized] target(s) in 0.15s

info: running `cargo check --all-targets --no-default-features --features compiled,paranoid-validation,std,test-utils` on incin-core (179/384)
warning: unused import: `alloc::vec`
 --> crates/incin-core/src/compiled/artifact.rs:5:5
  |
5 | use alloc::vec;
  |     ^^^^^^^^^^
  |
  = note: `#[warn(unused_imports)]` (part of `#[warn(unused)]`) on by default

warning: unused import: `CapturedNode`
 --> crates/incin-core/src/compiled/fusion.rs:5:47
  |
5 | use crate::compiled::capture::{CapturedGraph, CapturedNode};
  |                                               ^^^^^^^^^^^^

warning: unused import: `alloc::string::String`
 --> crates/incin-core/src/compiled/plan.rs:4:5
  |
4 | use alloc::string::String;
  |     ^^^^^^^^^^^^^^^^^^^^^

warning: unused import: `SymbolEnvironment`
  --> crates/incin-core/src/compiled/plan.rs:12:57
   |
12 |     DimExpr, LayoutClass, OperationIdentity, ShapeExpr, SymbolEnvironment, SymbolTable,
   |                                                         ^^^^^^^^^^^^^^^^^

warning: function `export_captured_to_onnx` is never used
   --> crates/incin-core/src/onnx_exporter.rs:116:8
    |
116 | pub fn export_captured_to_onnx(graph: &CapturedGraph, path: &Path) -> anyhow::Result<()> {
    |        ^^^^^^^^^^^^^^^^^^^^^^^
    |
    = note: `#[warn(dead_code)]` (part of `#[warn(unused)]`) on by default

warning: `incin-core` (lib) generated 5 warnings (run `cargo fix --lib -p incin-core` to apply 4 suggestions)
warning: `incin-core` (lib test) generated 5 warnings (5 duplicates)
    Finished `dev` profile [unoptimized] target(s) in 0.15s

info: running `cargo check --all-targets --no-default-features --features cuda,paranoid-validation,std,test-utils` on incin-core (180/384)
    Finished `dev` profile [unoptimized] target(s) in 0.15s

info: running `cargo check --all-targets --no-default-features --features compiled,cuda,paranoid-validation,std,test-utils` on incin-core (181/384)
warning: unused import: `alloc::vec`
 --> crates/incin-core/src/compiled/artifact.rs:5:5
  |
5 | use alloc::vec;
  |     ^^^^^^^^^^
  |
  = note: `#[warn(unused_imports)]` (part of `#[warn(unused)]`) on by default

warning: unused import: `CapturedNode`
 --> crates/incin-core/src/compiled/fusion.rs:5:47
  |
5 | use crate::compiled::capture::{CapturedGraph, CapturedNode};
  |                                               ^^^^^^^^^^^^

warning: unused import: `alloc::string::String`
 --> crates/incin-core/src/compiled/plan.rs:4:5
  |
4 | use alloc::string::String;
  |     ^^^^^^^^^^^^^^^^^^^^^

warning: unused import: `SymbolEnvironment`
  --> crates/incin-core/src/compiled/plan.rs:12:57
   |
12 |     DimExpr, LayoutClass, OperationIdentity, ShapeExpr, SymbolEnvironment, SymbolTable,
   |                                                         ^^^^^^^^^^^^^^^^^

warning: function `export_captured_to_onnx` is never used
   --> crates/incin-core/src/onnx_exporter.rs:116:8
    |
116 | pub fn export_captured_to_onnx(graph: &CapturedGraph, path: &Path) -> anyhow::Result<()> {
    |        ^^^^^^^^^^^^^^^^^^^^^^^
    |
    = note: `#[warn(dead_code)]` (part of `#[warn(unused)]`) on by default

warning: `incin-core` (lib) generated 5 warnings (run `cargo fix --lib -p incin-core` to apply 4 suggestions)
warning: `incin-core` (lib test) generated 5 warnings (5 duplicates)
    Finished `dev` profile [unoptimized] target(s) in 0.15s

info: running `cargo check --all-targets --no-default-features --features distributed,paranoid-validation,std,test-utils` on incin-core (182/384)
    Finished `dev` profile [unoptimized] target(s) in 0.15s

info: running `cargo check --all-targets --no-default-features --features compiled,distributed,paranoid-validation,std,test-utils` on incin-core (183/384)
warning: unused import: `alloc::vec`
 --> crates/incin-core/src/compiled/artifact.rs:5:5
  |
5 | use alloc::vec;
  |     ^^^^^^^^^^
  |
  = note: `#[warn(unused_imports)]` (part of `#[warn(unused)]`) on by default

warning: unused import: `CapturedNode`
 --> crates/incin-core/src/compiled/fusion.rs:5:47
  |
5 | use crate::compiled::capture::{CapturedGraph, CapturedNode};
  |                                               ^^^^^^^^^^^^

warning: unused import: `alloc::string::String`
 --> crates/incin-core/src/compiled/plan.rs:4:5
  |
4 | use alloc::string::String;
  |     ^^^^^^^^^^^^^^^^^^^^^

warning: unused import: `SymbolEnvironment`
  --> crates/incin-core/src/compiled/plan.rs:12:57
   |
12 |     DimExpr, LayoutClass, OperationIdentity, ShapeExpr, SymbolEnvironment, SymbolTable,
   |                                                         ^^^^^^^^^^^^^^^^^

warning: function `export_captured_to_onnx` is never used
   --> crates/incin-core/src/onnx_exporter.rs:116:8
    |
116 | pub fn export_captured_to_onnx(graph: &CapturedGraph, path: &Path) -> anyhow::Result<()> {
    |        ^^^^^^^^^^^^^^^^^^^^^^^
    |
    = note: `#[warn(dead_code)]` (part of `#[warn(unused)]`) on by default

warning: `incin-core` (lib) generated 5 warnings (run `cargo fix --lib -p incin-core` to apply 4 suggestions)
warning: `incin-core` (lib test) generated 5 warnings (5 duplicates)
    Finished `dev` profile [unoptimized] target(s) in 0.15s

info: running `cargo check --all-targets --no-default-features --features cuda,distributed,paranoid-validation,std,test-utils` on incin-core (184/384)
    Finished `dev` profile [unoptimized] target(s) in 0.14s

info: running `cargo check --all-targets --no-default-features --features compiled,cuda,distributed,paranoid-validation,std,test-utils` on incin-core (185/384)
warning: unused import: `alloc::vec`
 --> crates/incin-core/src/compiled/artifact.rs:5:5
  |
5 | use alloc::vec;
  |     ^^^^^^^^^^
  |
  = note: `#[warn(unused_imports)]` (part of `#[warn(unused)]`) on by default

warning: unused import: `CapturedNode`
 --> crates/incin-core/src/compiled/fusion.rs:5:47
  |
5 | use crate::compiled::capture::{CapturedGraph, CapturedNode};
  |                                               ^^^^^^^^^^^^

warning: unused import: `alloc::string::String`
 --> crates/incin-core/src/compiled/plan.rs:4:5
  |
4 | use alloc::string::String;
  |     ^^^^^^^^^^^^^^^^^^^^^

warning: unused import: `SymbolEnvironment`
  --> crates/incin-core/src/compiled/plan.rs:12:57
   |
12 |     DimExpr, LayoutClass, OperationIdentity, ShapeExpr, SymbolEnvironment, SymbolTable,
   |                                                         ^^^^^^^^^^^^^^^^^

warning: function `export_captured_to_onnx` is never used
   --> crates/incin-core/src/onnx_exporter.rs:116:8
    |
116 | pub fn export_captured_to_onnx(graph: &CapturedGraph, path: &Path) -> anyhow::Result<()> {
    |        ^^^^^^^^^^^^^^^^^^^^^^^
    |
    = note: `#[warn(dead_code)]` (part of `#[warn(unused)]`) on by default

warning: `incin-core` (lib) generated 5 warnings (run `cargo fix --lib -p incin-core` to apply 4 suggestions)
warning: `incin-core` (lib test) generated 5 warnings (5 duplicates)
    Finished `dev` profile [unoptimized] target(s) in 0.14s

info: running `cargo check --all-targets --no-default-features --features metal,paranoid-validation,std,test-utils` on incin-core (186/384)
    Finished `dev` profile [unoptimized] target(s) in 0.15s

info: running `cargo check --all-targets --no-default-features --features compiled,metal,paranoid-validation,std,test-utils` on incin-core (187/384)
warning: unused import: `alloc::vec`
 --> crates/incin-core/src/compiled/artifact.rs:5:5
  |
5 | use alloc::vec;
  |     ^^^^^^^^^^
  |
  = note: `#[warn(unused_imports)]` (part of `#[warn(unused)]`) on by default

warning: unused import: `CapturedNode`
 --> crates/incin-core/src/compiled/fusion.rs:5:47
  |
5 | use crate::compiled::capture::{CapturedGraph, CapturedNode};
  |                                               ^^^^^^^^^^^^

warning: unused import: `alloc::string::String`
 --> crates/incin-core/src/compiled/plan.rs:4:5
  |
4 | use alloc::string::String;
  |     ^^^^^^^^^^^^^^^^^^^^^

warning: unused import: `SymbolEnvironment`
  --> crates/incin-core/src/compiled/plan.rs:12:57
   |
12 |     DimExpr, LayoutClass, OperationIdentity, ShapeExpr, SymbolEnvironment, SymbolTable,
   |                                                         ^^^^^^^^^^^^^^^^^

warning: function `export_captured_to_onnx` is never used
   --> crates/incin-core/src/onnx_exporter.rs:116:8
    |
116 | pub fn export_captured_to_onnx(graph: &CapturedGraph, path: &Path) -> anyhow::Result<()> {
    |        ^^^^^^^^^^^^^^^^^^^^^^^
    |
    = note: `#[warn(dead_code)]` (part of `#[warn(unused)]`) on by default

warning: `incin-core` (lib) generated 5 warnings (run `cargo fix --lib -p incin-core` to apply 4 suggestions)
warning: `incin-core` (lib test) generated 5 warnings (5 duplicates)
    Finished `dev` profile [unoptimized] target(s) in 0.15s

info: running `cargo check --all-targets --no-default-features --features cuda,metal,paranoid-validation,std,test-utils` on incin-core (188/384)
    Finished `dev` profile [unoptimized] target(s) in 0.14s

info: running `cargo check --all-targets --no-default-features --features compiled,cuda,metal,paranoid-validation,std,test-utils` on incin-core (189/384)
warning: unused import: `alloc::vec`
 --> crates/incin-core/src/compiled/artifact.rs:5:5
  |
5 | use alloc::vec;
  |     ^^^^^^^^^^
  |
  = note: `#[warn(unused_imports)]` (part of `#[warn(unused)]`) on by default

warning: unused import: `CapturedNode`
 --> crates/incin-core/src/compiled/fusion.rs:5:47
  |
5 | use crate::compiled::capture::{CapturedGraph, CapturedNode};
  |                                               ^^^^^^^^^^^^

warning: unused import: `alloc::string::String`
 --> crates/incin-core/src/compiled/plan.rs:4:5
  |
4 | use alloc::string::String;
  |     ^^^^^^^^^^^^^^^^^^^^^

warning: unused import: `SymbolEnvironment`
  --> crates/incin-core/src/compiled/plan.rs:12:57
   |
12 |     DimExpr, LayoutClass, OperationIdentity, ShapeExpr, SymbolEnvironment, SymbolTable,
   |                                                         ^^^^^^^^^^^^^^^^^

warning: function `export_captured_to_onnx` is never used
   --> crates/incin-core/src/onnx_exporter.rs:116:8
    |
116 | pub fn export_captured_to_onnx(graph: &CapturedGraph, path: &Path) -> anyhow::Result<()> {
    |        ^^^^^^^^^^^^^^^^^^^^^^^
    |
    = note: `#[warn(dead_code)]` (part of `#[warn(unused)]`) on by default

warning: `incin-core` (lib) generated 5 warnings (run `cargo fix --lib -p incin-core` to apply 4 suggestions)
warning: `incin-core` (lib test) generated 5 warnings (5 duplicates)
    Finished `dev` profile [unoptimized] target(s) in 0.15s

info: running `cargo check --all-targets --no-default-features --features distributed,metal,paranoid-validation,std,test-utils` on incin-core (190/384)
    Finished `dev` profile [unoptimized] target(s) in 0.14s

info: running `cargo check --all-targets --no-default-features --features compiled,distributed,metal,paranoid-validation,std,test-utils` on incin-core (191/384)
warning: unused import: `alloc::vec`
 --> crates/incin-core/src/compiled/artifact.rs:5:5
  |
5 | use alloc::vec;
  |     ^^^^^^^^^^
  |
  = note: `#[warn(unused_imports)]` (part of `#[warn(unused)]`) on by default

warning: unused import: `CapturedNode`
 --> crates/incin-core/src/compiled/fusion.rs:5:47
  |
5 | use crate::compiled::capture::{CapturedGraph, CapturedNode};
  |                                               ^^^^^^^^^^^^

warning: unused import: `alloc::string::String`
 --> crates/incin-core/src/compiled/plan.rs:4:5
  |
4 | use alloc::string::String;
  |     ^^^^^^^^^^^^^^^^^^^^^

warning: unused import: `SymbolEnvironment`
  --> crates/incin-core/src/compiled/plan.rs:12:57
   |
12 |     DimExpr, LayoutClass, OperationIdentity, ShapeExpr, SymbolEnvironment, SymbolTable,
   |                                                         ^^^^^^^^^^^^^^^^^

warning: function `export_captured_to_onnx` is never used
   --> crates/incin-core/src/onnx_exporter.rs:116:8
    |
116 | pub fn export_captured_to_onnx(graph: &CapturedGraph, path: &Path) -> anyhow::Result<()> {
    |        ^^^^^^^^^^^^^^^^^^^^^^^
    |
    = note: `#[warn(dead_code)]` (part of `#[warn(unused)]`) on by default

warning: `incin-core` (lib) generated 5 warnings (run `cargo fix --lib -p incin-core` to apply 4 suggestions)
warning: `incin-core` (lib test) generated 5 warnings (5 duplicates)
    Finished `dev` profile [unoptimized] target(s) in 0.15s

info: running `cargo check --all-targets --no-default-features --features cuda,distributed,metal,paranoid-validation,std,test-utils` on incin-core (192/384)
    Finished `dev` profile [unoptimized] target(s) in 0.14s

info: running `cargo check --all-targets --no-default-features --features compiled,cuda,distributed,metal,paranoid-validation,std,test-utils` on incin-core (193/384)
warning: unused import: `alloc::vec`
 --> crates/incin-core/src/compiled/artifact.rs:5:5
  |
5 | use alloc::vec;
  |     ^^^^^^^^^^
  |
  = note: `#[warn(unused_imports)]` (part of `#[warn(unused)]`) on by default

warning: unused import: `CapturedNode`
 --> crates/incin-core/src/compiled/fusion.rs:5:47
  |
5 | use crate::compiled::capture::{CapturedGraph, CapturedNode};
  |                                               ^^^^^^^^^^^^

warning: unused import: `alloc::string::String`
 --> crates/incin-core/src/compiled/plan.rs:4:5
  |
4 | use alloc::string::String;
  |     ^^^^^^^^^^^^^^^^^^^^^

warning: unused import: `SymbolEnvironment`
  --> crates/incin-core/src/compiled/plan.rs:12:57
   |
12 |     DimExpr, LayoutClass, OperationIdentity, ShapeExpr, SymbolEnvironment, SymbolTable,
   |                                                         ^^^^^^^^^^^^^^^^^

warning: function `export_captured_to_onnx` is never used
   --> crates/incin-core/src/onnx_exporter.rs:116:8
    |
116 | pub fn export_captured_to_onnx(graph: &CapturedGraph, path: &Path) -> anyhow::Result<()> {
    |        ^^^^^^^^^^^^^^^^^^^^^^^
    |
    = note: `#[warn(dead_code)]` (part of `#[warn(unused)]`) on by default

warning: `incin-core` (lib) generated 5 warnings (run `cargo fix --lib -p incin-core` to apply 4 suggestions)
warning: `incin-core` (lib test) generated 5 warnings (5 duplicates)
    Finished `dev` profile [unoptimized] target(s) in 0.14s

info: running `cargo check --all-targets --no-default-features --features wgpu` on incin-core (194/384)
    Finished `dev` profile [unoptimized] target(s) in 0.14s

info: running `cargo check --all-targets --no-default-features --features compiled,wgpu` on incin-core (195/384)
warning: unused import: `alloc::vec`
 --> crates/incin-core/src/compiled/artifact.rs:5:5
  |
5 | use alloc::vec;
  |     ^^^^^^^^^^
  |
  = note: `#[warn(unused_imports)]` (part of `#[warn(unused)]`) on by default

warning: unused import: `CapturedNode`
 --> crates/incin-core/src/compiled/fusion.rs:5:47
  |
5 | use crate::compiled::capture::{CapturedGraph, CapturedNode};
  |                                               ^^^^^^^^^^^^

warning: unused import: `alloc::string::String`
 --> crates/incin-core/src/compiled/plan.rs:4:5
  |
4 | use alloc::string::String;
  |     ^^^^^^^^^^^^^^^^^^^^^

warning: unused import: `SymbolEnvironment`
  --> crates/incin-core/src/compiled/plan.rs:12:57
   |
12 |     DimExpr, LayoutClass, OperationIdentity, ShapeExpr, SymbolEnvironment, SymbolTable,
   |                                                         ^^^^^^^^^^^^^^^^^

warning: function `export_captured_to_onnx` is never used
   --> crates/incin-core/src/onnx_exporter.rs:116:8
    |
116 | pub fn export_captured_to_onnx(graph: &CapturedGraph, path: &Path) -> anyhow::Result<()> {
    |        ^^^^^^^^^^^^^^^^^^^^^^^
    |
    = note: `#[warn(dead_code)]` (part of `#[warn(unused)]`) on by default

warning: `incin-core` (lib) generated 5 warnings (run `cargo fix --lib -p incin-core` to apply 4 suggestions)
warning: `incin-core` (lib test) generated 5 warnings (5 duplicates)
    Finished `dev` profile [unoptimized] target(s) in 0.15s

info: running `cargo check --all-targets --no-default-features --features cuda,wgpu` on incin-core (196/384)
    Finished `dev` profile [unoptimized] target(s) in 0.15s

info: running `cargo check --all-targets --no-default-features --features compiled,cuda,wgpu` on incin-core (197/384)
warning: unused import: `alloc::vec`
 --> crates/incin-core/src/compiled/artifact.rs:5:5
  |
5 | use alloc::vec;
  |     ^^^^^^^^^^
  |
  = note: `#[warn(unused_imports)]` (part of `#[warn(unused)]`) on by default

warning: unused import: `CapturedNode`
 --> crates/incin-core/src/compiled/fusion.rs:5:47
  |
5 | use crate::compiled::capture::{CapturedGraph, CapturedNode};
  |                                               ^^^^^^^^^^^^

warning: unused import: `alloc::string::String`
 --> crates/incin-core/src/compiled/plan.rs:4:5
  |
4 | use alloc::string::String;
  |     ^^^^^^^^^^^^^^^^^^^^^

warning: unused import: `SymbolEnvironment`
  --> crates/incin-core/src/compiled/plan.rs:12:57
   |
12 |     DimExpr, LayoutClass, OperationIdentity, ShapeExpr, SymbolEnvironment, SymbolTable,
   |                                                         ^^^^^^^^^^^^^^^^^

warning: function `export_captured_to_onnx` is never used
   --> crates/incin-core/src/onnx_exporter.rs:116:8
    |
116 | pub fn export_captured_to_onnx(graph: &CapturedGraph, path: &Path) -> anyhow::Result<()> {
    |        ^^^^^^^^^^^^^^^^^^^^^^^
    |
    = note: `#[warn(dead_code)]` (part of `#[warn(unused)]`) on by default

warning: `incin-core` (lib) generated 5 warnings (run `cargo fix --lib -p incin-core` to apply 4 suggestions)
warning: `incin-core` (lib test) generated 5 warnings (5 duplicates)
    Finished `dev` profile [unoptimized] target(s) in 0.15s

info: running `cargo check --all-targets --no-default-features --features default,wgpu` on incin-core (198/384)
    Finished `dev` profile [unoptimized] target(s) in 0.15s

info: running `cargo check --all-targets --no-default-features --features compiled,default,wgpu` on incin-core (199/384)
warning: unused import: `alloc::vec`
 --> crates/incin-core/src/compiled/artifact.rs:5:5
  |
5 | use alloc::vec;
  |     ^^^^^^^^^^
  |
  = note: `#[warn(unused_imports)]` (part of `#[warn(unused)]`) on by default

warning: unused import: `CapturedNode`
 --> crates/incin-core/src/compiled/fusion.rs:5:47
  |
5 | use crate::compiled::capture::{CapturedGraph, CapturedNode};
  |                                               ^^^^^^^^^^^^

warning: unused import: `alloc::string::String`
 --> crates/incin-core/src/compiled/plan.rs:4:5
  |
4 | use alloc::string::String;
  |     ^^^^^^^^^^^^^^^^^^^^^

warning: unused import: `SymbolEnvironment`
  --> crates/incin-core/src/compiled/plan.rs:12:57
   |
12 |     DimExpr, LayoutClass, OperationIdentity, ShapeExpr, SymbolEnvironment, SymbolTable,
   |                                                         ^^^^^^^^^^^^^^^^^

warning: function `export_captured_to_onnx` is never used
   --> crates/incin-core/src/onnx_exporter.rs:116:8
    |
116 | pub fn export_captured_to_onnx(graph: &CapturedGraph, path: &Path) -> anyhow::Result<()> {
    |        ^^^^^^^^^^^^^^^^^^^^^^^
    |
    = note: `#[warn(dead_code)]` (part of `#[warn(unused)]`) on by default

warning: `incin-core` (lib) generated 5 warnings (run `cargo fix --lib -p incin-core` to apply 4 suggestions)
warning: `incin-core` (lib test) generated 5 warnings (5 duplicates)
    Finished `dev` profile [unoptimized] target(s) in 0.15s

info: running `cargo check --all-targets --no-default-features --features cuda,default,wgpu` on incin-core (200/384)
    Finished `dev` profile [unoptimized] target(s) in 0.15s

info: running `cargo check --all-targets --no-default-features --features compiled,cuda,default,wgpu` on incin-core (201/384)
warning: unused import: `alloc::vec`
 --> crates/incin-core/src/compiled/artifact.rs:5:5
  |
5 | use alloc::vec;
  |     ^^^^^^^^^^
  |
  = note: `#[warn(unused_imports)]` (part of `#[warn(unused)]`) on by default

warning: unused import: `CapturedNode`
 --> crates/incin-core/src/compiled/fusion.rs:5:47
  |
5 | use crate::compiled::capture::{CapturedGraph, CapturedNode};
  |                                               ^^^^^^^^^^^^

warning: unused import: `alloc::string::String`
 --> crates/incin-core/src/compiled/plan.rs:4:5
  |
4 | use alloc::string::String;
  |     ^^^^^^^^^^^^^^^^^^^^^

warning: unused import: `SymbolEnvironment`
  --> crates/incin-core/src/compiled/plan.rs:12:57
   |
12 |     DimExpr, LayoutClass, OperationIdentity, ShapeExpr, SymbolEnvironment, SymbolTable,
   |                                                         ^^^^^^^^^^^^^^^^^

warning: function `export_captured_to_onnx` is never used
   --> crates/incin-core/src/onnx_exporter.rs:116:8
    |
116 | pub fn export_captured_to_onnx(graph: &CapturedGraph, path: &Path) -> anyhow::Result<()> {
    |        ^^^^^^^^^^^^^^^^^^^^^^^
    |
    = note: `#[warn(dead_code)]` (part of `#[warn(unused)]`) on by default

warning: `incin-core` (lib) generated 5 warnings (run `cargo fix --lib -p incin-core` to apply 4 suggestions)
warning: `incin-core` (lib test) generated 5 warnings (5 duplicates)
    Finished `dev` profile [unoptimized] target(s) in 0.15s

info: running `cargo check --all-targets --no-default-features --features distributed,wgpu` on incin-core (202/384)
    Finished `dev` profile [unoptimized] target(s) in 0.15s

info: running `cargo check --all-targets --no-default-features --features compiled,distributed,wgpu` on incin-core (203/384)
warning: unused import: `alloc::vec`
 --> crates/incin-core/src/compiled/artifact.rs:5:5
  |
5 | use alloc::vec;
  |     ^^^^^^^^^^
  |
  = note: `#[warn(unused_imports)]` (part of `#[warn(unused)]`) on by default

warning: unused import: `CapturedNode`
 --> crates/incin-core/src/compiled/fusion.rs:5:47
  |
5 | use crate::compiled::capture::{CapturedGraph, CapturedNode};
  |                                               ^^^^^^^^^^^^

warning: unused import: `alloc::string::String`
 --> crates/incin-core/src/compiled/plan.rs:4:5
  |
4 | use alloc::string::String;
  |     ^^^^^^^^^^^^^^^^^^^^^

warning: unused import: `SymbolEnvironment`
  --> crates/incin-core/src/compiled/plan.rs:12:57
   |
12 |     DimExpr, LayoutClass, OperationIdentity, ShapeExpr, SymbolEnvironment, SymbolTable,
   |                                                         ^^^^^^^^^^^^^^^^^

warning: function `export_captured_to_onnx` is never used
   --> crates/incin-core/src/onnx_exporter.rs:116:8
    |
116 | pub fn export_captured_to_onnx(graph: &CapturedGraph, path: &Path) -> anyhow::Result<()> {
    |        ^^^^^^^^^^^^^^^^^^^^^^^
    |
    = note: `#[warn(dead_code)]` (part of `#[warn(unused)]`) on by default

warning: `incin-core` (lib) generated 5 warnings (run `cargo fix --lib -p incin-core` to apply 4 suggestions)
warning: `incin-core` (lib test) generated 5 warnings (5 duplicates)
    Finished `dev` profile [unoptimized] target(s) in 0.15s

info: running `cargo check --all-targets --no-default-features --features cuda,distributed,wgpu` on incin-core (204/384)
    Finished `dev` profile [unoptimized] target(s) in 0.15s

info: running `cargo check --all-targets --no-default-features --features compiled,cuda,distributed,wgpu` on incin-core (205/384)
warning: unused import: `alloc::vec`
 --> crates/incin-core/src/compiled/artifact.rs:5:5
  |
5 | use alloc::vec;
  |     ^^^^^^^^^^
  |
  = note: `#[warn(unused_imports)]` (part of `#[warn(unused)]`) on by default

warning: unused import: `CapturedNode`
 --> crates/incin-core/src/compiled/fusion.rs:5:47
  |
5 | use crate::compiled::capture::{CapturedGraph, CapturedNode};
  |                                               ^^^^^^^^^^^^

warning: unused import: `alloc::string::String`
 --> crates/incin-core/src/compiled/plan.rs:4:5
  |
4 | use alloc::string::String;
  |     ^^^^^^^^^^^^^^^^^^^^^

warning: unused import: `SymbolEnvironment`
  --> crates/incin-core/src/compiled/plan.rs:12:57
   |
12 |     DimExpr, LayoutClass, OperationIdentity, ShapeExpr, SymbolEnvironment, SymbolTable,
   |                                                         ^^^^^^^^^^^^^^^^^

warning: function `export_captured_to_onnx` is never used
   --> crates/incin-core/src/onnx_exporter.rs:116:8
    |
116 | pub fn export_captured_to_onnx(graph: &CapturedGraph, path: &Path) -> anyhow::Result<()> {
    |        ^^^^^^^^^^^^^^^^^^^^^^^
    |
    = note: `#[warn(dead_code)]` (part of `#[warn(unused)]`) on by default

warning: `incin-core` (lib) generated 5 warnings (run `cargo fix --lib -p incin-core` to apply 4 suggestions)
warning: `incin-core` (lib test) generated 5 warnings (5 duplicates)
    Finished `dev` profile [unoptimized] target(s) in 0.15s

info: running `cargo check --all-targets --no-default-features --features default,distributed,wgpu` on incin-core (206/384)
    Finished `dev` profile [unoptimized] target(s) in 0.15s

info: running `cargo check --all-targets --no-default-features --features compiled,default,distributed,wgpu` on incin-core (207/384)
warning: unused import: `alloc::vec`
 --> crates/incin-core/src/compiled/artifact.rs:5:5
  |
5 | use alloc::vec;
  |     ^^^^^^^^^^
  |
  = note: `#[warn(unused_imports)]` (part of `#[warn(unused)]`) on by default

warning: unused import: `CapturedNode`
 --> crates/incin-core/src/compiled/fusion.rs:5:47
  |
5 | use crate::compiled::capture::{CapturedGraph, CapturedNode};
  |                                               ^^^^^^^^^^^^

warning: unused import: `alloc::string::String`
 --> crates/incin-core/src/compiled/plan.rs:4:5
  |
4 | use alloc::string::String;
  |     ^^^^^^^^^^^^^^^^^^^^^

warning: unused import: `SymbolEnvironment`
  --> crates/incin-core/src/compiled/plan.rs:12:57
   |
12 |     DimExpr, LayoutClass, OperationIdentity, ShapeExpr, SymbolEnvironment, SymbolTable,
   |                                                         ^^^^^^^^^^^^^^^^^

warning: function `export_captured_to_onnx` is never used
   --> crates/incin-core/src/onnx_exporter.rs:116:8
    |
116 | pub fn export_captured_to_onnx(graph: &CapturedGraph, path: &Path) -> anyhow::Result<()> {
    |        ^^^^^^^^^^^^^^^^^^^^^^^
    |
    = note: `#[warn(dead_code)]` (part of `#[warn(unused)]`) on by default

warning: `incin-core` (lib) generated 5 warnings (run `cargo fix --lib -p incin-core` to apply 4 suggestions)
warning: `incin-core` (lib test) generated 5 warnings (5 duplicates)
    Finished `dev` profile [unoptimized] target(s) in 0.15s

info: running `cargo check --all-targets --no-default-features --features cuda,default,distributed,wgpu` on incin-core (208/384)
    Finished `dev` profile [unoptimized] target(s) in 0.15s

info: running `cargo check --all-targets --no-default-features --features compiled,cuda,default,distributed,wgpu` on incin-core (209/384)
warning: unused import: `alloc::vec`
 --> crates/incin-core/src/compiled/artifact.rs:5:5
  |
5 | use alloc::vec;
  |     ^^^^^^^^^^
  |
  = note: `#[warn(unused_imports)]` (part of `#[warn(unused)]`) on by default

warning: unused import: `CapturedNode`
 --> crates/incin-core/src/compiled/fusion.rs:5:47
  |
5 | use crate::compiled::capture::{CapturedGraph, CapturedNode};
  |                                               ^^^^^^^^^^^^

warning: unused import: `alloc::string::String`
 --> crates/incin-core/src/compiled/plan.rs:4:5
  |
4 | use alloc::string::String;
  |     ^^^^^^^^^^^^^^^^^^^^^

warning: unused import: `SymbolEnvironment`
  --> crates/incin-core/src/compiled/plan.rs:12:57
   |
12 |     DimExpr, LayoutClass, OperationIdentity, ShapeExpr, SymbolEnvironment, SymbolTable,
   |                                                         ^^^^^^^^^^^^^^^^^

warning: function `export_captured_to_onnx` is never used
   --> crates/incin-core/src/onnx_exporter.rs:116:8
    |
116 | pub fn export_captured_to_onnx(graph: &CapturedGraph, path: &Path) -> anyhow::Result<()> {
    |        ^^^^^^^^^^^^^^^^^^^^^^^
    |
    = note: `#[warn(dead_code)]` (part of `#[warn(unused)]`) on by default

warning: `incin-core` (lib) generated 5 warnings (run `cargo fix --lib -p incin-core` to apply 4 suggestions)
warning: `incin-core` (lib test) generated 5 warnings (5 duplicates)
    Finished `dev` profile [unoptimized] target(s) in 0.15s

info: running `cargo check --all-targets --no-default-features --features metal,wgpu` on incin-core (210/384)
    Finished `dev` profile [unoptimized] target(s) in 0.15s

info: running `cargo check --all-targets --no-default-features --features compiled,metal,wgpu` on incin-core (211/384)
warning: unused import: `alloc::vec`
 --> crates/incin-core/src/compiled/artifact.rs:5:5
  |
5 | use alloc::vec;
  |     ^^^^^^^^^^
  |
  = note: `#[warn(unused_imports)]` (part of `#[warn(unused)]`) on by default

warning: unused import: `CapturedNode`
 --> crates/incin-core/src/compiled/fusion.rs:5:47
  |
5 | use crate::compiled::capture::{CapturedGraph, CapturedNode};
  |                                               ^^^^^^^^^^^^

warning: unused import: `alloc::string::String`
 --> crates/incin-core/src/compiled/plan.rs:4:5
  |
4 | use alloc::string::String;
  |     ^^^^^^^^^^^^^^^^^^^^^

warning: unused import: `SymbolEnvironment`
  --> crates/incin-core/src/compiled/plan.rs:12:57
   |
12 |     DimExpr, LayoutClass, OperationIdentity, ShapeExpr, SymbolEnvironment, SymbolTable,
   |                                                         ^^^^^^^^^^^^^^^^^

warning: function `export_captured_to_onnx` is never used
   --> crates/incin-core/src/onnx_exporter.rs:116:8
    |
116 | pub fn export_captured_to_onnx(graph: &CapturedGraph, path: &Path) -> anyhow::Result<()> {
    |        ^^^^^^^^^^^^^^^^^^^^^^^
    |
    = note: `#[warn(dead_code)]` (part of `#[warn(unused)]`) on by default

warning: `incin-core` (lib) generated 5 warnings (run `cargo fix --lib -p incin-core` to apply 4 suggestions)
warning: `incin-core` (lib test) generated 5 warnings (5 duplicates)
    Finished `dev` profile [unoptimized] target(s) in 0.15s

info: running `cargo check --all-targets --no-default-features --features cuda,metal,wgpu` on incin-core (212/384)
    Finished `dev` profile [unoptimized] target(s) in 0.14s

info: running `cargo check --all-targets --no-default-features --features compiled,cuda,metal,wgpu` on incin-core (213/384)
warning: unused import: `alloc::vec`
 --> crates/incin-core/src/compiled/artifact.rs:5:5
  |
5 | use alloc::vec;
  |     ^^^^^^^^^^
  |
  = note: `#[warn(unused_imports)]` (part of `#[warn(unused)]`) on by default

warning: unused import: `CapturedNode`
 --> crates/incin-core/src/compiled/fusion.rs:5:47
  |
5 | use crate::compiled::capture::{CapturedGraph, CapturedNode};
  |                                               ^^^^^^^^^^^^

warning: unused import: `alloc::string::String`
 --> crates/incin-core/src/compiled/plan.rs:4:5
  |
4 | use alloc::string::String;
  |     ^^^^^^^^^^^^^^^^^^^^^

warning: unused import: `SymbolEnvironment`
  --> crates/incin-core/src/compiled/plan.rs:12:57
   |
12 |     DimExpr, LayoutClass, OperationIdentity, ShapeExpr, SymbolEnvironment, SymbolTable,
   |                                                         ^^^^^^^^^^^^^^^^^

warning: function `export_captured_to_onnx` is never used
   --> crates/incin-core/src/onnx_exporter.rs:116:8
    |
116 | pub fn export_captured_to_onnx(graph: &CapturedGraph, path: &Path) -> anyhow::Result<()> {
    |        ^^^^^^^^^^^^^^^^^^^^^^^
    |
    = note: `#[warn(dead_code)]` (part of `#[warn(unused)]`) on by default

warning: `incin-core` (lib) generated 5 warnings (run `cargo fix --lib -p incin-core` to apply 4 suggestions)
warning: `incin-core` (lib test) generated 5 warnings (5 duplicates)
    Finished `dev` profile [unoptimized] target(s) in 0.14s

info: running `cargo check --all-targets --no-default-features --features default,metal,wgpu` on incin-core (214/384)
    Finished `dev` profile [unoptimized] target(s) in 0.14s

info: running `cargo check --all-targets --no-default-features --features compiled,default,metal,wgpu` on incin-core (215/384)
warning: unused import: `alloc::vec`
 --> crates/incin-core/src/compiled/artifact.rs:5:5
  |
5 | use alloc::vec;
  |     ^^^^^^^^^^
  |
  = note: `#[warn(unused_imports)]` (part of `#[warn(unused)]`) on by default

warning: unused import: `CapturedNode`
 --> crates/incin-core/src/compiled/fusion.rs:5:47
  |
5 | use crate::compiled::capture::{CapturedGraph, CapturedNode};
  |                                               ^^^^^^^^^^^^

warning: unused import: `alloc::string::String`
 --> crates/incin-core/src/compiled/plan.rs:4:5
  |
4 | use alloc::string::String;
  |     ^^^^^^^^^^^^^^^^^^^^^

warning: unused import: `SymbolEnvironment`
  --> crates/incin-core/src/compiled/plan.rs:12:57
   |
12 |     DimExpr, LayoutClass, OperationIdentity, ShapeExpr, SymbolEnvironment, SymbolTable,
   |                                                         ^^^^^^^^^^^^^^^^^

warning: function `export_captured_to_onnx` is never used
   --> crates/incin-core/src/onnx_exporter.rs:116:8
    |
116 | pub fn export_captured_to_onnx(graph: &CapturedGraph, path: &Path) -> anyhow::Result<()> {
    |        ^^^^^^^^^^^^^^^^^^^^^^^
    |
    = note: `#[warn(dead_code)]` (part of `#[warn(unused)]`) on by default

warning: `incin-core` (lib) generated 5 warnings (run `cargo fix --lib -p incin-core` to apply 4 suggestions)
warning: `incin-core` (lib test) generated 5 warnings (5 duplicates)
    Finished `dev` profile [unoptimized] target(s) in 0.14s

info: running `cargo check --all-targets --no-default-features --features cuda,default,metal,wgpu` on incin-core (216/384)
    Finished `dev` profile [unoptimized] target(s) in 0.15s

info: running `cargo check --all-targets --no-default-features --features compiled,cuda,default,metal,wgpu` on incin-core (217/384)
warning: unused import: `alloc::vec`
 --> crates/incin-core/src/compiled/artifact.rs:5:5
  |
5 | use alloc::vec;
  |     ^^^^^^^^^^
  |
  = note: `#[warn(unused_imports)]` (part of `#[warn(unused)]`) on by default

warning: unused import: `CapturedNode`
 --> crates/incin-core/src/compiled/fusion.rs:5:47
  |
5 | use crate::compiled::capture::{CapturedGraph, CapturedNode};
  |                                               ^^^^^^^^^^^^

warning: unused import: `alloc::string::String`
 --> crates/incin-core/src/compiled/plan.rs:4:5
  |
4 | use alloc::string::String;
  |     ^^^^^^^^^^^^^^^^^^^^^

warning: unused import: `SymbolEnvironment`
  --> crates/incin-core/src/compiled/plan.rs:12:57
   |
12 |     DimExpr, LayoutClass, OperationIdentity, ShapeExpr, SymbolEnvironment, SymbolTable,
   |                                                         ^^^^^^^^^^^^^^^^^

warning: function `export_captured_to_onnx` is never used
   --> crates/incin-core/src/onnx_exporter.rs:116:8
    |
116 | pub fn export_captured_to_onnx(graph: &CapturedGraph, path: &Path) -> anyhow::Result<()> {
    |        ^^^^^^^^^^^^^^^^^^^^^^^
    |
    = note: `#[warn(dead_code)]` (part of `#[warn(unused)]`) on by default

warning: `incin-core` (lib) generated 5 warnings (run `cargo fix --lib -p incin-core` to apply 4 suggestions)
warning: `incin-core` (lib test) generated 5 warnings (5 duplicates)
    Finished `dev` profile [unoptimized] target(s) in 0.15s

info: running `cargo check --all-targets --no-default-features --features distributed,metal,wgpu` on incin-core (218/384)
    Finished `dev` profile [unoptimized] target(s) in 0.15s

info: running `cargo check --all-targets --no-default-features --features compiled,distributed,metal,wgpu` on incin-core (219/384)
warning: unused import: `alloc::vec`
 --> crates/incin-core/src/compiled/artifact.rs:5:5
  |
5 | use alloc::vec;
  |     ^^^^^^^^^^
  |
  = note: `#[warn(unused_imports)]` (part of `#[warn(unused)]`) on by default

warning: unused import: `CapturedNode`
 --> crates/incin-core/src/compiled/fusion.rs:5:47
  |
5 | use crate::compiled::capture::{CapturedGraph, CapturedNode};
  |                                               ^^^^^^^^^^^^

warning: unused import: `alloc::string::String`
 --> crates/incin-core/src/compiled/plan.rs:4:5
  |
4 | use alloc::string::String;
  |     ^^^^^^^^^^^^^^^^^^^^^

warning: unused import: `SymbolEnvironment`
  --> crates/incin-core/src/compiled/plan.rs:12:57
   |
12 |     DimExpr, LayoutClass, OperationIdentity, ShapeExpr, SymbolEnvironment, SymbolTable,
   |                                                         ^^^^^^^^^^^^^^^^^

warning: function `export_captured_to_onnx` is never used
   --> crates/incin-core/src/onnx_exporter.rs:116:8
    |
116 | pub fn export_captured_to_onnx(graph: &CapturedGraph, path: &Path) -> anyhow::Result<()> {
    |        ^^^^^^^^^^^^^^^^^^^^^^^
    |
    = note: `#[warn(dead_code)]` (part of `#[warn(unused)]`) on by default

warning: `incin-core` (lib) generated 5 warnings (run `cargo fix --lib -p incin-core` to apply 4 suggestions)
warning: `incin-core` (lib test) generated 5 warnings (5 duplicates)
    Finished `dev` profile [unoptimized] target(s) in 0.15s

info: running `cargo check --all-targets --no-default-features --features cuda,distributed,metal,wgpu` on incin-core (220/384)
    Finished `dev` profile [unoptimized] target(s) in 0.15s

info: running `cargo check --all-targets --no-default-features --features compiled,cuda,distributed,metal,wgpu` on incin-core (221/384)
warning: unused import: `alloc::vec`
 --> crates/incin-core/src/compiled/artifact.rs:5:5
  |
5 | use alloc::vec;
  |     ^^^^^^^^^^
  |
  = note: `#[warn(unused_imports)]` (part of `#[warn(unused)]`) on by default

warning: unused import: `CapturedNode`
 --> crates/incin-core/src/compiled/fusion.rs:5:47
  |
5 | use crate::compiled::capture::{CapturedGraph, CapturedNode};
  |                                               ^^^^^^^^^^^^

warning: unused import: `alloc::string::String`
 --> crates/incin-core/src/compiled/plan.rs:4:5
  |
4 | use alloc::string::String;
  |     ^^^^^^^^^^^^^^^^^^^^^

warning: unused import: `SymbolEnvironment`
  --> crates/incin-core/src/compiled/plan.rs:12:57
   |
12 |     DimExpr, LayoutClass, OperationIdentity, ShapeExpr, SymbolEnvironment, SymbolTable,
   |                                                         ^^^^^^^^^^^^^^^^^

warning: function `export_captured_to_onnx` is never used
   --> crates/incin-core/src/onnx_exporter.rs:116:8
    |
116 | pub fn export_captured_to_onnx(graph: &CapturedGraph, path: &Path) -> anyhow::Result<()> {
    |        ^^^^^^^^^^^^^^^^^^^^^^^
    |
    = note: `#[warn(dead_code)]` (part of `#[warn(unused)]`) on by default

warning: `incin-core` (lib) generated 5 warnings (run `cargo fix --lib -p incin-core` to apply 4 suggestions)
warning: `incin-core` (lib test) generated 5 warnings (5 duplicates)
    Finished `dev` profile [unoptimized] target(s) in 0.15s

info: running `cargo check --all-targets --no-default-features --features default,distributed,metal,wgpu` on incin-core (222/384)
    Finished `dev` profile [unoptimized] target(s) in 0.15s

info: running `cargo check --all-targets --no-default-features --features compiled,default,distributed,metal,wgpu` on incin-core (223/384)
warning: unused import: `alloc::vec`
 --> crates/incin-core/src/compiled/artifact.rs:5:5
  |
5 | use alloc::vec;
  |     ^^^^^^^^^^
  |
  = note: `#[warn(unused_imports)]` (part of `#[warn(unused)]`) on by default

warning: unused import: `CapturedNode`
 --> crates/incin-core/src/compiled/fusion.rs:5:47
  |
5 | use crate::compiled::capture::{CapturedGraph, CapturedNode};
  |                                               ^^^^^^^^^^^^

warning: unused import: `alloc::string::String`
 --> crates/incin-core/src/compiled/plan.rs:4:5
  |
4 | use alloc::string::String;
  |     ^^^^^^^^^^^^^^^^^^^^^

warning: unused import: `SymbolEnvironment`
  --> crates/incin-core/src/compiled/plan.rs:12:57
   |
12 |     DimExpr, LayoutClass, OperationIdentity, ShapeExpr, SymbolEnvironment, SymbolTable,
   |                                                         ^^^^^^^^^^^^^^^^^

warning: function `export_captured_to_onnx` is never used
   --> crates/incin-core/src/onnx_exporter.rs:116:8
    |
116 | pub fn export_captured_to_onnx(graph: &CapturedGraph, path: &Path) -> anyhow::Result<()> {
    |        ^^^^^^^^^^^^^^^^^^^^^^^
    |
    = note: `#[warn(dead_code)]` (part of `#[warn(unused)]`) on by default

warning: `incin-core` (lib) generated 5 warnings (run `cargo fix --lib -p incin-core` to apply 4 suggestions)
warning: `incin-core` (lib test) generated 5 warnings (5 duplicates)
    Finished `dev` profile [unoptimized] target(s) in 0.15s

info: running `cargo check --all-targets --no-default-features --features cuda,default,distributed,metal,wgpu` on incin-core (224/384)
    Finished `dev` profile [unoptimized] target(s) in 0.15s

info: running `cargo check --all-targets --no-default-features --features compiled,cuda,default,distributed,metal,wgpu` on incin-core (225/384)
warning: unused import: `alloc::vec`
 --> crates/incin-core/src/compiled/artifact.rs:5:5
  |
5 | use alloc::vec;
  |     ^^^^^^^^^^
  |
  = note: `#[warn(unused_imports)]` (part of `#[warn(unused)]`) on by default

warning: unused import: `CapturedNode`
 --> crates/incin-core/src/compiled/fusion.rs:5:47
  |
5 | use crate::compiled::capture::{CapturedGraph, CapturedNode};
  |                                               ^^^^^^^^^^^^

warning: unused import: `alloc::string::String`
 --> crates/incin-core/src/compiled/plan.rs:4:5
  |
4 | use alloc::string::String;
  |     ^^^^^^^^^^^^^^^^^^^^^

warning: unused import: `SymbolEnvironment`
  --> crates/incin-core/src/compiled/plan.rs:12:57
   |
12 |     DimExpr, LayoutClass, OperationIdentity, ShapeExpr, SymbolEnvironment, SymbolTable,
   |                                                         ^^^^^^^^^^^^^^^^^

warning: function `export_captured_to_onnx` is never used
   --> crates/incin-core/src/onnx_exporter.rs:116:8
    |
116 | pub fn export_captured_to_onnx(graph: &CapturedGraph, path: &Path) -> anyhow::Result<()> {
    |        ^^^^^^^^^^^^^^^^^^^^^^^
    |
    = note: `#[warn(dead_code)]` (part of `#[warn(unused)]`) on by default

warning: `incin-core` (lib) generated 5 warnings (run `cargo fix --lib -p incin-core` to apply 4 suggestions)
warning: `incin-core` (lib test) generated 5 warnings (5 duplicates)
    Finished `dev` profile [unoptimized] target(s) in 0.14s

info: running `cargo check --all-targets --no-default-features --features paranoid-validation,wgpu` on incin-core (226/384)
    Finished `dev` profile [unoptimized] target(s) in 0.14s

info: running `cargo check --all-targets --no-default-features --features compiled,paranoid-validation,wgpu` on incin-core (227/384)
warning: unused import: `alloc::vec`
 --> crates/incin-core/src/compiled/artifact.rs:5:5
  |
5 | use alloc::vec;
  |     ^^^^^^^^^^
  |
  = note: `#[warn(unused_imports)]` (part of `#[warn(unused)]`) on by default

warning: unused import: `CapturedNode`
 --> crates/incin-core/src/compiled/fusion.rs:5:47
  |
5 | use crate::compiled::capture::{CapturedGraph, CapturedNode};
  |                                               ^^^^^^^^^^^^

warning: unused import: `alloc::string::String`
 --> crates/incin-core/src/compiled/plan.rs:4:5
  |
4 | use alloc::string::String;
  |     ^^^^^^^^^^^^^^^^^^^^^

warning: unused import: `SymbolEnvironment`
  --> crates/incin-core/src/compiled/plan.rs:12:57
   |
12 |     DimExpr, LayoutClass, OperationIdentity, ShapeExpr, SymbolEnvironment, SymbolTable,
   |                                                         ^^^^^^^^^^^^^^^^^

warning: function `export_captured_to_onnx` is never used
   --> crates/incin-core/src/onnx_exporter.rs:116:8
    |
116 | pub fn export_captured_to_onnx(graph: &CapturedGraph, path: &Path) -> anyhow::Result<()> {
    |        ^^^^^^^^^^^^^^^^^^^^^^^
    |
    = note: `#[warn(dead_code)]` (part of `#[warn(unused)]`) on by default

warning: `incin-core` (lib) generated 5 warnings (run `cargo fix --lib -p incin-core` to apply 4 suggestions)
warning: `incin-core` (lib test) generated 5 warnings (5 duplicates)
    Finished `dev` profile [unoptimized] target(s) in 0.15s

info: running `cargo check --all-targets --no-default-features --features cuda,paranoid-validation,wgpu` on incin-core (228/384)
    Finished `dev` profile [unoptimized] target(s) in 0.15s

info: running `cargo check --all-targets --no-default-features --features compiled,cuda,paranoid-validation,wgpu` on incin-core (229/384)
warning: unused import: `alloc::vec`
 --> crates/incin-core/src/compiled/artifact.rs:5:5
  |
5 | use alloc::vec;
  |     ^^^^^^^^^^
  |
  = note: `#[warn(unused_imports)]` (part of `#[warn(unused)]`) on by default

warning: unused import: `CapturedNode`
 --> crates/incin-core/src/compiled/fusion.rs:5:47
  |
5 | use crate::compiled::capture::{CapturedGraph, CapturedNode};
  |                                               ^^^^^^^^^^^^

warning: unused import: `alloc::string::String`
 --> crates/incin-core/src/compiled/plan.rs:4:5
  |
4 | use alloc::string::String;
  |     ^^^^^^^^^^^^^^^^^^^^^

warning: unused import: `SymbolEnvironment`
  --> crates/incin-core/src/compiled/plan.rs:12:57
   |
12 |     DimExpr, LayoutClass, OperationIdentity, ShapeExpr, SymbolEnvironment, SymbolTable,
   |                                                         ^^^^^^^^^^^^^^^^^

warning: function `export_captured_to_onnx` is never used
   --> crates/incin-core/src/onnx_exporter.rs:116:8
    |
116 | pub fn export_captured_to_onnx(graph: &CapturedGraph, path: &Path) -> anyhow::Result<()> {
    |        ^^^^^^^^^^^^^^^^^^^^^^^
    |
    = note: `#[warn(dead_code)]` (part of `#[warn(unused)]`) on by default

warning: `incin-core` (lib) generated 5 warnings (run `cargo fix --lib -p incin-core` to apply 4 suggestions)
warning: `incin-core` (lib test) generated 5 warnings (5 duplicates)
    Finished `dev` profile [unoptimized] target(s) in 0.15s

info: running `cargo check --all-targets --no-default-features --features default,paranoid-validation,wgpu` on incin-core (230/384)
    Finished `dev` profile [unoptimized] target(s) in 0.15s

info: running `cargo check --all-targets --no-default-features --features compiled,default,paranoid-validation,wgpu` on incin-core (231/384)
warning: unused import: `alloc::vec`
 --> crates/incin-core/src/compiled/artifact.rs:5:5
  |
5 | use alloc::vec;
  |     ^^^^^^^^^^
  |
  = note: `#[warn(unused_imports)]` (part of `#[warn(unused)]`) on by default

warning: unused import: `CapturedNode`
 --> crates/incin-core/src/compiled/fusion.rs:5:47
  |
5 | use crate::compiled::capture::{CapturedGraph, CapturedNode};
  |                                               ^^^^^^^^^^^^

warning: unused import: `alloc::string::String`
 --> crates/incin-core/src/compiled/plan.rs:4:5
  |
4 | use alloc::string::String;
  |     ^^^^^^^^^^^^^^^^^^^^^

warning: unused import: `SymbolEnvironment`
  --> crates/incin-core/src/compiled/plan.rs:12:57
   |
12 |     DimExpr, LayoutClass, OperationIdentity, ShapeExpr, SymbolEnvironment, SymbolTable,
   |                                                         ^^^^^^^^^^^^^^^^^

warning: function `export_captured_to_onnx` is never used
   --> crates/incin-core/src/onnx_exporter.rs:116:8
    |
116 | pub fn export_captured_to_onnx(graph: &CapturedGraph, path: &Path) -> anyhow::Result<()> {
    |        ^^^^^^^^^^^^^^^^^^^^^^^
    |
    = note: `#[warn(dead_code)]` (part of `#[warn(unused)]`) on by default

warning: `incin-core` (lib) generated 5 warnings (run `cargo fix --lib -p incin-core` to apply 4 suggestions)
warning: `incin-core` (lib test) generated 5 warnings (5 duplicates)
    Finished `dev` profile [unoptimized] target(s) in 0.15s

info: running `cargo check --all-targets --no-default-features --features cuda,default,paranoid-validation,wgpu` on incin-core (232/384)
    Finished `dev` profile [unoptimized] target(s) in 0.15s

info: running `cargo check --all-targets --no-default-features --features compiled,cuda,default,paranoid-validation,wgpu` on incin-core (233/384)
warning: unused import: `alloc::vec`
 --> crates/incin-core/src/compiled/artifact.rs:5:5
  |
5 | use alloc::vec;
  |     ^^^^^^^^^^
  |
  = note: `#[warn(unused_imports)]` (part of `#[warn(unused)]`) on by default

warning: unused import: `CapturedNode`
 --> crates/incin-core/src/compiled/fusion.rs:5:47
  |
5 | use crate::compiled::capture::{CapturedGraph, CapturedNode};
  |                                               ^^^^^^^^^^^^

warning: unused import: `alloc::string::String`
 --> crates/incin-core/src/compiled/plan.rs:4:5
  |
4 | use alloc::string::String;
  |     ^^^^^^^^^^^^^^^^^^^^^

warning: unused import: `SymbolEnvironment`
  --> crates/incin-core/src/compiled/plan.rs:12:57
   |
12 |     DimExpr, LayoutClass, OperationIdentity, ShapeExpr, SymbolEnvironment, SymbolTable,
   |                                                         ^^^^^^^^^^^^^^^^^

warning: function `export_captured_to_onnx` is never used
   --> crates/incin-core/src/onnx_exporter.rs:116:8
    |
116 | pub fn export_captured_to_onnx(graph: &CapturedGraph, path: &Path) -> anyhow::Result<()> {
    |        ^^^^^^^^^^^^^^^^^^^^^^^
    |
    = note: `#[warn(dead_code)]` (part of `#[warn(unused)]`) on by default

warning: `incin-core` (lib) generated 5 warnings (run `cargo fix --lib -p incin-core` to apply 4 suggestions)
warning: `incin-core` (lib test) generated 5 warnings (5 duplicates)
    Finished `dev` profile [unoptimized] target(s) in 0.15s

info: running `cargo check --all-targets --no-default-features --features distributed,paranoid-validation,wgpu` on incin-core (234/384)
    Finished `dev` profile [unoptimized] target(s) in 0.15s

info: running `cargo check --all-targets --no-default-features --features compiled,distributed,paranoid-validation,wgpu` on incin-core (235/384)
warning: unused import: `alloc::vec`
 --> crates/incin-core/src/compiled/artifact.rs:5:5
  |
5 | use alloc::vec;
  |     ^^^^^^^^^^
  |
  = note: `#[warn(unused_imports)]` (part of `#[warn(unused)]`) on by default

warning: unused import: `CapturedNode`
 --> crates/incin-core/src/compiled/fusion.rs:5:47
  |
5 | use crate::compiled::capture::{CapturedGraph, CapturedNode};
  |                                               ^^^^^^^^^^^^

warning: unused import: `alloc::string::String`
 --> crates/incin-core/src/compiled/plan.rs:4:5
  |
4 | use alloc::string::String;
  |     ^^^^^^^^^^^^^^^^^^^^^

warning: unused import: `SymbolEnvironment`
  --> crates/incin-core/src/compiled/plan.rs:12:57
   |
12 |     DimExpr, LayoutClass, OperationIdentity, ShapeExpr, SymbolEnvironment, SymbolTable,
   |                                                         ^^^^^^^^^^^^^^^^^

warning: function `export_captured_to_onnx` is never used
   --> crates/incin-core/src/onnx_exporter.rs:116:8
    |
116 | pub fn export_captured_to_onnx(graph: &CapturedGraph, path: &Path) -> anyhow::Result<()> {
    |        ^^^^^^^^^^^^^^^^^^^^^^^
    |
    = note: `#[warn(dead_code)]` (part of `#[warn(unused)]`) on by default

warning: `incin-core` (lib) generated 5 warnings (run `cargo fix --lib -p incin-core` to apply 4 suggestions)
warning: `incin-core` (lib test) generated 5 warnings (5 duplicates)
    Finished `dev` profile [unoptimized] target(s) in 0.15s

info: running `cargo check --all-targets --no-default-features --features cuda,distributed,paranoid-validation,wgpu` on incin-core (236/384)
    Finished `dev` profile [unoptimized] target(s) in 0.14s

info: running `cargo check --all-targets --no-default-features --features compiled,cuda,distributed,paranoid-validation,wgpu` on incin-core (237/384)
warning: unused import: `alloc::vec`
 --> crates/incin-core/src/compiled/artifact.rs:5:5
  |
5 | use alloc::vec;
  |     ^^^^^^^^^^
  |
  = note: `#[warn(unused_imports)]` (part of `#[warn(unused)]`) on by default

warning: unused import: `CapturedNode`
 --> crates/incin-core/src/compiled/fusion.rs:5:47
  |
5 | use crate::compiled::capture::{CapturedGraph, CapturedNode};
  |                                               ^^^^^^^^^^^^

warning: unused import: `alloc::string::String`
 --> crates/incin-core/src/compiled/plan.rs:4:5
  |
4 | use alloc::string::String;
  |     ^^^^^^^^^^^^^^^^^^^^^

warning: unused import: `SymbolEnvironment`
  --> crates/incin-core/src/compiled/plan.rs:12:57
   |
12 |     DimExpr, LayoutClass, OperationIdentity, ShapeExpr, SymbolEnvironment, SymbolTable,
   |                                                         ^^^^^^^^^^^^^^^^^

warning: function `export_captured_to_onnx` is never used
   --> crates/incin-core/src/onnx_exporter.rs:116:8
    |
116 | pub fn export_captured_to_onnx(graph: &CapturedGraph, path: &Path) -> anyhow::Result<()> {
    |        ^^^^^^^^^^^^^^^^^^^^^^^
    |
    = note: `#[warn(dead_code)]` (part of `#[warn(unused)]`) on by default

warning: `incin-core` (lib) generated 5 warnings (run `cargo fix --lib -p incin-core` to apply 4 suggestions)
warning: `incin-core` (lib test) generated 5 warnings (5 duplicates)
    Finished `dev` profile [unoptimized] target(s) in 0.15s

info: running `cargo check --all-targets --no-default-features --features default,distributed,paranoid-validation,wgpu` on incin-core (238/384)
    Finished `dev` profile [unoptimized] target(s) in 0.14s

info: running `cargo check --all-targets --no-default-features --features compiled,default,distributed,paranoid-validation,wgpu` on incin-core (239/384)
warning: unused import: `alloc::vec`
 --> crates/incin-core/src/compiled/artifact.rs:5:5
  |
5 | use alloc::vec;
  |     ^^^^^^^^^^
  |
  = note: `#[warn(unused_imports)]` (part of `#[warn(unused)]`) on by default

warning: unused import: `CapturedNode`
 --> crates/incin-core/src/compiled/fusion.rs:5:47
  |
5 | use crate::compiled::capture::{CapturedGraph, CapturedNode};
  |                                               ^^^^^^^^^^^^

warning: unused import: `alloc::string::String`
 --> crates/incin-core/src/compiled/plan.rs:4:5
  |
4 | use alloc::string::String;
  |     ^^^^^^^^^^^^^^^^^^^^^

warning: unused import: `SymbolEnvironment`
  --> crates/incin-core/src/compiled/plan.rs:12:57
   |
12 |     DimExpr, LayoutClass, OperationIdentity, ShapeExpr, SymbolEnvironment, SymbolTable,
   |                                                         ^^^^^^^^^^^^^^^^^

warning: function `export_captured_to_onnx` is never used
   --> crates/incin-core/src/onnx_exporter.rs:116:8
    |
116 | pub fn export_captured_to_onnx(graph: &CapturedGraph, path: &Path) -> anyhow::Result<()> {
    |        ^^^^^^^^^^^^^^^^^^^^^^^
    |
    = note: `#[warn(dead_code)]` (part of `#[warn(unused)]`) on by default

warning: `incin-core` (lib) generated 5 warnings (run `cargo fix --lib -p incin-core` to apply 4 suggestions)
warning: `incin-core` (lib test) generated 5 warnings (5 duplicates)
    Finished `dev` profile [unoptimized] target(s) in 0.14s

info: running `cargo check --all-targets --no-default-features --features cuda,default,distributed,paranoid-validation,wgpu` on incin-core (240/384)
    Finished `dev` profile [unoptimized] target(s) in 0.14s

info: running `cargo check --all-targets --no-default-features --features compiled,cuda,default,distributed,paranoid-validation,wgpu` on incin-core (241/384)
warning: unused import: `alloc::vec`
 --> crates/incin-core/src/compiled/artifact.rs:5:5
  |
5 | use alloc::vec;
  |     ^^^^^^^^^^
  |
  = note: `#[warn(unused_imports)]` (part of `#[warn(unused)]`) on by default

warning: unused import: `CapturedNode`
 --> crates/incin-core/src/compiled/fusion.rs:5:47
  |
5 | use crate::compiled::capture::{CapturedGraph, CapturedNode};
  |                                               ^^^^^^^^^^^^

warning: unused import: `alloc::string::String`
 --> crates/incin-core/src/compiled/plan.rs:4:5
  |
4 | use alloc::string::String;
  |     ^^^^^^^^^^^^^^^^^^^^^

warning: unused import: `SymbolEnvironment`
  --> crates/incin-core/src/compiled/plan.rs:12:57
   |
12 |     DimExpr, LayoutClass, OperationIdentity, ShapeExpr, SymbolEnvironment, SymbolTable,
   |                                                         ^^^^^^^^^^^^^^^^^

warning: function `export_captured_to_onnx` is never used
   --> crates/incin-core/src/onnx_exporter.rs:116:8
    |
116 | pub fn export_captured_to_onnx(graph: &CapturedGraph, path: &Path) -> anyhow::Result<()> {
    |        ^^^^^^^^^^^^^^^^^^^^^^^
    |
    = note: `#[warn(dead_code)]` (part of `#[warn(unused)]`) on by default

warning: `incin-core` (lib) generated 5 warnings (run `cargo fix --lib -p incin-core` to apply 4 suggestions)
warning: `incin-core` (lib test) generated 5 warnings (5 duplicates)
    Finished `dev` profile [unoptimized] target(s) in 0.14s

info: running `cargo check --all-targets --no-default-features --features metal,paranoid-validation,wgpu` on incin-core (242/384)
    Finished `dev` profile [unoptimized] target(s) in 0.14s

info: running `cargo check --all-targets --no-default-features --features compiled,metal,paranoid-validation,wgpu` on incin-core (243/384)
warning: unused import: `alloc::vec`
 --> crates/incin-core/src/compiled/artifact.rs:5:5
  |
5 | use alloc::vec;
  |     ^^^^^^^^^^
  |
  = note: `#[warn(unused_imports)]` (part of `#[warn(unused)]`) on by default

warning: unused import: `CapturedNode`
 --> crates/incin-core/src/compiled/fusion.rs:5:47
  |
5 | use crate::compiled::capture::{CapturedGraph, CapturedNode};
  |                                               ^^^^^^^^^^^^

warning: unused import: `alloc::string::String`
 --> crates/incin-core/src/compiled/plan.rs:4:5
  |
4 | use alloc::string::String;
  |     ^^^^^^^^^^^^^^^^^^^^^

warning: unused import: `SymbolEnvironment`
  --> crates/incin-core/src/compiled/plan.rs:12:57
   |
12 |     DimExpr, LayoutClass, OperationIdentity, ShapeExpr, SymbolEnvironment, SymbolTable,
   |                                                         ^^^^^^^^^^^^^^^^^

warning: function `export_captured_to_onnx` is never used
   --> crates/incin-core/src/onnx_exporter.rs:116:8
    |
116 | pub fn export_captured_to_onnx(graph: &CapturedGraph, path: &Path) -> anyhow::Result<()> {
    |        ^^^^^^^^^^^^^^^^^^^^^^^
    |
    = note: `#[warn(dead_code)]` (part of `#[warn(unused)]`) on by default

warning: `incin-core` (lib) generated 5 warnings (run `cargo fix --lib -p incin-core` to apply 4 suggestions)
warning: `incin-core` (lib test) generated 5 warnings (5 duplicates)
    Finished `dev` profile [unoptimized] target(s) in 0.14s

info: running `cargo check --all-targets --no-default-features --features cuda,metal,paranoid-validation,wgpu` on incin-core (244/384)
    Finished `dev` profile [unoptimized] target(s) in 0.14s

info: running `cargo check --all-targets --no-default-features --features compiled,cuda,metal,paranoid-validation,wgpu` on incin-core (245/384)
warning: unused import: `alloc::vec`
 --> crates/incin-core/src/compiled/artifact.rs:5:5
  |
5 | use alloc::vec;
  |     ^^^^^^^^^^
  |
  = note: `#[warn(unused_imports)]` (part of `#[warn(unused)]`) on by default

warning: unused import: `CapturedNode`
 --> crates/incin-core/src/compiled/fusion.rs:5:47
  |
5 | use crate::compiled::capture::{CapturedGraph, CapturedNode};
  |                                               ^^^^^^^^^^^^

warning: unused import: `alloc::string::String`
 --> crates/incin-core/src/compiled/plan.rs:4:5
  |
4 | use alloc::string::String;
  |     ^^^^^^^^^^^^^^^^^^^^^

warning: unused import: `SymbolEnvironment`
  --> crates/incin-core/src/compiled/plan.rs:12:57
   |
12 |     DimExpr, LayoutClass, OperationIdentity, ShapeExpr, SymbolEnvironment, SymbolTable,
   |                                                         ^^^^^^^^^^^^^^^^^

warning: function `export_captured_to_onnx` is never used
   --> crates/incin-core/src/onnx_exporter.rs:116:8
    |
116 | pub fn export_captured_to_onnx(graph: &CapturedGraph, path: &Path) -> anyhow::Result<()> {
    |        ^^^^^^^^^^^^^^^^^^^^^^^
    |
    = note: `#[warn(dead_code)]` (part of `#[warn(unused)]`) on by default

warning: `incin-core` (lib) generated 5 warnings (run `cargo fix --lib -p incin-core` to apply 4 suggestions)
warning: `incin-core` (lib test) generated 5 warnings (5 duplicates)
    Finished `dev` profile [unoptimized] target(s) in 0.15s

info: running `cargo check --all-targets --no-default-features --features default,metal,paranoid-validation,wgpu` on incin-core (246/384)
    Finished `dev` profile [unoptimized] target(s) in 0.15s

info: running `cargo check --all-targets --no-default-features --features compiled,default,metal,paranoid-validation,wgpu` on incin-core (247/384)
warning: unused import: `alloc::vec`
 --> crates/incin-core/src/compiled/artifact.rs:5:5
  |
5 | use alloc::vec;
  |     ^^^^^^^^^^
  |
  = note: `#[warn(unused_imports)]` (part of `#[warn(unused)]`) on by default

warning: unused import: `CapturedNode`
 --> crates/incin-core/src/compiled/fusion.rs:5:47
  |
5 | use crate::compiled::capture::{CapturedGraph, CapturedNode};
  |                                               ^^^^^^^^^^^^

warning: unused import: `alloc::string::String`
 --> crates/incin-core/src/compiled/plan.rs:4:5
  |
4 | use alloc::string::String;
  |     ^^^^^^^^^^^^^^^^^^^^^

warning: unused import: `SymbolEnvironment`
  --> crates/incin-core/src/compiled/plan.rs:12:57
   |
12 |     DimExpr, LayoutClass, OperationIdentity, ShapeExpr, SymbolEnvironment, SymbolTable,
   |                                                         ^^^^^^^^^^^^^^^^^

warning: function `export_captured_to_onnx` is never used
   --> crates/incin-core/src/onnx_exporter.rs:116:8
    |
116 | pub fn export_captured_to_onnx(graph: &CapturedGraph, path: &Path) -> anyhow::Result<()> {
    |        ^^^^^^^^^^^^^^^^^^^^^^^
    |
    = note: `#[warn(dead_code)]` (part of `#[warn(unused)]`) on by default

warning: `incin-core` (lib) generated 5 warnings (run `cargo fix --lib -p incin-core` to apply 4 suggestions)
warning: `incin-core` (lib test) generated 5 warnings (5 duplicates)
    Finished `dev` profile [unoptimized] target(s) in 0.15s

info: running `cargo check --all-targets --no-default-features --features cuda,default,metal,paranoid-validation,wgpu` on incin-core (248/384)
    Finished `dev` profile [unoptimized] target(s) in 0.15s

info: running `cargo check --all-targets --no-default-features --features compiled,cuda,default,metal,paranoid-validation,wgpu` on incin-core (249/384)
warning: unused import: `alloc::vec`
 --> crates/incin-core/src/compiled/artifact.rs:5:5
  |
5 | use alloc::vec;
  |     ^^^^^^^^^^
  |
  = note: `#[warn(unused_imports)]` (part of `#[warn(unused)]`) on by default

warning: unused import: `CapturedNode`
 --> crates/incin-core/src/compiled/fusion.rs:5:47
  |
5 | use crate::compiled::capture::{CapturedGraph, CapturedNode};
  |                                               ^^^^^^^^^^^^

warning: unused import: `alloc::string::String`
 --> crates/incin-core/src/compiled/plan.rs:4:5
  |
4 | use alloc::string::String;
  |     ^^^^^^^^^^^^^^^^^^^^^

warning: unused import: `SymbolEnvironment`
  --> crates/incin-core/src/compiled/plan.rs:12:57
   |
12 |     DimExpr, LayoutClass, OperationIdentity, ShapeExpr, SymbolEnvironment, SymbolTable,
   |                                                         ^^^^^^^^^^^^^^^^^

warning: function `export_captured_to_onnx` is never used
   --> crates/incin-core/src/onnx_exporter.rs:116:8
    |
116 | pub fn export_captured_to_onnx(graph: &CapturedGraph, path: &Path) -> anyhow::Result<()> {
    |        ^^^^^^^^^^^^^^^^^^^^^^^
    |
    = note: `#[warn(dead_code)]` (part of `#[warn(unused)]`) on by default

warning: `incin-core` (lib) generated 5 warnings (run `cargo fix --lib -p incin-core` to apply 4 suggestions)
warning: `incin-core` (lib test) generated 5 warnings (5 duplicates)
    Finished `dev` profile [unoptimized] target(s) in 0.15s

info: running `cargo check --all-targets --no-default-features --features distributed,metal,paranoid-validation,wgpu` on incin-core (250/384)
    Finished `dev` profile [unoptimized] target(s) in 0.14s

info: running `cargo check --all-targets --no-default-features --features compiled,distributed,metal,paranoid-validation,wgpu` on incin-core (251/384)
warning: unused import: `alloc::vec`
 --> crates/incin-core/src/compiled/artifact.rs:5:5
  |
5 | use alloc::vec;
  |     ^^^^^^^^^^
  |
  = note: `#[warn(unused_imports)]` (part of `#[warn(unused)]`) on by default

warning: unused import: `CapturedNode`
 --> crates/incin-core/src/compiled/fusion.rs:5:47
  |
5 | use crate::compiled::capture::{CapturedGraph, CapturedNode};
  |                                               ^^^^^^^^^^^^

warning: unused import: `alloc::string::String`
 --> crates/incin-core/src/compiled/plan.rs:4:5
  |
4 | use alloc::string::String;
  |     ^^^^^^^^^^^^^^^^^^^^^

warning: unused import: `SymbolEnvironment`
  --> crates/incin-core/src/compiled/plan.rs:12:57
   |
12 |     DimExpr, LayoutClass, OperationIdentity, ShapeExpr, SymbolEnvironment, SymbolTable,
   |                                                         ^^^^^^^^^^^^^^^^^

warning: function `export_captured_to_onnx` is never used
   --> crates/incin-core/src/onnx_exporter.rs:116:8
    |
116 | pub fn export_captured_to_onnx(graph: &CapturedGraph, path: &Path) -> anyhow::Result<()> {
    |        ^^^^^^^^^^^^^^^^^^^^^^^
    |
    = note: `#[warn(dead_code)]` (part of `#[warn(unused)]`) on by default

warning: `incin-core` (lib) generated 5 warnings (run `cargo fix --lib -p incin-core` to apply 4 suggestions)
warning: `incin-core` (lib test) generated 5 warnings (5 duplicates)
    Finished `dev` profile [unoptimized] target(s) in 0.15s

info: running `cargo check --all-targets --no-default-features --features cuda,distributed,metal,paranoid-validation,wgpu` on incin-core (252/384)
    Finished `dev` profile [unoptimized] target(s) in 0.15s

info: running `cargo check --all-targets --no-default-features --features compiled,cuda,distributed,metal,paranoid-validation,wgpu` on incin-core (253/384)
warning: unused import: `alloc::vec`
 --> crates/incin-core/src/compiled/artifact.rs:5:5
  |
5 | use alloc::vec;
  |     ^^^^^^^^^^
  |
  = note: `#[warn(unused_imports)]` (part of `#[warn(unused)]`) on by default

warning: unused import: `CapturedNode`
 --> crates/incin-core/src/compiled/fusion.rs:5:47
  |
5 | use crate::compiled::capture::{CapturedGraph, CapturedNode};
  |                                               ^^^^^^^^^^^^

warning: unused import: `alloc::string::String`
 --> crates/incin-core/src/compiled/plan.rs:4:5
  |
4 | use alloc::string::String;
  |     ^^^^^^^^^^^^^^^^^^^^^

warning: unused import: `SymbolEnvironment`
  --> crates/incin-core/src/compiled/plan.rs:12:57
   |
12 |     DimExpr, LayoutClass, OperationIdentity, ShapeExpr, SymbolEnvironment, SymbolTable,
   |                                                         ^^^^^^^^^^^^^^^^^

warning: function `export_captured_to_onnx` is never used
   --> crates/incin-core/src/onnx_exporter.rs:116:8
    |
116 | pub fn export_captured_to_onnx(graph: &CapturedGraph, path: &Path) -> anyhow::Result<()> {
    |        ^^^^^^^^^^^^^^^^^^^^^^^
    |
    = note: `#[warn(dead_code)]` (part of `#[warn(unused)]`) on by default

warning: `incin-core` (lib) generated 5 warnings (run `cargo fix --lib -p incin-core` to apply 4 suggestions)
warning: `incin-core` (lib test) generated 5 warnings (5 duplicates)
    Finished `dev` profile [unoptimized] target(s) in 0.14s

info: running `cargo check --all-targets --no-default-features --features default,distributed,metal,paranoid-validation,wgpu` on incin-core (254/384)
    Finished `dev` profile [unoptimized] target(s) in 0.15s

info: running `cargo check --all-targets --no-default-features --features compiled,default,distributed,metal,paranoid-validation,wgpu` on incin-core (255/384)
warning: unused import: `alloc::vec`
 --> crates/incin-core/src/compiled/artifact.rs:5:5
  |
5 | use alloc::vec;
  |     ^^^^^^^^^^
  |
  = note: `#[warn(unused_imports)]` (part of `#[warn(unused)]`) on by default

warning: unused import: `CapturedNode`
 --> crates/incin-core/src/compiled/fusion.rs:5:47
  |
5 | use crate::compiled::capture::{CapturedGraph, CapturedNode};
  |                                               ^^^^^^^^^^^^

warning: unused import: `alloc::string::String`
 --> crates/incin-core/src/compiled/plan.rs:4:5
  |
4 | use alloc::string::String;
  |     ^^^^^^^^^^^^^^^^^^^^^

warning: unused import: `SymbolEnvironment`
  --> crates/incin-core/src/compiled/plan.rs:12:57
   |
12 |     DimExpr, LayoutClass, OperationIdentity, ShapeExpr, SymbolEnvironment, SymbolTable,
   |                                                         ^^^^^^^^^^^^^^^^^

warning: function `export_captured_to_onnx` is never used
   --> crates/incin-core/src/onnx_exporter.rs:116:8
    |
116 | pub fn export_captured_to_onnx(graph: &CapturedGraph, path: &Path) -> anyhow::Result<()> {
    |        ^^^^^^^^^^^^^^^^^^^^^^^
    |
    = note: `#[warn(dead_code)]` (part of `#[warn(unused)]`) on by default

warning: `incin-core` (lib) generated 5 warnings (run `cargo fix --lib -p incin-core` to apply 4 suggestions)
warning: `incin-core` (lib test) generated 5 warnings (5 duplicates)
    Finished `dev` profile [unoptimized] target(s) in 0.15s

info: running `cargo check --all-targets --no-default-features --features cuda,default,distributed,metal,paranoid-validation,wgpu` on incin-core (256/384)
    Finished `dev` profile [unoptimized] target(s) in 0.15s

info: running `cargo check --all-targets --no-default-features --features compiled,cuda,default,distributed,metal,paranoid-validation,wgpu` on incin-core (257/384)
warning: unused import: `alloc::vec`
 --> crates/incin-core/src/compiled/artifact.rs:5:5
  |
5 | use alloc::vec;
  |     ^^^^^^^^^^
  |
  = note: `#[warn(unused_imports)]` (part of `#[warn(unused)]`) on by default

warning: unused import: `CapturedNode`
 --> crates/incin-core/src/compiled/fusion.rs:5:47
  |
5 | use crate::compiled::capture::{CapturedGraph, CapturedNode};
  |                                               ^^^^^^^^^^^^

warning: unused import: `alloc::string::String`
 --> crates/incin-core/src/compiled/plan.rs:4:5
  |
4 | use alloc::string::String;
  |     ^^^^^^^^^^^^^^^^^^^^^

warning: unused import: `SymbolEnvironment`
  --> crates/incin-core/src/compiled/plan.rs:12:57
   |
12 |     DimExpr, LayoutClass, OperationIdentity, ShapeExpr, SymbolEnvironment, SymbolTable,
   |                                                         ^^^^^^^^^^^^^^^^^

warning: function `export_captured_to_onnx` is never used
   --> crates/incin-core/src/onnx_exporter.rs:116:8
    |
116 | pub fn export_captured_to_onnx(graph: &CapturedGraph, path: &Path) -> anyhow::Result<()> {
    |        ^^^^^^^^^^^^^^^^^^^^^^^
    |
    = note: `#[warn(dead_code)]` (part of `#[warn(unused)]`) on by default

warning: `incin-core` (lib) generated 5 warnings (run `cargo fix --lib -p incin-core` to apply 4 suggestions)
warning: `incin-core` (lib test) generated 5 warnings (5 duplicates)
    Finished `dev` profile [unoptimized] target(s) in 0.15s

info: running `cargo check --all-targets --no-default-features --features std,wgpu` on incin-core (258/384)
    Finished `dev` profile [unoptimized] target(s) in 0.15s

info: running `cargo check --all-targets --no-default-features --features compiled,std,wgpu` on incin-core (259/384)
warning: unused import: `alloc::vec`
 --> crates/incin-core/src/compiled/artifact.rs:5:5
  |
5 | use alloc::vec;
  |     ^^^^^^^^^^
  |
  = note: `#[warn(unused_imports)]` (part of `#[warn(unused)]`) on by default

warning: unused import: `CapturedNode`
 --> crates/incin-core/src/compiled/fusion.rs:5:47
  |
5 | use crate::compiled::capture::{CapturedGraph, CapturedNode};
  |                                               ^^^^^^^^^^^^

warning: unused import: `alloc::string::String`
 --> crates/incin-core/src/compiled/plan.rs:4:5
  |
4 | use alloc::string::String;
  |     ^^^^^^^^^^^^^^^^^^^^^

warning: unused import: `SymbolEnvironment`
  --> crates/incin-core/src/compiled/plan.rs:12:57
   |
12 |     DimExpr, LayoutClass, OperationIdentity, ShapeExpr, SymbolEnvironment, SymbolTable,
   |                                                         ^^^^^^^^^^^^^^^^^

warning: function `export_captured_to_onnx` is never used
   --> crates/incin-core/src/onnx_exporter.rs:116:8
    |
116 | pub fn export_captured_to_onnx(graph: &CapturedGraph, path: &Path) -> anyhow::Result<()> {
    |        ^^^^^^^^^^^^^^^^^^^^^^^
    |
    = note: `#[warn(dead_code)]` (part of `#[warn(unused)]`) on by default

warning: `incin-core` (lib) generated 5 warnings (run `cargo fix --lib -p incin-core` to apply 4 suggestions)
warning: `incin-core` (lib test) generated 5 warnings (5 duplicates)
    Finished `dev` profile [unoptimized] target(s) in 0.15s

info: running `cargo check --all-targets --no-default-features --features cuda,std,wgpu` on incin-core (260/384)
    Finished `dev` profile [unoptimized] target(s) in 0.15s

info: running `cargo check --all-targets --no-default-features --features compiled,cuda,std,wgpu` on incin-core (261/384)
warning: unused import: `alloc::vec`
 --> crates/incin-core/src/compiled/artifact.rs:5:5
  |
5 | use alloc::vec;
  |     ^^^^^^^^^^
  |
  = note: `#[warn(unused_imports)]` (part of `#[warn(unused)]`) on by default

warning: unused import: `CapturedNode`
 --> crates/incin-core/src/compiled/fusion.rs:5:47
  |
5 | use crate::compiled::capture::{CapturedGraph, CapturedNode};
  |                                               ^^^^^^^^^^^^

warning: unused import: `alloc::string::String`
 --> crates/incin-core/src/compiled/plan.rs:4:5
  |
4 | use alloc::string::String;
  |     ^^^^^^^^^^^^^^^^^^^^^

warning: unused import: `SymbolEnvironment`
  --> crates/incin-core/src/compiled/plan.rs:12:57
   |
12 |     DimExpr, LayoutClass, OperationIdentity, ShapeExpr, SymbolEnvironment, SymbolTable,
   |                                                         ^^^^^^^^^^^^^^^^^

warning: function `export_captured_to_onnx` is never used
   --> crates/incin-core/src/onnx_exporter.rs:116:8
    |
116 | pub fn export_captured_to_onnx(graph: &CapturedGraph, path: &Path) -> anyhow::Result<()> {
    |        ^^^^^^^^^^^^^^^^^^^^^^^
    |
    = note: `#[warn(dead_code)]` (part of `#[warn(unused)]`) on by default

warning: `incin-core` (lib) generated 5 warnings (run `cargo fix --lib -p incin-core` to apply 4 suggestions)
warning: `incin-core` (lib test) generated 5 warnings (5 duplicates)
    Finished `dev` profile [unoptimized] target(s) in 0.15s

info: running `cargo check --all-targets --no-default-features --features distributed,std,wgpu` on incin-core (262/384)
    Finished `dev` profile [unoptimized] target(s) in 0.15s

info: running `cargo check --all-targets --no-default-features --features compiled,distributed,std,wgpu` on incin-core (263/384)
warning: unused import: `alloc::vec`
 --> crates/incin-core/src/compiled/artifact.rs:5:5
  |
5 | use alloc::vec;
  |     ^^^^^^^^^^
  |
  = note: `#[warn(unused_imports)]` (part of `#[warn(unused)]`) on by default

warning: unused import: `CapturedNode`
 --> crates/incin-core/src/compiled/fusion.rs:5:47
  |
5 | use crate::compiled::capture::{CapturedGraph, CapturedNode};
  |                                               ^^^^^^^^^^^^

warning: unused import: `alloc::string::String`
 --> crates/incin-core/src/compiled/plan.rs:4:5
  |
4 | use alloc::string::String;
  |     ^^^^^^^^^^^^^^^^^^^^^

warning: unused import: `SymbolEnvironment`
  --> crates/incin-core/src/compiled/plan.rs:12:57
   |
12 |     DimExpr, LayoutClass, OperationIdentity, ShapeExpr, SymbolEnvironment, SymbolTable,
   |                                                         ^^^^^^^^^^^^^^^^^

warning: function `export_captured_to_onnx` is never used
   --> crates/incin-core/src/onnx_exporter.rs:116:8
    |
116 | pub fn export_captured_to_onnx(graph: &CapturedGraph, path: &Path) -> anyhow::Result<()> {
    |        ^^^^^^^^^^^^^^^^^^^^^^^
    |
    = note: `#[warn(dead_code)]` (part of `#[warn(unused)]`) on by default

warning: `incin-core` (lib) generated 5 warnings (run `cargo fix --lib -p incin-core` to apply 4 suggestions)
warning: `incin-core` (lib test) generated 5 warnings (5 duplicates)
    Finished `dev` profile [unoptimized] target(s) in 0.15s

info: running `cargo check --all-targets --no-default-features --features cuda,distributed,std,wgpu` on incin-core (264/384)
    Finished `dev` profile [unoptimized] target(s) in 0.14s

info: running `cargo check --all-targets --no-default-features --features compiled,cuda,distributed,std,wgpu` on incin-core (265/384)
warning: unused import: `alloc::vec`
 --> crates/incin-core/src/compiled/artifact.rs:5:5
  |
5 | use alloc::vec;
  |     ^^^^^^^^^^
  |
  = note: `#[warn(unused_imports)]` (part of `#[warn(unused)]`) on by default

warning: unused import: `CapturedNode`
 --> crates/incin-core/src/compiled/fusion.rs:5:47
  |
5 | use crate::compiled::capture::{CapturedGraph, CapturedNode};
  |                                               ^^^^^^^^^^^^

warning: unused import: `alloc::string::String`
 --> crates/incin-core/src/compiled/plan.rs:4:5
  |
4 | use alloc::string::String;
  |     ^^^^^^^^^^^^^^^^^^^^^

warning: unused import: `SymbolEnvironment`
  --> crates/incin-core/src/compiled/plan.rs:12:57
   |
12 |     DimExpr, LayoutClass, OperationIdentity, ShapeExpr, SymbolEnvironment, SymbolTable,
   |                                                         ^^^^^^^^^^^^^^^^^

warning: function `export_captured_to_onnx` is never used
   --> crates/incin-core/src/onnx_exporter.rs:116:8
    |
116 | pub fn export_captured_to_onnx(graph: &CapturedGraph, path: &Path) -> anyhow::Result<()> {
    |        ^^^^^^^^^^^^^^^^^^^^^^^
    |
    = note: `#[warn(dead_code)]` (part of `#[warn(unused)]`) on by default

warning: `incin-core` (lib) generated 5 warnings (run `cargo fix --lib -p incin-core` to apply 4 suggestions)
warning: `incin-core` (lib test) generated 5 warnings (5 duplicates)
    Finished `dev` profile [unoptimized] target(s) in 0.14s

info: running `cargo check --all-targets --no-default-features --features metal,std,wgpu` on incin-core (266/384)
    Finished `dev` profile [unoptimized] target(s) in 0.15s

info: running `cargo check --all-targets --no-default-features --features compiled,metal,std,wgpu` on incin-core (267/384)
warning: unused import: `alloc::vec`
 --> crates/incin-core/src/compiled/artifact.rs:5:5
  |
5 | use alloc::vec;
  |     ^^^^^^^^^^
  |
  = note: `#[warn(unused_imports)]` (part of `#[warn(unused)]`) on by default

warning: unused import: `CapturedNode`
 --> crates/incin-core/src/compiled/fusion.rs:5:47
  |
5 | use crate::compiled::capture::{CapturedGraph, CapturedNode};
  |                                               ^^^^^^^^^^^^

warning: unused import: `alloc::string::String`
 --> crates/incin-core/src/compiled/plan.rs:4:5
  |
4 | use alloc::string::String;
  |     ^^^^^^^^^^^^^^^^^^^^^

warning: unused import: `SymbolEnvironment`
  --> crates/incin-core/src/compiled/plan.rs:12:57
   |
12 |     DimExpr, LayoutClass, OperationIdentity, ShapeExpr, SymbolEnvironment, SymbolTable,
   |                                                         ^^^^^^^^^^^^^^^^^

warning: function `export_captured_to_onnx` is never used
   --> crates/incin-core/src/onnx_exporter.rs:116:8
    |
116 | pub fn export_captured_to_onnx(graph: &CapturedGraph, path: &Path) -> anyhow::Result<()> {
    |        ^^^^^^^^^^^^^^^^^^^^^^^
    |
    = note: `#[warn(dead_code)]` (part of `#[warn(unused)]`) on by default

warning: `incin-core` (lib) generated 5 warnings (run `cargo fix --lib -p incin-core` to apply 4 suggestions)
warning: `incin-core` (lib test) generated 5 warnings (5 duplicates)
    Finished `dev` profile [unoptimized] target(s) in 0.15s

info: running `cargo check --all-targets --no-default-features --features cuda,metal,std,wgpu` on incin-core (268/384)
    Finished `dev` profile [unoptimized] target(s) in 0.15s

info: running `cargo check --all-targets --no-default-features --features compiled,cuda,metal,std,wgpu` on incin-core (269/384)
warning: unused import: `alloc::vec`
 --> crates/incin-core/src/compiled/artifact.rs:5:5
  |
5 | use alloc::vec;
  |     ^^^^^^^^^^
  |
  = note: `#[warn(unused_imports)]` (part of `#[warn(unused)]`) on by default

warning: unused import: `CapturedNode`
 --> crates/incin-core/src/compiled/fusion.rs:5:47
  |
5 | use crate::compiled::capture::{CapturedGraph, CapturedNode};
  |                                               ^^^^^^^^^^^^

warning: unused import: `alloc::string::String`
 --> crates/incin-core/src/compiled/plan.rs:4:5
  |
4 | use alloc::string::String;
  |     ^^^^^^^^^^^^^^^^^^^^^

warning: unused import: `SymbolEnvironment`
  --> crates/incin-core/src/compiled/plan.rs:12:57
   |
12 |     DimExpr, LayoutClass, OperationIdentity, ShapeExpr, SymbolEnvironment, SymbolTable,
   |                                                         ^^^^^^^^^^^^^^^^^

warning: function `export_captured_to_onnx` is never used
   --> crates/incin-core/src/onnx_exporter.rs:116:8
    |
116 | pub fn export_captured_to_onnx(graph: &CapturedGraph, path: &Path) -> anyhow::Result<()> {
    |        ^^^^^^^^^^^^^^^^^^^^^^^
    |
    = note: `#[warn(dead_code)]` (part of `#[warn(unused)]`) on by default

warning: `incin-core` (lib) generated 5 warnings (run `cargo fix --lib -p incin-core` to apply 4 suggestions)
warning: `incin-core` (lib test) generated 5 warnings (5 duplicates)
    Finished `dev` profile [unoptimized] target(s) in 0.14s

info: running `cargo check --all-targets --no-default-features --features distributed,metal,std,wgpu` on incin-core (270/384)
    Finished `dev` profile [unoptimized] target(s) in 0.14s

info: running `cargo check --all-targets --no-default-features --features compiled,distributed,metal,std,wgpu` on incin-core (271/384)
warning: unused import: `alloc::vec`
 --> crates/incin-core/src/compiled/artifact.rs:5:5
  |
5 | use alloc::vec;
  |     ^^^^^^^^^^
  |
  = note: `#[warn(unused_imports)]` (part of `#[warn(unused)]`) on by default

warning: unused import: `CapturedNode`
 --> crates/incin-core/src/compiled/fusion.rs:5:47
  |
5 | use crate::compiled::capture::{CapturedGraph, CapturedNode};
  |                                               ^^^^^^^^^^^^

warning: unused import: `alloc::string::String`
 --> crates/incin-core/src/compiled/plan.rs:4:5
  |
4 | use alloc::string::String;
  |     ^^^^^^^^^^^^^^^^^^^^^

warning: unused import: `SymbolEnvironment`
  --> crates/incin-core/src/compiled/plan.rs:12:57
   |
12 |     DimExpr, LayoutClass, OperationIdentity, ShapeExpr, SymbolEnvironment, SymbolTable,
   |                                                         ^^^^^^^^^^^^^^^^^

warning: function `export_captured_to_onnx` is never used
   --> crates/incin-core/src/onnx_exporter.rs:116:8
    |
116 | pub fn export_captured_to_onnx(graph: &CapturedGraph, path: &Path) -> anyhow::Result<()> {
    |        ^^^^^^^^^^^^^^^^^^^^^^^
    |
    = note: `#[warn(dead_code)]` (part of `#[warn(unused)]`) on by default

warning: `incin-core` (lib) generated 5 warnings (run `cargo fix --lib -p incin-core` to apply 4 suggestions)
warning: `incin-core` (lib test) generated 5 warnings (5 duplicates)
    Finished `dev` profile [unoptimized] target(s) in 0.15s

info: running `cargo check --all-targets --no-default-features --features cuda,distributed,metal,std,wgpu` on incin-core (272/384)
    Finished `dev` profile [unoptimized] target(s) in 0.14s

info: running `cargo check --all-targets --no-default-features --features compiled,cuda,distributed,metal,std,wgpu` on incin-core (273/384)
warning: unused import: `alloc::vec`
 --> crates/incin-core/src/compiled/artifact.rs:5:5
  |
5 | use alloc::vec;
  |     ^^^^^^^^^^
  |
  = note: `#[warn(unused_imports)]` (part of `#[warn(unused)]`) on by default

warning: unused import: `CapturedNode`
 --> crates/incin-core/src/compiled/fusion.rs:5:47
  |
5 | use crate::compiled::capture::{CapturedGraph, CapturedNode};
  |                                               ^^^^^^^^^^^^

warning: unused import: `alloc::string::String`
 --> crates/incin-core/src/compiled/plan.rs:4:5
  |
4 | use alloc::string::String;
  |     ^^^^^^^^^^^^^^^^^^^^^

warning: unused import: `SymbolEnvironment`
  --> crates/incin-core/src/compiled/plan.rs:12:57
   |
12 |     DimExpr, LayoutClass, OperationIdentity, ShapeExpr, SymbolEnvironment, SymbolTable,
   |                                                         ^^^^^^^^^^^^^^^^^

warning: function `export_captured_to_onnx` is never used
   --> crates/incin-core/src/onnx_exporter.rs:116:8
    |
116 | pub fn export_captured_to_onnx(graph: &CapturedGraph, path: &Path) -> anyhow::Result<()> {
    |        ^^^^^^^^^^^^^^^^^^^^^^^
    |
    = note: `#[warn(dead_code)]` (part of `#[warn(unused)]`) on by default

warning: `incin-core` (lib) generated 5 warnings (run `cargo fix --lib -p incin-core` to apply 4 suggestions)
warning: `incin-core` (lib test) generated 5 warnings (5 duplicates)
    Finished `dev` profile [unoptimized] target(s) in 0.14s

info: running `cargo check --all-targets --no-default-features --features paranoid-validation,std,wgpu` on incin-core (274/384)
    Finished `dev` profile [unoptimized] target(s) in 0.15s

info: running `cargo check --all-targets --no-default-features --features compiled,paranoid-validation,std,wgpu` on incin-core (275/384)
warning: unused import: `alloc::vec`
 --> crates/incin-core/src/compiled/artifact.rs:5:5
  |
5 | use alloc::vec;
  |     ^^^^^^^^^^
  |
  = note: `#[warn(unused_imports)]` (part of `#[warn(unused)]`) on by default

warning: unused import: `CapturedNode`
 --> crates/incin-core/src/compiled/fusion.rs:5:47
  |
5 | use crate::compiled::capture::{CapturedGraph, CapturedNode};
  |                                               ^^^^^^^^^^^^

warning: unused import: `alloc::string::String`
 --> crates/incin-core/src/compiled/plan.rs:4:5
  |
4 | use alloc::string::String;
  |     ^^^^^^^^^^^^^^^^^^^^^

warning: unused import: `SymbolEnvironment`
  --> crates/incin-core/src/compiled/plan.rs:12:57
   |
12 |     DimExpr, LayoutClass, OperationIdentity, ShapeExpr, SymbolEnvironment, SymbolTable,
   |                                                         ^^^^^^^^^^^^^^^^^

warning: function `export_captured_to_onnx` is never used
   --> crates/incin-core/src/onnx_exporter.rs:116:8
    |
116 | pub fn export_captured_to_onnx(graph: &CapturedGraph, path: &Path) -> anyhow::Result<()> {
    |        ^^^^^^^^^^^^^^^^^^^^^^^
    |
    = note: `#[warn(dead_code)]` (part of `#[warn(unused)]`) on by default

warning: `incin-core` (lib) generated 5 warnings (run `cargo fix --lib -p incin-core` to apply 4 suggestions)
warning: `incin-core` (lib test) generated 5 warnings (5 duplicates)
    Finished `dev` profile [unoptimized] target(s) in 0.15s

info: running `cargo check --all-targets --no-default-features --features cuda,paranoid-validation,std,wgpu` on incin-core (276/384)
    Finished `dev` profile [unoptimized] target(s) in 0.14s

info: running `cargo check --all-targets --no-default-features --features compiled,cuda,paranoid-validation,std,wgpu` on incin-core (277/384)
warning: unused import: `alloc::vec`
 --> crates/incin-core/src/compiled/artifact.rs:5:5
  |
5 | use alloc::vec;
  |     ^^^^^^^^^^
  |
  = note: `#[warn(unused_imports)]` (part of `#[warn(unused)]`) on by default

warning: unused import: `CapturedNode`
 --> crates/incin-core/src/compiled/fusion.rs:5:47
  |
5 | use crate::compiled::capture::{CapturedGraph, CapturedNode};
  |                                               ^^^^^^^^^^^^

warning: unused import: `alloc::string::String`
 --> crates/incin-core/src/compiled/plan.rs:4:5
  |
4 | use alloc::string::String;
  |     ^^^^^^^^^^^^^^^^^^^^^

warning: unused import: `SymbolEnvironment`
  --> crates/incin-core/src/compiled/plan.rs:12:57
   |
12 |     DimExpr, LayoutClass, OperationIdentity, ShapeExpr, SymbolEnvironment, SymbolTable,
   |                                                         ^^^^^^^^^^^^^^^^^

warning: function `export_captured_to_onnx` is never used
   --> crates/incin-core/src/onnx_exporter.rs:116:8
    |
116 | pub fn export_captured_to_onnx(graph: &CapturedGraph, path: &Path) -> anyhow::Result<()> {
    |        ^^^^^^^^^^^^^^^^^^^^^^^
    |
    = note: `#[warn(dead_code)]` (part of `#[warn(unused)]`) on by default

warning: `incin-core` (lib) generated 5 warnings (run `cargo fix --lib -p incin-core` to apply 4 suggestions)
warning: `incin-core` (lib test) generated 5 warnings (5 duplicates)
    Finished `dev` profile [unoptimized] target(s) in 0.15s

info: running `cargo check --all-targets --no-default-features --features distributed,paranoid-validation,std,wgpu` on incin-core (278/384)
    Finished `dev` profile [unoptimized] target(s) in 0.15s

info: running `cargo check --all-targets --no-default-features --features compiled,distributed,paranoid-validation,std,wgpu` on incin-core (279/384)
warning: unused import: `alloc::vec`
 --> crates/incin-core/src/compiled/artifact.rs:5:5
  |
5 | use alloc::vec;
  |     ^^^^^^^^^^
  |
  = note: `#[warn(unused_imports)]` (part of `#[warn(unused)]`) on by default

warning: unused import: `CapturedNode`
 --> crates/incin-core/src/compiled/fusion.rs:5:47
  |
5 | use crate::compiled::capture::{CapturedGraph, CapturedNode};
  |                                               ^^^^^^^^^^^^

warning: unused import: `alloc::string::String`
 --> crates/incin-core/src/compiled/plan.rs:4:5
  |
4 | use alloc::string::String;
  |     ^^^^^^^^^^^^^^^^^^^^^

warning: unused import: `SymbolEnvironment`
  --> crates/incin-core/src/compiled/plan.rs:12:57
   |
12 |     DimExpr, LayoutClass, OperationIdentity, ShapeExpr, SymbolEnvironment, SymbolTable,
   |                                                         ^^^^^^^^^^^^^^^^^

warning: function `export_captured_to_onnx` is never used
   --> crates/incin-core/src/onnx_exporter.rs:116:8
    |
116 | pub fn export_captured_to_onnx(graph: &CapturedGraph, path: &Path) -> anyhow::Result<()> {
    |        ^^^^^^^^^^^^^^^^^^^^^^^
    |
    = note: `#[warn(dead_code)]` (part of `#[warn(unused)]`) on by default

warning: `incin-core` (lib) generated 5 warnings (run `cargo fix --lib -p incin-core` to apply 4 suggestions)
warning: `incin-core` (lib test) generated 5 warnings (5 duplicates)
    Finished `dev` profile [unoptimized] target(s) in 0.15s

info: running `cargo check --all-targets --no-default-features --features cuda,distributed,paranoid-validation,std,wgpu` on incin-core (280/384)
    Finished `dev` profile [unoptimized] target(s) in 0.14s

info: running `cargo check --all-targets --no-default-features --features compiled,cuda,distributed,paranoid-validation,std,wgpu` on incin-core (281/384)
warning: unused import: `alloc::vec`
 --> crates/incin-core/src/compiled/artifact.rs:5:5
  |
5 | use alloc::vec;
  |     ^^^^^^^^^^
  |
  = note: `#[warn(unused_imports)]` (part of `#[warn(unused)]`) on by default

warning: unused import: `CapturedNode`
 --> crates/incin-core/src/compiled/fusion.rs:5:47
  |
5 | use crate::compiled::capture::{CapturedGraph, CapturedNode};
  |                                               ^^^^^^^^^^^^

warning: unused import: `alloc::string::String`
 --> crates/incin-core/src/compiled/plan.rs:4:5
  |
4 | use alloc::string::String;
  |     ^^^^^^^^^^^^^^^^^^^^^

warning: unused import: `SymbolEnvironment`
  --> crates/incin-core/src/compiled/plan.rs:12:57
   |
12 |     DimExpr, LayoutClass, OperationIdentity, ShapeExpr, SymbolEnvironment, SymbolTable,
   |                                                         ^^^^^^^^^^^^^^^^^

warning: function `export_captured_to_onnx` is never used
   --> crates/incin-core/src/onnx_exporter.rs:116:8
    |
116 | pub fn export_captured_to_onnx(graph: &CapturedGraph, path: &Path) -> anyhow::Result<()> {
    |        ^^^^^^^^^^^^^^^^^^^^^^^
    |
    = note: `#[warn(dead_code)]` (part of `#[warn(unused)]`) on by default

warning: `incin-core` (lib) generated 5 warnings (run `cargo fix --lib -p incin-core` to apply 4 suggestions)
warning: `incin-core` (lib test) generated 5 warnings (5 duplicates)
    Finished `dev` profile [unoptimized] target(s) in 0.14s

info: running `cargo check --all-targets --no-default-features --features metal,paranoid-validation,std,wgpu` on incin-core (282/384)
    Finished `dev` profile [unoptimized] target(s) in 0.14s

info: running `cargo check --all-targets --no-default-features --features compiled,metal,paranoid-validation,std,wgpu` on incin-core (283/384)
warning: unused import: `alloc::vec`
 --> crates/incin-core/src/compiled/artifact.rs:5:5
  |
5 | use alloc::vec;
  |     ^^^^^^^^^^
  |
  = note: `#[warn(unused_imports)]` (part of `#[warn(unused)]`) on by default

warning: unused import: `CapturedNode`
 --> crates/incin-core/src/compiled/fusion.rs:5:47
  |
5 | use crate::compiled::capture::{CapturedGraph, CapturedNode};
  |                                               ^^^^^^^^^^^^

warning: unused import: `alloc::string::String`
 --> crates/incin-core/src/compiled/plan.rs:4:5
  |
4 | use alloc::string::String;
  |     ^^^^^^^^^^^^^^^^^^^^^

warning: unused import: `SymbolEnvironment`
  --> crates/incin-core/src/compiled/plan.rs:12:57
   |
12 |     DimExpr, LayoutClass, OperationIdentity, ShapeExpr, SymbolEnvironment, SymbolTable,
   |                                                         ^^^^^^^^^^^^^^^^^

warning: function `export_captured_to_onnx` is never used
   --> crates/incin-core/src/onnx_exporter.rs:116:8
    |
116 | pub fn export_captured_to_onnx(graph: &CapturedGraph, path: &Path) -> anyhow::Result<()> {
    |        ^^^^^^^^^^^^^^^^^^^^^^^
    |
    = note: `#[warn(dead_code)]` (part of `#[warn(unused)]`) on by default

warning: `incin-core` (lib) generated 5 warnings (run `cargo fix --lib -p incin-core` to apply 4 suggestions)
warning: `incin-core` (lib test) generated 5 warnings (5 duplicates)
    Finished `dev` profile [unoptimized] target(s) in 0.15s

info: running `cargo check --all-targets --no-default-features --features cuda,metal,paranoid-validation,std,wgpu` on incin-core (284/384)
    Finished `dev` profile [unoptimized] target(s) in 0.14s

info: running `cargo check --all-targets --no-default-features --features compiled,cuda,metal,paranoid-validation,std,wgpu` on incin-core (285/384)
warning: unused import: `alloc::vec`
 --> crates/incin-core/src/compiled/artifact.rs:5:5
  |
5 | use alloc::vec;
  |     ^^^^^^^^^^
  |
  = note: `#[warn(unused_imports)]` (part of `#[warn(unused)]`) on by default

warning: unused import: `CapturedNode`
 --> crates/incin-core/src/compiled/fusion.rs:5:47
  |
5 | use crate::compiled::capture::{CapturedGraph, CapturedNode};
  |                                               ^^^^^^^^^^^^

warning: unused import: `alloc::string::String`
 --> crates/incin-core/src/compiled/plan.rs:4:5
  |
4 | use alloc::string::String;
  |     ^^^^^^^^^^^^^^^^^^^^^

warning: unused import: `SymbolEnvironment`
  --> crates/incin-core/src/compiled/plan.rs:12:57
   |
12 |     DimExpr, LayoutClass, OperationIdentity, ShapeExpr, SymbolEnvironment, SymbolTable,
   |                                                         ^^^^^^^^^^^^^^^^^

warning: function `export_captured_to_onnx` is never used
   --> crates/incin-core/src/onnx_exporter.rs:116:8
    |
116 | pub fn export_captured_to_onnx(graph: &CapturedGraph, path: &Path) -> anyhow::Result<()> {
    |        ^^^^^^^^^^^^^^^^^^^^^^^
    |
    = note: `#[warn(dead_code)]` (part of `#[warn(unused)]`) on by default

warning: `incin-core` (lib) generated 5 warnings (run `cargo fix --lib -p incin-core` to apply 4 suggestions)
warning: `incin-core` (lib test) generated 5 warnings (5 duplicates)
    Finished `dev` profile [unoptimized] target(s) in 0.14s

info: running `cargo check --all-targets --no-default-features --features distributed,metal,paranoid-validation,std,wgpu` on incin-core (286/384)
    Finished `dev` profile [unoptimized] target(s) in 0.14s

info: running `cargo check --all-targets --no-default-features --features compiled,distributed,metal,paranoid-validation,std,wgpu` on incin-core (287/384)
warning: unused import: `alloc::vec`
 --> crates/incin-core/src/compiled/artifact.rs:5:5
  |
5 | use alloc::vec;
  |     ^^^^^^^^^^
  |
  = note: `#[warn(unused_imports)]` (part of `#[warn(unused)]`) on by default

warning: unused import: `CapturedNode`
 --> crates/incin-core/src/compiled/fusion.rs:5:47
  |
5 | use crate::compiled::capture::{CapturedGraph, CapturedNode};
  |                                               ^^^^^^^^^^^^

warning: unused import: `alloc::string::String`
 --> crates/incin-core/src/compiled/plan.rs:4:5
  |
4 | use alloc::string::String;
  |     ^^^^^^^^^^^^^^^^^^^^^

warning: unused import: `SymbolEnvironment`
  --> crates/incin-core/src/compiled/plan.rs:12:57
   |
12 |     DimExpr, LayoutClass, OperationIdentity, ShapeExpr, SymbolEnvironment, SymbolTable,
   |                                                         ^^^^^^^^^^^^^^^^^

warning: function `export_captured_to_onnx` is never used
   --> crates/incin-core/src/onnx_exporter.rs:116:8
    |
116 | pub fn export_captured_to_onnx(graph: &CapturedGraph, path: &Path) -> anyhow::Result<()> {
    |        ^^^^^^^^^^^^^^^^^^^^^^^
    |
    = note: `#[warn(dead_code)]` (part of `#[warn(unused)]`) on by default

warning: `incin-core` (lib) generated 5 warnings (run `cargo fix --lib -p incin-core` to apply 4 suggestions)
warning: `incin-core` (lib test) generated 5 warnings (5 duplicates)
    Finished `dev` profile [unoptimized] target(s) in 0.15s

info: running `cargo check --all-targets --no-default-features --features cuda,distributed,metal,paranoid-validation,std,wgpu` on incin-core (288/384)
    Finished `dev` profile [unoptimized] target(s) in 0.15s

info: running `cargo check --all-targets --no-default-features --features compiled,cuda,distributed,metal,paranoid-validation,std,wgpu` on incin-core (289/384)
warning: unused import: `alloc::vec`
 --> crates/incin-core/src/compiled/artifact.rs:5:5
  |
5 | use alloc::vec;
  |     ^^^^^^^^^^
  |
  = note: `#[warn(unused_imports)]` (part of `#[warn(unused)]`) on by default

warning: unused import: `CapturedNode`
 --> crates/incin-core/src/compiled/fusion.rs:5:47
  |
5 | use crate::compiled::capture::{CapturedGraph, CapturedNode};
  |                                               ^^^^^^^^^^^^

warning: unused import: `alloc::string::String`
 --> crates/incin-core/src/compiled/plan.rs:4:5
  |
4 | use alloc::string::String;
  |     ^^^^^^^^^^^^^^^^^^^^^

warning: unused import: `SymbolEnvironment`
  --> crates/incin-core/src/compiled/plan.rs:12:57
   |
12 |     DimExpr, LayoutClass, OperationIdentity, ShapeExpr, SymbolEnvironment, SymbolTable,
   |                                                         ^^^^^^^^^^^^^^^^^

warning: function `export_captured_to_onnx` is never used
   --> crates/incin-core/src/onnx_exporter.rs:116:8
    |
116 | pub fn export_captured_to_onnx(graph: &CapturedGraph, path: &Path) -> anyhow::Result<()> {
    |        ^^^^^^^^^^^^^^^^^^^^^^^
    |
    = note: `#[warn(dead_code)]` (part of `#[warn(unused)]`) on by default

warning: `incin-core` (lib) generated 5 warnings (run `cargo fix --lib -p incin-core` to apply 4 suggestions)
warning: `incin-core` (lib test) generated 5 warnings (5 duplicates)
    Finished `dev` profile [unoptimized] target(s) in 0.14s

info: running `cargo check --all-targets --no-default-features --features test-utils,wgpu` on incin-core (290/384)
    Finished `dev` profile [unoptimized] target(s) in 0.14s

info: running `cargo check --all-targets --no-default-features --features compiled,test-utils,wgpu` on incin-core (291/384)
warning: unused import: `alloc::vec`
 --> crates/incin-core/src/compiled/artifact.rs:5:5
  |
5 | use alloc::vec;
  |     ^^^^^^^^^^
  |
  = note: `#[warn(unused_imports)]` (part of `#[warn(unused)]`) on by default

warning: unused import: `CapturedNode`
 --> crates/incin-core/src/compiled/fusion.rs:5:47
  |
5 | use crate::compiled::capture::{CapturedGraph, CapturedNode};
  |                                               ^^^^^^^^^^^^

warning: unused import: `alloc::string::String`
 --> crates/incin-core/src/compiled/plan.rs:4:5
  |
4 | use alloc::string::String;
  |     ^^^^^^^^^^^^^^^^^^^^^

warning: unused import: `SymbolEnvironment`
  --> crates/incin-core/src/compiled/plan.rs:12:57
   |
12 |     DimExpr, LayoutClass, OperationIdentity, ShapeExpr, SymbolEnvironment, SymbolTable,
   |                                                         ^^^^^^^^^^^^^^^^^

warning: function `export_captured_to_onnx` is never used
   --> crates/incin-core/src/onnx_exporter.rs:116:8
    |
116 | pub fn export_captured_to_onnx(graph: &CapturedGraph, path: &Path) -> anyhow::Result<()> {
    |        ^^^^^^^^^^^^^^^^^^^^^^^
    |
    = note: `#[warn(dead_code)]` (part of `#[warn(unused)]`) on by default

warning: `incin-core` (lib) generated 5 warnings (run `cargo fix --lib -p incin-core` to apply 4 suggestions)
warning: `incin-core` (lib test) generated 5 warnings (5 duplicates)
    Finished `dev` profile [unoptimized] target(s) in 0.15s

info: running `cargo check --all-targets --no-default-features --features cuda,test-utils,wgpu` on incin-core (292/384)
    Finished `dev` profile [unoptimized] target(s) in 0.14s

info: running `cargo check --all-targets --no-default-features --features compiled,cuda,test-utils,wgpu` on incin-core (293/384)
warning: unused import: `alloc::vec`
 --> crates/incin-core/src/compiled/artifact.rs:5:5
  |
5 | use alloc::vec;
  |     ^^^^^^^^^^
  |
  = note: `#[warn(unused_imports)]` (part of `#[warn(unused)]`) on by default

warning: unused import: `CapturedNode`
 --> crates/incin-core/src/compiled/fusion.rs:5:47
  |
5 | use crate::compiled::capture::{CapturedGraph, CapturedNode};
  |                                               ^^^^^^^^^^^^

warning: unused import: `alloc::string::String`
 --> crates/incin-core/src/compiled/plan.rs:4:5
  |
4 | use alloc::string::String;
  |     ^^^^^^^^^^^^^^^^^^^^^

warning: unused import: `SymbolEnvironment`
  --> crates/incin-core/src/compiled/plan.rs:12:57
   |
12 |     DimExpr, LayoutClass, OperationIdentity, ShapeExpr, SymbolEnvironment, SymbolTable,
   |                                                         ^^^^^^^^^^^^^^^^^

warning: function `export_captured_to_onnx` is never used
   --> crates/incin-core/src/onnx_exporter.rs:116:8
    |
116 | pub fn export_captured_to_onnx(graph: &CapturedGraph, path: &Path) -> anyhow::Result<()> {
    |        ^^^^^^^^^^^^^^^^^^^^^^^
    |
    = note: `#[warn(dead_code)]` (part of `#[warn(unused)]`) on by default

warning: `incin-core` (lib) generated 5 warnings (run `cargo fix --lib -p incin-core` to apply 4 suggestions)
warning: `incin-core` (lib test) generated 5 warnings (5 duplicates)
    Finished `dev` profile [unoptimized] target(s) in 0.15s

info: running `cargo check --all-targets --no-default-features --features default,test-utils,wgpu` on incin-core (294/384)
    Finished `dev` profile [unoptimized] target(s) in 0.15s

info: running `cargo check --all-targets --no-default-features --features compiled,default,test-utils,wgpu` on incin-core (295/384)
warning: unused import: `alloc::vec`
 --> crates/incin-core/src/compiled/artifact.rs:5:5
  |
5 | use alloc::vec;
  |     ^^^^^^^^^^
  |
  = note: `#[warn(unused_imports)]` (part of `#[warn(unused)]`) on by default

warning: unused import: `CapturedNode`
 --> crates/incin-core/src/compiled/fusion.rs:5:47
  |
5 | use crate::compiled::capture::{CapturedGraph, CapturedNode};
  |                                               ^^^^^^^^^^^^

warning: unused import: `alloc::string::String`
 --> crates/incin-core/src/compiled/plan.rs:4:5
  |
4 | use alloc::string::String;
  |     ^^^^^^^^^^^^^^^^^^^^^

warning: unused import: `SymbolEnvironment`
  --> crates/incin-core/src/compiled/plan.rs:12:57
   |
12 |     DimExpr, LayoutClass, OperationIdentity, ShapeExpr, SymbolEnvironment, SymbolTable,
   |                                                         ^^^^^^^^^^^^^^^^^

warning: function `export_captured_to_onnx` is never used
   --> crates/incin-core/src/onnx_exporter.rs:116:8
    |
116 | pub fn export_captured_to_onnx(graph: &CapturedGraph, path: &Path) -> anyhow::Result<()> {
    |        ^^^^^^^^^^^^^^^^^^^^^^^
    |
    = note: `#[warn(dead_code)]` (part of `#[warn(unused)]`) on by default

warning: `incin-core` (lib) generated 5 warnings (run `cargo fix --lib -p incin-core` to apply 4 suggestions)
warning: `incin-core` (lib test) generated 5 warnings (5 duplicates)
    Finished `dev` profile [unoptimized] target(s) in 0.14s

info: running `cargo check --all-targets --no-default-features --features cuda,default,test-utils,wgpu` on incin-core (296/384)
    Finished `dev` profile [unoptimized] target(s) in 0.15s

info: running `cargo check --all-targets --no-default-features --features compiled,cuda,default,test-utils,wgpu` on incin-core (297/384)
warning: unused import: `alloc::vec`
 --> crates/incin-core/src/compiled/artifact.rs:5:5
  |
5 | use alloc::vec;
  |     ^^^^^^^^^^
  |
  = note: `#[warn(unused_imports)]` (part of `#[warn(unused)]`) on by default

warning: unused import: `CapturedNode`
 --> crates/incin-core/src/compiled/fusion.rs:5:47
  |
5 | use crate::compiled::capture::{CapturedGraph, CapturedNode};
  |                                               ^^^^^^^^^^^^

warning: unused import: `alloc::string::String`
 --> crates/incin-core/src/compiled/plan.rs:4:5
  |
4 | use alloc::string::String;
  |     ^^^^^^^^^^^^^^^^^^^^^

warning: unused import: `SymbolEnvironment`
  --> crates/incin-core/src/compiled/plan.rs:12:57
   |
12 |     DimExpr, LayoutClass, OperationIdentity, ShapeExpr, SymbolEnvironment, SymbolTable,
   |                                                         ^^^^^^^^^^^^^^^^^

warning: function `export_captured_to_onnx` is never used
   --> crates/incin-core/src/onnx_exporter.rs:116:8
    |
116 | pub fn export_captured_to_onnx(graph: &CapturedGraph, path: &Path) -> anyhow::Result<()> {
    |        ^^^^^^^^^^^^^^^^^^^^^^^
    |
    = note: `#[warn(dead_code)]` (part of `#[warn(unused)]`) on by default

warning: `incin-core` (lib) generated 5 warnings (run `cargo fix --lib -p incin-core` to apply 4 suggestions)
warning: `incin-core` (lib test) generated 5 warnings (5 duplicates)
    Finished `dev` profile [unoptimized] target(s) in 0.14s

info: running `cargo check --all-targets --no-default-features --features distributed,test-utils,wgpu` on incin-core (298/384)
    Finished `dev` profile [unoptimized] target(s) in 0.20s

info: running `cargo check --all-targets --no-default-features --features compiled,distributed,test-utils,wgpu` on incin-core (299/384)
warning: unused import: `alloc::vec`
 --> crates/incin-core/src/compiled/artifact.rs:5:5
  |
5 | use alloc::vec;
  |     ^^^^^^^^^^
  |
  = note: `#[warn(unused_imports)]` (part of `#[warn(unused)]`) on by default

warning: unused import: `CapturedNode`
 --> crates/incin-core/src/compiled/fusion.rs:5:47
  |
5 | use crate::compiled::capture::{CapturedGraph, CapturedNode};
  |                                               ^^^^^^^^^^^^

warning: unused import: `alloc::string::String`
 --> crates/incin-core/src/compiled/plan.rs:4:5
  |
4 | use alloc::string::String;
  |     ^^^^^^^^^^^^^^^^^^^^^

warning: unused import: `SymbolEnvironment`
  --> crates/incin-core/src/compiled/plan.rs:12:57
   |
12 |     DimExpr, LayoutClass, OperationIdentity, ShapeExpr, SymbolEnvironment, SymbolTable,
   |                                                         ^^^^^^^^^^^^^^^^^

warning: function `export_captured_to_onnx` is never used
   --> crates/incin-core/src/onnx_exporter.rs:116:8
    |
116 | pub fn export_captured_to_onnx(graph: &CapturedGraph, path: &Path) -> anyhow::Result<()> {
    |        ^^^^^^^^^^^^^^^^^^^^^^^
    |
    = note: `#[warn(dead_code)]` (part of `#[warn(unused)]`) on by default

warning: `incin-core` (lib) generated 5 warnings (run `cargo fix --lib -p incin-core` to apply 4 suggestions)
warning: `incin-core` (lib test) generated 5 warnings (5 duplicates)
    Finished `dev` profile [unoptimized] target(s) in 0.18s

info: running `cargo check --all-targets --no-default-features --features cuda,distributed,test-utils,wgpu` on incin-core (300/384)
    Finished `dev` profile [unoptimized] target(s) in 0.14s

info: running `cargo check --all-targets --no-default-features --features compiled,cuda,distributed,test-utils,wgpu` on incin-core (301/384)
warning: unused import: `alloc::vec`
 --> crates/incin-core/src/compiled/artifact.rs:5:5
  |
5 | use alloc::vec;
  |     ^^^^^^^^^^
  |
  = note: `#[warn(unused_imports)]` (part of `#[warn(unused)]`) on by default

warning: unused import: `CapturedNode`
 --> crates/incin-core/src/compiled/fusion.rs:5:47
  |
5 | use crate::compiled::capture::{CapturedGraph, CapturedNode};
  |                                               ^^^^^^^^^^^^

warning: unused import: `alloc::string::String`
 --> crates/incin-core/src/compiled/plan.rs:4:5
  |
4 | use alloc::string::String;
  |     ^^^^^^^^^^^^^^^^^^^^^

warning: unused import: `SymbolEnvironment`
  --> crates/incin-core/src/compiled/plan.rs:12:57
   |
12 |     DimExpr, LayoutClass, OperationIdentity, ShapeExpr, SymbolEnvironment, SymbolTable,
   |                                                         ^^^^^^^^^^^^^^^^^

warning: function `export_captured_to_onnx` is never used
   --> crates/incin-core/src/onnx_exporter.rs:116:8
    |
116 | pub fn export_captured_to_onnx(graph: &CapturedGraph, path: &Path) -> anyhow::Result<()> {
    |        ^^^^^^^^^^^^^^^^^^^^^^^
    |
    = note: `#[warn(dead_code)]` (part of `#[warn(unused)]`) on by default

warning: `incin-core` (lib) generated 5 warnings (run `cargo fix --lib -p incin-core` to apply 4 suggestions)
warning: `incin-core` (lib test) generated 5 warnings (5 duplicates)
    Finished `dev` profile [unoptimized] target(s) in 0.14s

info: running `cargo check --all-targets --no-default-features --features default,distributed,test-utils,wgpu` on incin-core (302/384)
    Finished `dev` profile [unoptimized] target(s) in 0.14s

info: running `cargo check --all-targets --no-default-features --features compiled,default,distributed,test-utils,wgpu` on incin-core (303/384)
warning: unused import: `alloc::vec`
 --> crates/incin-core/src/compiled/artifact.rs:5:5
  |
5 | use alloc::vec;
  |     ^^^^^^^^^^
  |
  = note: `#[warn(unused_imports)]` (part of `#[warn(unused)]`) on by default

warning: unused import: `CapturedNode`
 --> crates/incin-core/src/compiled/fusion.rs:5:47
  |
5 | use crate::compiled::capture::{CapturedGraph, CapturedNode};
  |                                               ^^^^^^^^^^^^

warning: unused import: `alloc::string::String`
 --> crates/incin-core/src/compiled/plan.rs:4:5
  |
4 | use alloc::string::String;
  |     ^^^^^^^^^^^^^^^^^^^^^

warning: unused import: `SymbolEnvironment`
  --> crates/incin-core/src/compiled/plan.rs:12:57
   |
12 |     DimExpr, LayoutClass, OperationIdentity, ShapeExpr, SymbolEnvironment, SymbolTable,
   |                                                         ^^^^^^^^^^^^^^^^^

warning: function `export_captured_to_onnx` is never used
   --> crates/incin-core/src/onnx_exporter.rs:116:8
    |
116 | pub fn export_captured_to_onnx(graph: &CapturedGraph, path: &Path) -> anyhow::Result<()> {
    |        ^^^^^^^^^^^^^^^^^^^^^^^
    |
    = note: `#[warn(dead_code)]` (part of `#[warn(unused)]`) on by default

warning: `incin-core` (lib) generated 5 warnings (run `cargo fix --lib -p incin-core` to apply 4 suggestions)
warning: `incin-core` (lib test) generated 5 warnings (5 duplicates)
    Finished `dev` profile [unoptimized] target(s) in 0.15s

info: running `cargo check --all-targets --no-default-features --features cuda,default,distributed,test-utils,wgpu` on incin-core (304/384)
    Finished `dev` profile [unoptimized] target(s) in 0.15s

info: running `cargo check --all-targets --no-default-features --features compiled,cuda,default,distributed,test-utils,wgpu` on incin-core (305/384)
warning: unused import: `alloc::vec`
 --> crates/incin-core/src/compiled/artifact.rs:5:5
  |
5 | use alloc::vec;
  |     ^^^^^^^^^^
  |
  = note: `#[warn(unused_imports)]` (part of `#[warn(unused)]`) on by default

warning: unused import: `CapturedNode`
 --> crates/incin-core/src/compiled/fusion.rs:5:47
  |
5 | use crate::compiled::capture::{CapturedGraph, CapturedNode};
  |                                               ^^^^^^^^^^^^

warning: unused import: `alloc::string::String`
 --> crates/incin-core/src/compiled/plan.rs:4:5
  |
4 | use alloc::string::String;
  |     ^^^^^^^^^^^^^^^^^^^^^

warning: unused import: `SymbolEnvironment`
  --> crates/incin-core/src/compiled/plan.rs:12:57
   |
12 |     DimExpr, LayoutClass, OperationIdentity, ShapeExpr, SymbolEnvironment, SymbolTable,
   |                                                         ^^^^^^^^^^^^^^^^^

warning: function `export_captured_to_onnx` is never used
   --> crates/incin-core/src/onnx_exporter.rs:116:8
    |
116 | pub fn export_captured_to_onnx(graph: &CapturedGraph, path: &Path) -> anyhow::Result<()> {
    |        ^^^^^^^^^^^^^^^^^^^^^^^
    |
    = note: `#[warn(dead_code)]` (part of `#[warn(unused)]`) on by default

warning: `incin-core` (lib) generated 5 warnings (run `cargo fix --lib -p incin-core` to apply 4 suggestions)
warning: `incin-core` (lib test) generated 5 warnings (5 duplicates)
    Finished `dev` profile [unoptimized] target(s) in 0.15s

info: running `cargo check --all-targets --no-default-features --features metal,test-utils,wgpu` on incin-core (306/384)
    Finished `dev` profile [unoptimized] target(s) in 0.15s

info: running `cargo check --all-targets --no-default-features --features compiled,metal,test-utils,wgpu` on incin-core (307/384)
warning: unused import: `alloc::vec`
 --> crates/incin-core/src/compiled/artifact.rs:5:5
  |
5 | use alloc::vec;
  |     ^^^^^^^^^^
  |
  = note: `#[warn(unused_imports)]` (part of `#[warn(unused)]`) on by default

warning: unused import: `CapturedNode`
 --> crates/incin-core/src/compiled/fusion.rs:5:47
  |
5 | use crate::compiled::capture::{CapturedGraph, CapturedNode};
  |                                               ^^^^^^^^^^^^

warning: unused import: `alloc::string::String`
 --> crates/incin-core/src/compiled/plan.rs:4:5
  |
4 | use alloc::string::String;
  |     ^^^^^^^^^^^^^^^^^^^^^

warning: unused import: `SymbolEnvironment`
  --> crates/incin-core/src/compiled/plan.rs:12:57
   |
12 |     DimExpr, LayoutClass, OperationIdentity, ShapeExpr, SymbolEnvironment, SymbolTable,
   |                                                         ^^^^^^^^^^^^^^^^^

warning: function `export_captured_to_onnx` is never used
   --> crates/incin-core/src/onnx_exporter.rs:116:8
    |
116 | pub fn export_captured_to_onnx(graph: &CapturedGraph, path: &Path) -> anyhow::Result<()> {
    |        ^^^^^^^^^^^^^^^^^^^^^^^
    |
    = note: `#[warn(dead_code)]` (part of `#[warn(unused)]`) on by default

warning: `incin-core` (lib) generated 5 warnings (run `cargo fix --lib -p incin-core` to apply 4 suggestions)
warning: `incin-core` (lib test) generated 5 warnings (5 duplicates)
    Finished `dev` profile [unoptimized] target(s) in 0.15s

info: running `cargo check --all-targets --no-default-features --features cuda,metal,test-utils,wgpu` on incin-core (308/384)
    Finished `dev` profile [unoptimized] target(s) in 0.15s

info: running `cargo check --all-targets --no-default-features --features compiled,cuda,metal,test-utils,wgpu` on incin-core (309/384)
warning: unused import: `alloc::vec`
 --> crates/incin-core/src/compiled/artifact.rs:5:5
  |
5 | use alloc::vec;
  |     ^^^^^^^^^^
  |
  = note: `#[warn(unused_imports)]` (part of `#[warn(unused)]`) on by default

warning: unused import: `CapturedNode`
 --> crates/incin-core/src/compiled/fusion.rs:5:47
  |
5 | use crate::compiled::capture::{CapturedGraph, CapturedNode};
  |                                               ^^^^^^^^^^^^

warning: unused import: `alloc::string::String`
 --> crates/incin-core/src/compiled/plan.rs:4:5
  |
4 | use alloc::string::String;
  |     ^^^^^^^^^^^^^^^^^^^^^

warning: unused import: `SymbolEnvironment`
  --> crates/incin-core/src/compiled/plan.rs:12:57
   |
12 |     DimExpr, LayoutClass, OperationIdentity, ShapeExpr, SymbolEnvironment, SymbolTable,
   |                                                         ^^^^^^^^^^^^^^^^^

warning: function `export_captured_to_onnx` is never used
   --> crates/incin-core/src/onnx_exporter.rs:116:8
    |
116 | pub fn export_captured_to_onnx(graph: &CapturedGraph, path: &Path) -> anyhow::Result<()> {
    |        ^^^^^^^^^^^^^^^^^^^^^^^
    |
    = note: `#[warn(dead_code)]` (part of `#[warn(unused)]`) on by default

warning: `incin-core` (lib) generated 5 warnings (run `cargo fix --lib -p incin-core` to apply 4 suggestions)
warning: `incin-core` (lib test) generated 5 warnings (5 duplicates)
    Finished `dev` profile [unoptimized] target(s) in 0.15s

info: running `cargo check --all-targets --no-default-features --features default,metal,test-utils,wgpu` on incin-core (310/384)
    Finished `dev` profile [unoptimized] target(s) in 0.15s

info: running `cargo check --all-targets --no-default-features --features compiled,default,metal,test-utils,wgpu` on incin-core (311/384)
warning: unused import: `alloc::vec`
 --> crates/incin-core/src/compiled/artifact.rs:5:5
  |
5 | use alloc::vec;
  |     ^^^^^^^^^^
  |
  = note: `#[warn(unused_imports)]` (part of `#[warn(unused)]`) on by default

warning: unused import: `CapturedNode`
 --> crates/incin-core/src/compiled/fusion.rs:5:47
  |
5 | use crate::compiled::capture::{CapturedGraph, CapturedNode};
  |                                               ^^^^^^^^^^^^

warning: unused import: `alloc::string::String`
 --> crates/incin-core/src/compiled/plan.rs:4:5
  |
4 | use alloc::string::String;
  |     ^^^^^^^^^^^^^^^^^^^^^

warning: unused import: `SymbolEnvironment`
  --> crates/incin-core/src/compiled/plan.rs:12:57
   |
12 |     DimExpr, LayoutClass, OperationIdentity, ShapeExpr, SymbolEnvironment, SymbolTable,
   |                                                         ^^^^^^^^^^^^^^^^^

warning: function `export_captured_to_onnx` is never used
   --> crates/incin-core/src/onnx_exporter.rs:116:8
    |
116 | pub fn export_captured_to_onnx(graph: &CapturedGraph, path: &Path) -> anyhow::Result<()> {
    |        ^^^^^^^^^^^^^^^^^^^^^^^
    |
    = note: `#[warn(dead_code)]` (part of `#[warn(unused)]`) on by default

warning: `incin-core` (lib) generated 5 warnings (run `cargo fix --lib -p incin-core` to apply 4 suggestions)
warning: `incin-core` (lib test) generated 5 warnings (5 duplicates)
    Finished `dev` profile [unoptimized] target(s) in 0.15s

info: running `cargo check --all-targets --no-default-features --features cuda,default,metal,test-utils,wgpu` on incin-core (312/384)
    Finished `dev` profile [unoptimized] target(s) in 0.14s

info: running `cargo check --all-targets --no-default-features --features compiled,cuda,default,metal,test-utils,wgpu` on incin-core (313/384)
warning: unused import: `alloc::vec`
 --> crates/incin-core/src/compiled/artifact.rs:5:5
  |
5 | use alloc::vec;
  |     ^^^^^^^^^^
  |
  = note: `#[warn(unused_imports)]` (part of `#[warn(unused)]`) on by default

warning: unused import: `CapturedNode`
 --> crates/incin-core/src/compiled/fusion.rs:5:47
  |
5 | use crate::compiled::capture::{CapturedGraph, CapturedNode};
  |                                               ^^^^^^^^^^^^

warning: unused import: `alloc::string::String`
 --> crates/incin-core/src/compiled/plan.rs:4:5
  |
4 | use alloc::string::String;
  |     ^^^^^^^^^^^^^^^^^^^^^

warning: unused import: `SymbolEnvironment`
  --> crates/incin-core/src/compiled/plan.rs:12:57
   |
12 |     DimExpr, LayoutClass, OperationIdentity, ShapeExpr, SymbolEnvironment, SymbolTable,
   |                                                         ^^^^^^^^^^^^^^^^^

warning: function `export_captured_to_onnx` is never used
   --> crates/incin-core/src/onnx_exporter.rs:116:8
    |
116 | pub fn export_captured_to_onnx(graph: &CapturedGraph, path: &Path) -> anyhow::Result<()> {
    |        ^^^^^^^^^^^^^^^^^^^^^^^
    |
    = note: `#[warn(dead_code)]` (part of `#[warn(unused)]`) on by default

warning: `incin-core` (lib) generated 5 warnings (run `cargo fix --lib -p incin-core` to apply 4 suggestions)
warning: `incin-core` (lib test) generated 5 warnings (5 duplicates)
    Finished `dev` profile [unoptimized] target(s) in 0.15s

info: running `cargo check --all-targets --no-default-features --features distributed,metal,test-utils,wgpu` on incin-core (314/384)
    Finished `dev` profile [unoptimized] target(s) in 0.15s

info: running `cargo check --all-targets --no-default-features --features compiled,distributed,metal,test-utils,wgpu` on incin-core (315/384)
warning: unused import: `alloc::vec`
 --> crates/incin-core/src/compiled/artifact.rs:5:5
  |
5 | use alloc::vec;
  |     ^^^^^^^^^^
  |
  = note: `#[warn(unused_imports)]` (part of `#[warn(unused)]`) on by default

warning: unused import: `CapturedNode`
 --> crates/incin-core/src/compiled/fusion.rs:5:47
  |
5 | use crate::compiled::capture::{CapturedGraph, CapturedNode};
  |                                               ^^^^^^^^^^^^

warning: unused import: `alloc::string::String`
 --> crates/incin-core/src/compiled/plan.rs:4:5
  |
4 | use alloc::string::String;
  |     ^^^^^^^^^^^^^^^^^^^^^

warning: unused import: `SymbolEnvironment`
  --> crates/incin-core/src/compiled/plan.rs:12:57
   |
12 |     DimExpr, LayoutClass, OperationIdentity, ShapeExpr, SymbolEnvironment, SymbolTable,
   |                                                         ^^^^^^^^^^^^^^^^^

warning: function `export_captured_to_onnx` is never used
   --> crates/incin-core/src/onnx_exporter.rs:116:8
    |
116 | pub fn export_captured_to_onnx(graph: &CapturedGraph, path: &Path) -> anyhow::Result<()> {
    |        ^^^^^^^^^^^^^^^^^^^^^^^
    |
    = note: `#[warn(dead_code)]` (part of `#[warn(unused)]`) on by default

warning: `incin-core` (lib) generated 5 warnings (run `cargo fix --lib -p incin-core` to apply 4 suggestions)
warning: `incin-core` (lib test) generated 5 warnings (5 duplicates)
    Finished `dev` profile [unoptimized] target(s) in 0.15s

info: running `cargo check --all-targets --no-default-features --features cuda,distributed,metal,test-utils,wgpu` on incin-core (316/384)
    Finished `dev` profile [unoptimized] target(s) in 0.15s

info: running `cargo check --all-targets --no-default-features --features compiled,cuda,distributed,metal,test-utils,wgpu` on incin-core (317/384)
warning: unused import: `alloc::vec`
 --> crates/incin-core/src/compiled/artifact.rs:5:5
  |
5 | use alloc::vec;
  |     ^^^^^^^^^^
  |
  = note: `#[warn(unused_imports)]` (part of `#[warn(unused)]`) on by default

warning: unused import: `CapturedNode`
 --> crates/incin-core/src/compiled/fusion.rs:5:47
  |
5 | use crate::compiled::capture::{CapturedGraph, CapturedNode};
  |                                               ^^^^^^^^^^^^

warning: unused import: `alloc::string::String`
 --> crates/incin-core/src/compiled/plan.rs:4:5
  |
4 | use alloc::string::String;
  |     ^^^^^^^^^^^^^^^^^^^^^

warning: unused import: `SymbolEnvironment`
  --> crates/incin-core/src/compiled/plan.rs:12:57
   |
12 |     DimExpr, LayoutClass, OperationIdentity, ShapeExpr, SymbolEnvironment, SymbolTable,
   |                                                         ^^^^^^^^^^^^^^^^^

warning: function `export_captured_to_onnx` is never used
   --> crates/incin-core/src/onnx_exporter.rs:116:8
    |
116 | pub fn export_captured_to_onnx(graph: &CapturedGraph, path: &Path) -> anyhow::Result<()> {
    |        ^^^^^^^^^^^^^^^^^^^^^^^
    |
    = note: `#[warn(dead_code)]` (part of `#[warn(unused)]`) on by default

warning: `incin-core` (lib) generated 5 warnings (run `cargo fix --lib -p incin-core` to apply 4 suggestions)
warning: `incin-core` (lib test) generated 5 warnings (5 duplicates)
    Finished `dev` profile [unoptimized] target(s) in 0.15s

info: running `cargo check --all-targets --no-default-features --features default,distributed,metal,test-utils,wgpu` on incin-core (318/384)
    Finished `dev` profile [unoptimized] target(s) in 0.15s

info: running `cargo check --all-targets --no-default-features --features compiled,default,distributed,metal,test-utils,wgpu` on incin-core (319/384)
warning: unused import: `alloc::vec`
 --> crates/incin-core/src/compiled/artifact.rs:5:5
  |
5 | use alloc::vec;
  |     ^^^^^^^^^^
  |
  = note: `#[warn(unused_imports)]` (part of `#[warn(unused)]`) on by default

warning: unused import: `CapturedNode`
 --> crates/incin-core/src/compiled/fusion.rs:5:47
  |
5 | use crate::compiled::capture::{CapturedGraph, CapturedNode};
  |                                               ^^^^^^^^^^^^

warning: unused import: `alloc::string::String`
 --> crates/incin-core/src/compiled/plan.rs:4:5
  |
4 | use alloc::string::String;
  |     ^^^^^^^^^^^^^^^^^^^^^

warning: unused import: `SymbolEnvironment`
  --> crates/incin-core/src/compiled/plan.rs:12:57
   |
12 |     DimExpr, LayoutClass, OperationIdentity, ShapeExpr, SymbolEnvironment, SymbolTable,
   |                                                         ^^^^^^^^^^^^^^^^^

warning: function `export_captured_to_onnx` is never used
   --> crates/incin-core/src/onnx_exporter.rs:116:8
    |
116 | pub fn export_captured_to_onnx(graph: &CapturedGraph, path: &Path) -> anyhow::Result<()> {
    |        ^^^^^^^^^^^^^^^^^^^^^^^
    |
    = note: `#[warn(dead_code)]` (part of `#[warn(unused)]`) on by default

warning: `incin-core` (lib) generated 5 warnings (run `cargo fix --lib -p incin-core` to apply 4 suggestions)
warning: `incin-core` (lib test) generated 5 warnings (5 duplicates)
    Finished `dev` profile [unoptimized] target(s) in 0.15s

info: running `cargo check --all-targets --no-default-features --features cuda,default,distributed,metal,test-utils,wgpu` on incin-core (320/384)
    Finished `dev` profile [unoptimized] target(s) in 0.15s

info: running `cargo check --all-targets --no-default-features --features compiled,cuda,default,distributed,metal,test-utils,wgpu` on incin-core (321/384)
warning: unused import: `alloc::vec`
 --> crates/incin-core/src/compiled/artifact.rs:5:5
  |
5 | use alloc::vec;
  |     ^^^^^^^^^^
  |
  = note: `#[warn(unused_imports)]` (part of `#[warn(unused)]`) on by default

warning: unused import: `CapturedNode`
 --> crates/incin-core/src/compiled/fusion.rs:5:47
  |
5 | use crate::compiled::capture::{CapturedGraph, CapturedNode};
  |                                               ^^^^^^^^^^^^

warning: unused import: `alloc::string::String`
 --> crates/incin-core/src/compiled/plan.rs:4:5
  |
4 | use alloc::string::String;
  |     ^^^^^^^^^^^^^^^^^^^^^

warning: unused import: `SymbolEnvironment`
  --> crates/incin-core/src/compiled/plan.rs:12:57
   |
12 |     DimExpr, LayoutClass, OperationIdentity, ShapeExpr, SymbolEnvironment, SymbolTable,
   |                                                         ^^^^^^^^^^^^^^^^^

warning: function `export_captured_to_onnx` is never used
   --> crates/incin-core/src/onnx_exporter.rs:116:8
    |
116 | pub fn export_captured_to_onnx(graph: &CapturedGraph, path: &Path) -> anyhow::Result<()> {
    |        ^^^^^^^^^^^^^^^^^^^^^^^
    |
    = note: `#[warn(dead_code)]` (part of `#[warn(unused)]`) on by default

warning: `incin-core` (lib) generated 5 warnings (run `cargo fix --lib -p incin-core` to apply 4 suggestions)
warning: `incin-core` (lib test) generated 5 warnings (5 duplicates)
    Finished `dev` profile [unoptimized] target(s) in 0.15s

info: running `cargo check --all-targets --no-default-features --features paranoid-validation,test-utils,wgpu` on incin-core (322/384)
    Finished `dev` profile [unoptimized] target(s) in 0.15s

info: running `cargo check --all-targets --no-default-features --features compiled,paranoid-validation,test-utils,wgpu` on incin-core (323/384)
warning: unused import: `alloc::vec`
 --> crates/incin-core/src/compiled/artifact.rs:5:5
  |
5 | use alloc::vec;
  |     ^^^^^^^^^^
  |
  = note: `#[warn(unused_imports)]` (part of `#[warn(unused)]`) on by default

warning: unused import: `CapturedNode`
 --> crates/incin-core/src/compiled/fusion.rs:5:47
  |
5 | use crate::compiled::capture::{CapturedGraph, CapturedNode};
  |                                               ^^^^^^^^^^^^

warning: unused import: `alloc::string::String`
 --> crates/incin-core/src/compiled/plan.rs:4:5
  |
4 | use alloc::string::String;
  |     ^^^^^^^^^^^^^^^^^^^^^

warning: unused import: `SymbolEnvironment`
  --> crates/incin-core/src/compiled/plan.rs:12:57
   |
12 |     DimExpr, LayoutClass, OperationIdentity, ShapeExpr, SymbolEnvironment, SymbolTable,
   |                                                         ^^^^^^^^^^^^^^^^^

warning: function `export_captured_to_onnx` is never used
   --> crates/incin-core/src/onnx_exporter.rs:116:8
    |
116 | pub fn export_captured_to_onnx(graph: &CapturedGraph, path: &Path) -> anyhow::Result<()> {
    |        ^^^^^^^^^^^^^^^^^^^^^^^
    |
    = note: `#[warn(dead_code)]` (part of `#[warn(unused)]`) on by default

warning: `incin-core` (lib) generated 5 warnings (run `cargo fix --lib -p incin-core` to apply 4 suggestions)
warning: `incin-core` (lib test) generated 5 warnings (5 duplicates)
    Finished `dev` profile [unoptimized] target(s) in 0.15s

info: running `cargo check --all-targets --no-default-features --features cuda,paranoid-validation,test-utils,wgpu` on incin-core (324/384)
    Finished `dev` profile [unoptimized] target(s) in 0.14s

info: running `cargo check --all-targets --no-default-features --features compiled,cuda,paranoid-validation,test-utils,wgpu` on incin-core (325/384)
warning: unused import: `alloc::vec`
 --> crates/incin-core/src/compiled/artifact.rs:5:5
  |
5 | use alloc::vec;
  |     ^^^^^^^^^^
  |
  = note: `#[warn(unused_imports)]` (part of `#[warn(unused)]`) on by default

warning: unused import: `CapturedNode`
 --> crates/incin-core/src/compiled/fusion.rs:5:47
  |
5 | use crate::compiled::capture::{CapturedGraph, CapturedNode};
  |                                               ^^^^^^^^^^^^

warning: unused import: `alloc::string::String`
 --> crates/incin-core/src/compiled/plan.rs:4:5
  |
4 | use alloc::string::String;
  |     ^^^^^^^^^^^^^^^^^^^^^

warning: unused import: `SymbolEnvironment`
  --> crates/incin-core/src/compiled/plan.rs:12:57
   |
12 |     DimExpr, LayoutClass, OperationIdentity, ShapeExpr, SymbolEnvironment, SymbolTable,
   |                                                         ^^^^^^^^^^^^^^^^^

warning: function `export_captured_to_onnx` is never used
   --> crates/incin-core/src/onnx_exporter.rs:116:8
    |
116 | pub fn export_captured_to_onnx(graph: &CapturedGraph, path: &Path) -> anyhow::Result<()> {
    |        ^^^^^^^^^^^^^^^^^^^^^^^
    |
    = note: `#[warn(dead_code)]` (part of `#[warn(unused)]`) on by default

warning: `incin-core` (lib) generated 5 warnings (run `cargo fix --lib -p incin-core` to apply 4 suggestions)
warning: `incin-core` (lib test) generated 5 warnings (5 duplicates)
    Finished `dev` profile [unoptimized] target(s) in 0.15s

info: running `cargo check --all-targets --no-default-features --features default,paranoid-validation,test-utils,wgpu` on incin-core (326/384)
    Finished `dev` profile [unoptimized] target(s) in 0.14s

info: running `cargo check --all-targets --no-default-features --features compiled,default,paranoid-validation,test-utils,wgpu` on incin-core (327/384)
warning: unused import: `alloc::vec`
 --> crates/incin-core/src/compiled/artifact.rs:5:5
  |
5 | use alloc::vec;
  |     ^^^^^^^^^^
  |
  = note: `#[warn(unused_imports)]` (part of `#[warn(unused)]`) on by default

warning: unused import: `CapturedNode`
 --> crates/incin-core/src/compiled/fusion.rs:5:47
  |
5 | use crate::compiled::capture::{CapturedGraph, CapturedNode};
  |                                               ^^^^^^^^^^^^

warning: unused import: `alloc::string::String`
 --> crates/incin-core/src/compiled/plan.rs:4:5
  |
4 | use alloc::string::String;
  |     ^^^^^^^^^^^^^^^^^^^^^

warning: unused import: `SymbolEnvironment`
  --> crates/incin-core/src/compiled/plan.rs:12:57
   |
12 |     DimExpr, LayoutClass, OperationIdentity, ShapeExpr, SymbolEnvironment, SymbolTable,
   |                                                         ^^^^^^^^^^^^^^^^^

warning: function `export_captured_to_onnx` is never used
   --> crates/incin-core/src/onnx_exporter.rs:116:8
    |
116 | pub fn export_captured_to_onnx(graph: &CapturedGraph, path: &Path) -> anyhow::Result<()> {
    |        ^^^^^^^^^^^^^^^^^^^^^^^
    |
    = note: `#[warn(dead_code)]` (part of `#[warn(unused)]`) on by default

warning: `incin-core` (lib) generated 5 warnings (run `cargo fix --lib -p incin-core` to apply 4 suggestions)
warning: `incin-core` (lib test) generated 5 warnings (5 duplicates)
    Finished `dev` profile [unoptimized] target(s) in 0.15s

info: running `cargo check --all-targets --no-default-features --features cuda,default,paranoid-validation,test-utils,wgpu` on incin-core (328/384)
    Finished `dev` profile [unoptimized] target(s) in 0.14s

info: running `cargo check --all-targets --no-default-features --features compiled,cuda,default,paranoid-validation,test-utils,wgpu` on incin-core (329/384)
warning: unused import: `alloc::vec`
 --> crates/incin-core/src/compiled/artifact.rs:5:5
  |
5 | use alloc::vec;
  |     ^^^^^^^^^^
  |
  = note: `#[warn(unused_imports)]` (part of `#[warn(unused)]`) on by default

warning: unused import: `CapturedNode`
 --> crates/incin-core/src/compiled/fusion.rs:5:47
  |
5 | use crate::compiled::capture::{CapturedGraph, CapturedNode};
  |                                               ^^^^^^^^^^^^

warning: unused import: `alloc::string::String`
 --> crates/incin-core/src/compiled/plan.rs:4:5
  |
4 | use alloc::string::String;
  |     ^^^^^^^^^^^^^^^^^^^^^

warning: unused import: `SymbolEnvironment`
  --> crates/incin-core/src/compiled/plan.rs:12:57
   |
12 |     DimExpr, LayoutClass, OperationIdentity, ShapeExpr, SymbolEnvironment, SymbolTable,
   |                                                         ^^^^^^^^^^^^^^^^^

warning: function `export_captured_to_onnx` is never used
   --> crates/incin-core/src/onnx_exporter.rs:116:8
    |
116 | pub fn export_captured_to_onnx(graph: &CapturedGraph, path: &Path) -> anyhow::Result<()> {
    |        ^^^^^^^^^^^^^^^^^^^^^^^
    |
    = note: `#[warn(dead_code)]` (part of `#[warn(unused)]`) on by default

warning: `incin-core` (lib) generated 5 warnings (run `cargo fix --lib -p incin-core` to apply 4 suggestions)
warning: `incin-core` (lib test) generated 5 warnings (5 duplicates)
    Finished `dev` profile [unoptimized] target(s) in 0.15s

info: running `cargo check --all-targets --no-default-features --features distributed,paranoid-validation,test-utils,wgpu` on incin-core (330/384)
    Finished `dev` profile [unoptimized] target(s) in 0.14s

info: running `cargo check --all-targets --no-default-features --features compiled,distributed,paranoid-validation,test-utils,wgpu` on incin-core (331/384)
warning: unused import: `alloc::vec`
 --> crates/incin-core/src/compiled/artifact.rs:5:5
  |
5 | use alloc::vec;
  |     ^^^^^^^^^^
  |
  = note: `#[warn(unused_imports)]` (part of `#[warn(unused)]`) on by default

warning: unused import: `CapturedNode`
 --> crates/incin-core/src/compiled/fusion.rs:5:47
  |
5 | use crate::compiled::capture::{CapturedGraph, CapturedNode};
  |                                               ^^^^^^^^^^^^

warning: unused import: `alloc::string::String`
 --> crates/incin-core/src/compiled/plan.rs:4:5
  |
4 | use alloc::string::String;
  |     ^^^^^^^^^^^^^^^^^^^^^

warning: unused import: `SymbolEnvironment`
  --> crates/incin-core/src/compiled/plan.rs:12:57
   |
12 |     DimExpr, LayoutClass, OperationIdentity, ShapeExpr, SymbolEnvironment, SymbolTable,
   |                                                         ^^^^^^^^^^^^^^^^^

warning: function `export_captured_to_onnx` is never used
   --> crates/incin-core/src/onnx_exporter.rs:116:8
    |
116 | pub fn export_captured_to_onnx(graph: &CapturedGraph, path: &Path) -> anyhow::Result<()> {
    |        ^^^^^^^^^^^^^^^^^^^^^^^
    |
    = note: `#[warn(dead_code)]` (part of `#[warn(unused)]`) on by default

warning: `incin-core` (lib) generated 5 warnings (run `cargo fix --lib -p incin-core` to apply 4 suggestions)
warning: `incin-core` (lib test) generated 5 warnings (5 duplicates)
    Finished `dev` profile [unoptimized] target(s) in 0.14s

info: running `cargo check --all-targets --no-default-features --features cuda,distributed,paranoid-validation,test-utils,wgpu` on incin-core (332/384)
    Finished `dev` profile [unoptimized] target(s) in 0.14s

info: running `cargo check --all-targets --no-default-features --features compiled,cuda,distributed,paranoid-validation,test-utils,wgpu` on incin-core (333/384)
warning: unused import: `alloc::vec`
 --> crates/incin-core/src/compiled/artifact.rs:5:5
  |
5 | use alloc::vec;
  |     ^^^^^^^^^^
  |
  = note: `#[warn(unused_imports)]` (part of `#[warn(unused)]`) on by default

warning: unused import: `CapturedNode`
 --> crates/incin-core/src/compiled/fusion.rs:5:47
  |
5 | use crate::compiled::capture::{CapturedGraph, CapturedNode};
  |                                               ^^^^^^^^^^^^

warning: unused import: `alloc::string::String`
 --> crates/incin-core/src/compiled/plan.rs:4:5
  |
4 | use alloc::string::String;
  |     ^^^^^^^^^^^^^^^^^^^^^

warning: unused import: `SymbolEnvironment`
  --> crates/incin-core/src/compiled/plan.rs:12:57
   |
12 |     DimExpr, LayoutClass, OperationIdentity, ShapeExpr, SymbolEnvironment, SymbolTable,
   |                                                         ^^^^^^^^^^^^^^^^^

warning: function `export_captured_to_onnx` is never used
   --> crates/incin-core/src/onnx_exporter.rs:116:8
    |
116 | pub fn export_captured_to_onnx(graph: &CapturedGraph, path: &Path) -> anyhow::Result<()> {
    |        ^^^^^^^^^^^^^^^^^^^^^^^
    |
    = note: `#[warn(dead_code)]` (part of `#[warn(unused)]`) on by default

warning: `incin-core` (lib) generated 5 warnings (run `cargo fix --lib -p incin-core` to apply 4 suggestions)
warning: `incin-core` (lib test) generated 5 warnings (5 duplicates)
    Finished `dev` profile [unoptimized] target(s) in 0.15s

info: running `cargo check --all-targets --no-default-features --features default,distributed,paranoid-validation,test-utils,wgpu` on incin-core (334/384)
    Finished `dev` profile [unoptimized] target(s) in 0.14s

info: running `cargo check --all-targets --no-default-features --features compiled,default,distributed,paranoid-validation,test-utils,wgpu` on incin-core (335/384)
warning: unused import: `alloc::vec`
 --> crates/incin-core/src/compiled/artifact.rs:5:5
  |
5 | use alloc::vec;
  |     ^^^^^^^^^^
  |
  = note: `#[warn(unused_imports)]` (part of `#[warn(unused)]`) on by default

warning: unused import: `CapturedNode`
 --> crates/incin-core/src/compiled/fusion.rs:5:47
  |
5 | use crate::compiled::capture::{CapturedGraph, CapturedNode};
  |                                               ^^^^^^^^^^^^

warning: unused import: `alloc::string::String`
 --> crates/incin-core/src/compiled/plan.rs:4:5
  |
4 | use alloc::string::String;
  |     ^^^^^^^^^^^^^^^^^^^^^

warning: unused import: `SymbolEnvironment`
  --> crates/incin-core/src/compiled/plan.rs:12:57
   |
12 |     DimExpr, LayoutClass, OperationIdentity, ShapeExpr, SymbolEnvironment, SymbolTable,
   |                                                         ^^^^^^^^^^^^^^^^^

warning: function `export_captured_to_onnx` is never used
   --> crates/incin-core/src/onnx_exporter.rs:116:8
    |
116 | pub fn export_captured_to_onnx(graph: &CapturedGraph, path: &Path) -> anyhow::Result<()> {
    |        ^^^^^^^^^^^^^^^^^^^^^^^
    |
    = note: `#[warn(dead_code)]` (part of `#[warn(unused)]`) on by default

warning: `incin-core` (lib) generated 5 warnings (run `cargo fix --lib -p incin-core` to apply 4 suggestions)
warning: `incin-core` (lib test) generated 5 warnings (5 duplicates)
    Finished `dev` profile [unoptimized] target(s) in 0.14s

info: running `cargo check --all-targets --no-default-features --features cuda,default,distributed,paranoid-validation,test-utils,wgpu` on incin-core (336/384)
    Finished `dev` profile [unoptimized] target(s) in 0.14s

info: running `cargo check --all-targets --no-default-features --features compiled,cuda,default,distributed,paranoid-validation,test-utils,wgpu` on incin-core (337/384)
warning: unused import: `alloc::vec`
 --> crates/incin-core/src/compiled/artifact.rs:5:5
  |
5 | use alloc::vec;
  |     ^^^^^^^^^^
  |
  = note: `#[warn(unused_imports)]` (part of `#[warn(unused)]`) on by default

warning: unused import: `CapturedNode`
 --> crates/incin-core/src/compiled/fusion.rs:5:47
  |
5 | use crate::compiled::capture::{CapturedGraph, CapturedNode};
  |                                               ^^^^^^^^^^^^

warning: unused import: `alloc::string::String`
 --> crates/incin-core/src/compiled/plan.rs:4:5
  |
4 | use alloc::string::String;
  |     ^^^^^^^^^^^^^^^^^^^^^

warning: unused import: `SymbolEnvironment`
  --> crates/incin-core/src/compiled/plan.rs:12:57
   |
12 |     DimExpr, LayoutClass, OperationIdentity, ShapeExpr, SymbolEnvironment, SymbolTable,
   |                                                         ^^^^^^^^^^^^^^^^^

warning: function `export_captured_to_onnx` is never used
   --> crates/incin-core/src/onnx_exporter.rs:116:8
    |
116 | pub fn export_captured_to_onnx(graph: &CapturedGraph, path: &Path) -> anyhow::Result<()> {
    |        ^^^^^^^^^^^^^^^^^^^^^^^
    |
    = note: `#[warn(dead_code)]` (part of `#[warn(unused)]`) on by default

warning: `incin-core` (lib) generated 5 warnings (run `cargo fix --lib -p incin-core` to apply 4 suggestions)
warning: `incin-core` (lib test) generated 5 warnings (5 duplicates)
    Finished `dev` profile [unoptimized] target(s) in 0.14s

info: running `cargo check --all-targets --no-default-features --features metal,paranoid-validation,test-utils,wgpu` on incin-core (338/384)
    Finished `dev` profile [unoptimized] target(s) in 0.15s

info: running `cargo check --all-targets --no-default-features --features compiled,metal,paranoid-validation,test-utils,wgpu` on incin-core (339/384)
warning: unused import: `alloc::vec`
 --> crates/incin-core/src/compiled/artifact.rs:5:5
  |
5 | use alloc::vec;
  |     ^^^^^^^^^^
  |
  = note: `#[warn(unused_imports)]` (part of `#[warn(unused)]`) on by default

warning: unused import: `CapturedNode`
 --> crates/incin-core/src/compiled/fusion.rs:5:47
  |
5 | use crate::compiled::capture::{CapturedGraph, CapturedNode};
  |                                               ^^^^^^^^^^^^

warning: unused import: `alloc::string::String`
 --> crates/incin-core/src/compiled/plan.rs:4:5
  |
4 | use alloc::string::String;
  |     ^^^^^^^^^^^^^^^^^^^^^

warning: unused import: `SymbolEnvironment`
  --> crates/incin-core/src/compiled/plan.rs:12:57
   |
12 |     DimExpr, LayoutClass, OperationIdentity, ShapeExpr, SymbolEnvironment, SymbolTable,
   |                                                         ^^^^^^^^^^^^^^^^^

warning: function `export_captured_to_onnx` is never used
   --> crates/incin-core/src/onnx_exporter.rs:116:8
    |
116 | pub fn export_captured_to_onnx(graph: &CapturedGraph, path: &Path) -> anyhow::Result<()> {
    |        ^^^^^^^^^^^^^^^^^^^^^^^
    |
    = note: `#[warn(dead_code)]` (part of `#[warn(unused)]`) on by default

warning: `incin-core` (lib) generated 5 warnings (run `cargo fix --lib -p incin-core` to apply 4 suggestions)
warning: `incin-core` (lib test) generated 5 warnings (5 duplicates)
    Finished `dev` profile [unoptimized] target(s) in 0.14s

info: running `cargo check --all-targets --no-default-features --features cuda,metal,paranoid-validation,test-utils,wgpu` on incin-core (340/384)
    Finished `dev` profile [unoptimized] target(s) in 0.14s

info: running `cargo check --all-targets --no-default-features --features compiled,cuda,metal,paranoid-validation,test-utils,wgpu` on incin-core (341/384)
warning: unused import: `alloc::vec`
 --> crates/incin-core/src/compiled/artifact.rs:5:5
  |
5 | use alloc::vec;
  |     ^^^^^^^^^^
  |
  = note: `#[warn(unused_imports)]` (part of `#[warn(unused)]`) on by default

warning: unused import: `CapturedNode`
 --> crates/incin-core/src/compiled/fusion.rs:5:47
  |
5 | use crate::compiled::capture::{CapturedGraph, CapturedNode};
  |                                               ^^^^^^^^^^^^

warning: unused import: `alloc::string::String`
 --> crates/incin-core/src/compiled/plan.rs:4:5
  |
4 | use alloc::string::String;
  |     ^^^^^^^^^^^^^^^^^^^^^

warning: unused import: `SymbolEnvironment`
  --> crates/incin-core/src/compiled/plan.rs:12:57
   |
12 |     DimExpr, LayoutClass, OperationIdentity, ShapeExpr, SymbolEnvironment, SymbolTable,
   |                                                         ^^^^^^^^^^^^^^^^^

warning: function `export_captured_to_onnx` is never used
   --> crates/incin-core/src/onnx_exporter.rs:116:8
    |
116 | pub fn export_captured_to_onnx(graph: &CapturedGraph, path: &Path) -> anyhow::Result<()> {
    |        ^^^^^^^^^^^^^^^^^^^^^^^
    |
    = note: `#[warn(dead_code)]` (part of `#[warn(unused)]`) on by default

warning: `incin-core` (lib) generated 5 warnings (run `cargo fix --lib -p incin-core` to apply 4 suggestions)
warning: `incin-core` (lib test) generated 5 warnings (5 duplicates)
    Finished `dev` profile [unoptimized] target(s) in 0.14s

info: running `cargo check --all-targets --no-default-features --features default,metal,paranoid-validation,test-utils,wgpu` on incin-core (342/384)
    Finished `dev` profile [unoptimized] target(s) in 0.14s

info: running `cargo check --all-targets --no-default-features --features compiled,default,metal,paranoid-validation,test-utils,wgpu` on incin-core (343/384)
warning: unused import: `alloc::vec`
 --> crates/incin-core/src/compiled/artifact.rs:5:5
  |
5 | use alloc::vec;
  |     ^^^^^^^^^^
  |
  = note: `#[warn(unused_imports)]` (part of `#[warn(unused)]`) on by default

warning: unused import: `CapturedNode`
 --> crates/incin-core/src/compiled/fusion.rs:5:47
  |
5 | use crate::compiled::capture::{CapturedGraph, CapturedNode};
  |                                               ^^^^^^^^^^^^

warning: unused import: `alloc::string::String`
 --> crates/incin-core/src/compiled/plan.rs:4:5
  |
4 | use alloc::string::String;
  |     ^^^^^^^^^^^^^^^^^^^^^

warning: unused import: `SymbolEnvironment`
  --> crates/incin-core/src/compiled/plan.rs:12:57
   |
12 |     DimExpr, LayoutClass, OperationIdentity, ShapeExpr, SymbolEnvironment, SymbolTable,
   |                                                         ^^^^^^^^^^^^^^^^^

warning: function `export_captured_to_onnx` is never used
   --> crates/incin-core/src/onnx_exporter.rs:116:8
    |
116 | pub fn export_captured_to_onnx(graph: &CapturedGraph, path: &Path) -> anyhow::Result<()> {
    |        ^^^^^^^^^^^^^^^^^^^^^^^
    |
    = note: `#[warn(dead_code)]` (part of `#[warn(unused)]`) on by default

warning: `incin-core` (lib) generated 5 warnings (run `cargo fix --lib -p incin-core` to apply 4 suggestions)
warning: `incin-core` (lib test) generated 5 warnings (5 duplicates)
    Finished `dev` profile [unoptimized] target(s) in 0.15s

info: running `cargo check --all-targets --no-default-features --features cuda,default,metal,paranoid-validation,test-utils,wgpu` on incin-core (344/384)
    Finished `dev` profile [unoptimized] target(s) in 0.14s

info: running `cargo check --all-targets --no-default-features --features compiled,cuda,default,metal,paranoid-validation,test-utils,wgpu` on incin-core (345/384)
warning: unused import: `alloc::vec`
 --> crates/incin-core/src/compiled/artifact.rs:5:5
  |
5 | use alloc::vec;
  |     ^^^^^^^^^^
  |
  = note: `#[warn(unused_imports)]` (part of `#[warn(unused)]`) on by default

warning: unused import: `CapturedNode`
 --> crates/incin-core/src/compiled/fusion.rs:5:47
  |
5 | use crate::compiled::capture::{CapturedGraph, CapturedNode};
  |                                               ^^^^^^^^^^^^

warning: unused import: `alloc::string::String`
 --> crates/incin-core/src/compiled/plan.rs:4:5
  |
4 | use alloc::string::String;
  |     ^^^^^^^^^^^^^^^^^^^^^

warning: unused import: `SymbolEnvironment`
  --> crates/incin-core/src/compiled/plan.rs:12:57
   |
12 |     DimExpr, LayoutClass, OperationIdentity, ShapeExpr, SymbolEnvironment, SymbolTable,
   |                                                         ^^^^^^^^^^^^^^^^^

warning: function `export_captured_to_onnx` is never used
   --> crates/incin-core/src/onnx_exporter.rs:116:8
    |
116 | pub fn export_captured_to_onnx(graph: &CapturedGraph, path: &Path) -> anyhow::Result<()> {
    |        ^^^^^^^^^^^^^^^^^^^^^^^
    |
    = note: `#[warn(dead_code)]` (part of `#[warn(unused)]`) on by default

warning: `incin-core` (lib) generated 5 warnings (run `cargo fix --lib -p incin-core` to apply 4 suggestions)
warning: `incin-core` (lib test) generated 5 warnings (5 duplicates)
    Finished `dev` profile [unoptimized] target(s) in 0.14s

info: running `cargo check --all-targets --no-default-features --features distributed,metal,paranoid-validation,test-utils,wgpu` on incin-core (346/384)
    Finished `dev` profile [unoptimized] target(s) in 0.15s

info: running `cargo check --all-targets --no-default-features --features compiled,distributed,metal,paranoid-validation,test-utils,wgpu` on incin-core (347/384)
warning: unused import: `alloc::vec`
 --> crates/incin-core/src/compiled/artifact.rs:5:5
  |
5 | use alloc::vec;
  |     ^^^^^^^^^^
  |
  = note: `#[warn(unused_imports)]` (part of `#[warn(unused)]`) on by default

warning: unused import: `CapturedNode`
 --> crates/incin-core/src/compiled/fusion.rs:5:47
  |
5 | use crate::compiled::capture::{CapturedGraph, CapturedNode};
  |                                               ^^^^^^^^^^^^

warning: unused import: `alloc::string::String`
 --> crates/incin-core/src/compiled/plan.rs:4:5
  |
4 | use alloc::string::String;
  |     ^^^^^^^^^^^^^^^^^^^^^

warning: unused import: `SymbolEnvironment`
  --> crates/incin-core/src/compiled/plan.rs:12:57
   |
12 |     DimExpr, LayoutClass, OperationIdentity, ShapeExpr, SymbolEnvironment, SymbolTable,
   |                                                         ^^^^^^^^^^^^^^^^^

warning: function `export_captured_to_onnx` is never used
   --> crates/incin-core/src/onnx_exporter.rs:116:8
    |
116 | pub fn export_captured_to_onnx(graph: &CapturedGraph, path: &Path) -> anyhow::Result<()> {
    |        ^^^^^^^^^^^^^^^^^^^^^^^
    |
    = note: `#[warn(dead_code)]` (part of `#[warn(unused)]`) on by default

warning: `incin-core` (lib) generated 5 warnings (run `cargo fix --lib -p incin-core` to apply 4 suggestions)
warning: `incin-core` (lib test) generated 5 warnings (5 duplicates)
    Finished `dev` profile [unoptimized] target(s) in 0.14s

info: running `cargo check --all-targets --no-default-features --features cuda,distributed,metal,paranoid-validation,test-utils,wgpu` on incin-core (348/384)
    Finished `dev` profile [unoptimized] target(s) in 0.14s

info: running `cargo check --all-targets --no-default-features --features compiled,cuda,distributed,metal,paranoid-validation,test-utils,wgpu` on incin-core (349/384)
warning: unused import: `alloc::vec`
 --> crates/incin-core/src/compiled/artifact.rs:5:5
  |
5 | use alloc::vec;
  |     ^^^^^^^^^^
  |
  = note: `#[warn(unused_imports)]` (part of `#[warn(unused)]`) on by default

warning: unused import: `CapturedNode`
 --> crates/incin-core/src/compiled/fusion.rs:5:47
  |
5 | use crate::compiled::capture::{CapturedGraph, CapturedNode};
  |                                               ^^^^^^^^^^^^

warning: unused import: `alloc::string::String`
 --> crates/incin-core/src/compiled/plan.rs:4:5
  |
4 | use alloc::string::String;
  |     ^^^^^^^^^^^^^^^^^^^^^

warning: unused import: `SymbolEnvironment`
  --> crates/incin-core/src/compiled/plan.rs:12:57
   |
12 |     DimExpr, LayoutClass, OperationIdentity, ShapeExpr, SymbolEnvironment, SymbolTable,
   |                                                         ^^^^^^^^^^^^^^^^^

warning: function `export_captured_to_onnx` is never used
   --> crates/incin-core/src/onnx_exporter.rs:116:8
    |
116 | pub fn export_captured_to_onnx(graph: &CapturedGraph, path: &Path) -> anyhow::Result<()> {
    |        ^^^^^^^^^^^^^^^^^^^^^^^
    |
    = note: `#[warn(dead_code)]` (part of `#[warn(unused)]`) on by default

warning: `incin-core` (lib) generated 5 warnings (run `cargo fix --lib -p incin-core` to apply 4 suggestions)
warning: `incin-core` (lib test) generated 5 warnings (5 duplicates)
    Finished `dev` profile [unoptimized] target(s) in 0.14s

info: running `cargo check --all-targets --no-default-features --features default,distributed,metal,paranoid-validation,test-utils,wgpu` on incin-core (350/384)
    Finished `dev` profile [unoptimized] target(s) in 0.14s

info: running `cargo check --all-targets --no-default-features --features compiled,default,distributed,metal,paranoid-validation,test-utils,wgpu` on incin-core (351/384)
warning: unused import: `alloc::vec`
 --> crates/incin-core/src/compiled/artifact.rs:5:5
  |
5 | use alloc::vec;
  |     ^^^^^^^^^^
  |
  = note: `#[warn(unused_imports)]` (part of `#[warn(unused)]`) on by default

warning: unused import: `CapturedNode`
 --> crates/incin-core/src/compiled/fusion.rs:5:47
  |
5 | use crate::compiled::capture::{CapturedGraph, CapturedNode};
  |                                               ^^^^^^^^^^^^

warning: unused import: `alloc::string::String`
 --> crates/incin-core/src/compiled/plan.rs:4:5
  |
4 | use alloc::string::String;
  |     ^^^^^^^^^^^^^^^^^^^^^

warning: unused import: `SymbolEnvironment`
  --> crates/incin-core/src/compiled/plan.rs:12:57
   |
12 |     DimExpr, LayoutClass, OperationIdentity, ShapeExpr, SymbolEnvironment, SymbolTable,
   |                                                         ^^^^^^^^^^^^^^^^^

warning: function `export_captured_to_onnx` is never used
   --> crates/incin-core/src/onnx_exporter.rs:116:8
    |
116 | pub fn export_captured_to_onnx(graph: &CapturedGraph, path: &Path) -> anyhow::Result<()> {
    |        ^^^^^^^^^^^^^^^^^^^^^^^
    |
    = note: `#[warn(dead_code)]` (part of `#[warn(unused)]`) on by default

warning: `incin-core` (lib) generated 5 warnings (run `cargo fix --lib -p incin-core` to apply 4 suggestions)
warning: `incin-core` (lib test) generated 5 warnings (5 duplicates)
    Finished `dev` profile [unoptimized] target(s) in 0.14s

info: running `cargo check --all-targets --no-default-features --features cuda,default,distributed,metal,paranoid-validation,test-utils,wgpu` on incin-core (352/384)
    Finished `dev` profile [unoptimized] target(s) in 0.14s

info: running `cargo check --all-targets --no-default-features --features compiled,cuda,default,distributed,metal,paranoid-validation,test-utils,wgpu` on incin-core (353/384)
warning: unused import: `alloc::vec`
 --> crates/incin-core/src/compiled/artifact.rs:5:5
  |
5 | use alloc::vec;
  |     ^^^^^^^^^^
  |
  = note: `#[warn(unused_imports)]` (part of `#[warn(unused)]`) on by default

warning: unused import: `CapturedNode`
 --> crates/incin-core/src/compiled/fusion.rs:5:47
  |
5 | use crate::compiled::capture::{CapturedGraph, CapturedNode};
  |                                               ^^^^^^^^^^^^

warning: unused import: `alloc::string::String`
 --> crates/incin-core/src/compiled/plan.rs:4:5
  |
4 | use alloc::string::String;
  |     ^^^^^^^^^^^^^^^^^^^^^

warning: unused import: `SymbolEnvironment`
  --> crates/incin-core/src/compiled/plan.rs:12:57
   |
12 |     DimExpr, LayoutClass, OperationIdentity, ShapeExpr, SymbolEnvironment, SymbolTable,
   |                                                         ^^^^^^^^^^^^^^^^^

warning: function `export_captured_to_onnx` is never used
   --> crates/incin-core/src/onnx_exporter.rs:116:8
    |
116 | pub fn export_captured_to_onnx(graph: &CapturedGraph, path: &Path) -> anyhow::Result<()> {
    |        ^^^^^^^^^^^^^^^^^^^^^^^
    |
    = note: `#[warn(dead_code)]` (part of `#[warn(unused)]`) on by default

warning: `incin-core` (lib) generated 5 warnings (run `cargo fix --lib -p incin-core` to apply 4 suggestions)
warning: `incin-core` (lib test) generated 5 warnings (5 duplicates)
    Finished `dev` profile [unoptimized] target(s) in 0.14s

info: running `cargo check --all-targets --no-default-features --features std,test-utils,wgpu` on incin-core (354/384)
    Finished `dev` profile [unoptimized] target(s) in 0.14s

info: running `cargo check --all-targets --no-default-features --features compiled,std,test-utils,wgpu` on incin-core (355/384)
warning: unused import: `alloc::vec`
 --> crates/incin-core/src/compiled/artifact.rs:5:5
  |
5 | use alloc::vec;
  |     ^^^^^^^^^^
  |
  = note: `#[warn(unused_imports)]` (part of `#[warn(unused)]`) on by default

warning: unused import: `CapturedNode`
 --> crates/incin-core/src/compiled/fusion.rs:5:47
  |
5 | use crate::compiled::capture::{CapturedGraph, CapturedNode};
  |                                               ^^^^^^^^^^^^

warning: unused import: `alloc::string::String`
 --> crates/incin-core/src/compiled/plan.rs:4:5
  |
4 | use alloc::string::String;
  |     ^^^^^^^^^^^^^^^^^^^^^

warning: unused import: `SymbolEnvironment`
  --> crates/incin-core/src/compiled/plan.rs:12:57
   |
12 |     DimExpr, LayoutClass, OperationIdentity, ShapeExpr, SymbolEnvironment, SymbolTable,
   |                                                         ^^^^^^^^^^^^^^^^^

warning: function `export_captured_to_onnx` is never used
   --> crates/incin-core/src/onnx_exporter.rs:116:8
    |
116 | pub fn export_captured_to_onnx(graph: &CapturedGraph, path: &Path) -> anyhow::Result<()> {
    |        ^^^^^^^^^^^^^^^^^^^^^^^
    |
    = note: `#[warn(dead_code)]` (part of `#[warn(unused)]`) on by default

warning: `incin-core` (lib) generated 5 warnings (run `cargo fix --lib -p incin-core` to apply 4 suggestions)
warning: `incin-core` (lib test) generated 5 warnings (5 duplicates)
    Finished `dev` profile [unoptimized] target(s) in 0.15s

info: running `cargo check --all-targets --no-default-features --features cuda,std,test-utils,wgpu` on incin-core (356/384)
    Finished `dev` profile [unoptimized] target(s) in 0.15s

info: running `cargo check --all-targets --no-default-features --features compiled,cuda,std,test-utils,wgpu` on incin-core (357/384)
warning: unused import: `alloc::vec`
 --> crates/incin-core/src/compiled/artifact.rs:5:5
  |
5 | use alloc::vec;
  |     ^^^^^^^^^^
  |
  = note: `#[warn(unused_imports)]` (part of `#[warn(unused)]`) on by default

warning: unused import: `CapturedNode`
 --> crates/incin-core/src/compiled/fusion.rs:5:47
  |
5 | use crate::compiled::capture::{CapturedGraph, CapturedNode};
  |                                               ^^^^^^^^^^^^

warning: unused import: `alloc::string::String`
 --> crates/incin-core/src/compiled/plan.rs:4:5
  |
4 | use alloc::string::String;
  |     ^^^^^^^^^^^^^^^^^^^^^

warning: unused import: `SymbolEnvironment`
  --> crates/incin-core/src/compiled/plan.rs:12:57
   |
12 |     DimExpr, LayoutClass, OperationIdentity, ShapeExpr, SymbolEnvironment, SymbolTable,
   |                                                         ^^^^^^^^^^^^^^^^^

warning: function `export_captured_to_onnx` is never used
   --> crates/incin-core/src/onnx_exporter.rs:116:8
    |
116 | pub fn export_captured_to_onnx(graph: &CapturedGraph, path: &Path) -> anyhow::Result<()> {
    |        ^^^^^^^^^^^^^^^^^^^^^^^
    |
    = note: `#[warn(dead_code)]` (part of `#[warn(unused)]`) on by default

warning: `incin-core` (lib) generated 5 warnings (run `cargo fix --lib -p incin-core` to apply 4 suggestions)
warning: `incin-core` (lib test) generated 5 warnings (5 duplicates)
    Finished `dev` profile [unoptimized] target(s) in 0.14s

info: running `cargo check --all-targets --no-default-features --features distributed,std,test-utils,wgpu` on incin-core (358/384)
    Finished `dev` profile [unoptimized] target(s) in 0.14s

info: running `cargo check --all-targets --no-default-features --features compiled,distributed,std,test-utils,wgpu` on incin-core (359/384)
warning: unused import: `alloc::vec`
 --> crates/incin-core/src/compiled/artifact.rs:5:5
  |
5 | use alloc::vec;
  |     ^^^^^^^^^^
  |
  = note: `#[warn(unused_imports)]` (part of `#[warn(unused)]`) on by default

warning: unused import: `CapturedNode`
 --> crates/incin-core/src/compiled/fusion.rs:5:47
  |
5 | use crate::compiled::capture::{CapturedGraph, CapturedNode};
  |                                               ^^^^^^^^^^^^

warning: unused import: `alloc::string::String`
 --> crates/incin-core/src/compiled/plan.rs:4:5
  |
4 | use alloc::string::String;
  |     ^^^^^^^^^^^^^^^^^^^^^

warning: unused import: `SymbolEnvironment`
  --> crates/incin-core/src/compiled/plan.rs:12:57
   |
12 |     DimExpr, LayoutClass, OperationIdentity, ShapeExpr, SymbolEnvironment, SymbolTable,
   |                                                         ^^^^^^^^^^^^^^^^^

warning: function `export_captured_to_onnx` is never used
   --> crates/incin-core/src/onnx_exporter.rs:116:8
    |
116 | pub fn export_captured_to_onnx(graph: &CapturedGraph, path: &Path) -> anyhow::Result<()> {
    |        ^^^^^^^^^^^^^^^^^^^^^^^
    |
    = note: `#[warn(dead_code)]` (part of `#[warn(unused)]`) on by default

warning: `incin-core` (lib) generated 5 warnings (run `cargo fix --lib -p incin-core` to apply 4 suggestions)
warning: `incin-core` (lib test) generated 5 warnings (5 duplicates)
    Finished `dev` profile [unoptimized] target(s) in 0.14s

info: running `cargo check --all-targets --no-default-features --features cuda,distributed,std,test-utils,wgpu` on incin-core (360/384)
    Finished `dev` profile [unoptimized] target(s) in 0.14s

info: running `cargo check --all-targets --no-default-features --features compiled,cuda,distributed,std,test-utils,wgpu` on incin-core (361/384)
warning: unused import: `alloc::vec`
 --> crates/incin-core/src/compiled/artifact.rs:5:5
  |
5 | use alloc::vec;
  |     ^^^^^^^^^^
  |
  = note: `#[warn(unused_imports)]` (part of `#[warn(unused)]`) on by default

warning: unused import: `CapturedNode`
 --> crates/incin-core/src/compiled/fusion.rs:5:47
  |
5 | use crate::compiled::capture::{CapturedGraph, CapturedNode};
  |                                               ^^^^^^^^^^^^

warning: unused import: `alloc::string::String`
 --> crates/incin-core/src/compiled/plan.rs:4:5
  |
4 | use alloc::string::String;
  |     ^^^^^^^^^^^^^^^^^^^^^

warning: unused import: `SymbolEnvironment`
  --> crates/incin-core/src/compiled/plan.rs:12:57
   |
12 |     DimExpr, LayoutClass, OperationIdentity, ShapeExpr, SymbolEnvironment, SymbolTable,
   |                                                         ^^^^^^^^^^^^^^^^^

warning: function `export_captured_to_onnx` is never used
   --> crates/incin-core/src/onnx_exporter.rs:116:8
    |
116 | pub fn export_captured_to_onnx(graph: &CapturedGraph, path: &Path) -> anyhow::Result<()> {
    |        ^^^^^^^^^^^^^^^^^^^^^^^
    |
    = note: `#[warn(dead_code)]` (part of `#[warn(unused)]`) on by default

warning: `incin-core` (lib) generated 5 warnings (run `cargo fix --lib -p incin-core` to apply 4 suggestions)
warning: `incin-core` (lib test) generated 5 warnings (5 duplicates)
    Finished `dev` profile [unoptimized] target(s) in 0.14s

info: running `cargo check --all-targets --no-default-features --features metal,std,test-utils,wgpu` on incin-core (362/384)
    Finished `dev` profile [unoptimized] target(s) in 0.15s

info: running `cargo check --all-targets --no-default-features --features compiled,metal,std,test-utils,wgpu` on incin-core (363/384)
warning: unused import: `alloc::vec`
 --> crates/incin-core/src/compiled/artifact.rs:5:5
  |
5 | use alloc::vec;
  |     ^^^^^^^^^^
  |
  = note: `#[warn(unused_imports)]` (part of `#[warn(unused)]`) on by default

warning: unused import: `CapturedNode`
 --> crates/incin-core/src/compiled/fusion.rs:5:47
  |
5 | use crate::compiled::capture::{CapturedGraph, CapturedNode};
  |                                               ^^^^^^^^^^^^

warning: unused import: `alloc::string::String`
 --> crates/incin-core/src/compiled/plan.rs:4:5
  |
4 | use alloc::string::String;
  |     ^^^^^^^^^^^^^^^^^^^^^

warning: unused import: `SymbolEnvironment`
  --> crates/incin-core/src/compiled/plan.rs:12:57
   |
12 |     DimExpr, LayoutClass, OperationIdentity, ShapeExpr, SymbolEnvironment, SymbolTable,
   |                                                         ^^^^^^^^^^^^^^^^^

warning: function `export_captured_to_onnx` is never used
   --> crates/incin-core/src/onnx_exporter.rs:116:8
    |
116 | pub fn export_captured_to_onnx(graph: &CapturedGraph, path: &Path) -> anyhow::Result<()> {
    |        ^^^^^^^^^^^^^^^^^^^^^^^
    |
    = note: `#[warn(dead_code)]` (part of `#[warn(unused)]`) on by default

warning: `incin-core` (lib) generated 5 warnings (run `cargo fix --lib -p incin-core` to apply 4 suggestions)
warning: `incin-core` (lib test) generated 5 warnings (5 duplicates)
    Finished `dev` profile [unoptimized] target(s) in 0.15s

info: running `cargo check --all-targets --no-default-features --features cuda,metal,std,test-utils,wgpu` on incin-core (364/384)
    Finished `dev` profile [unoptimized] target(s) in 0.15s

info: running `cargo check --all-targets --no-default-features --features compiled,cuda,metal,std,test-utils,wgpu` on incin-core (365/384)
warning: unused import: `alloc::vec`
 --> crates/incin-core/src/compiled/artifact.rs:5:5
  |
5 | use alloc::vec;
  |     ^^^^^^^^^^
  |
  = note: `#[warn(unused_imports)]` (part of `#[warn(unused)]`) on by default

warning: unused import: `CapturedNode`
 --> crates/incin-core/src/compiled/fusion.rs:5:47
  |
5 | use crate::compiled::capture::{CapturedGraph, CapturedNode};
  |                                               ^^^^^^^^^^^^

warning: unused import: `alloc::string::String`
 --> crates/incin-core/src/compiled/plan.rs:4:5
  |
4 | use alloc::string::String;
  |     ^^^^^^^^^^^^^^^^^^^^^

warning: unused import: `SymbolEnvironment`
  --> crates/incin-core/src/compiled/plan.rs:12:57
   |
12 |     DimExpr, LayoutClass, OperationIdentity, ShapeExpr, SymbolEnvironment, SymbolTable,
   |                                                         ^^^^^^^^^^^^^^^^^

warning: function `export_captured_to_onnx` is never used
   --> crates/incin-core/src/onnx_exporter.rs:116:8
    |
116 | pub fn export_captured_to_onnx(graph: &CapturedGraph, path: &Path) -> anyhow::Result<()> {
    |        ^^^^^^^^^^^^^^^^^^^^^^^
    |
    = note: `#[warn(dead_code)]` (part of `#[warn(unused)]`) on by default

warning: `incin-core` (lib) generated 5 warnings (run `cargo fix --lib -p incin-core` to apply 4 suggestions)
warning: `incin-core` (lib test) generated 5 warnings (5 duplicates)
    Finished `dev` profile [unoptimized] target(s) in 0.15s

info: running `cargo check --all-targets --no-default-features --features distributed,metal,std,test-utils,wgpu` on incin-core (366/384)
    Finished `dev` profile [unoptimized] target(s) in 0.15s

info: running `cargo check --all-targets --no-default-features --features compiled,distributed,metal,std,test-utils,wgpu` on incin-core (367/384)
warning: unused import: `alloc::vec`
 --> crates/incin-core/src/compiled/artifact.rs:5:5
  |
5 | use alloc::vec;
  |     ^^^^^^^^^^
  |
  = note: `#[warn(unused_imports)]` (part of `#[warn(unused)]`) on by default

warning: unused import: `CapturedNode`
 --> crates/incin-core/src/compiled/fusion.rs:5:47
  |
5 | use crate::compiled::capture::{CapturedGraph, CapturedNode};
  |                                               ^^^^^^^^^^^^

warning: unused import: `alloc::string::String`
 --> crates/incin-core/src/compiled/plan.rs:4:5
  |
4 | use alloc::string::String;
  |     ^^^^^^^^^^^^^^^^^^^^^

warning: unused import: `SymbolEnvironment`
  --> crates/incin-core/src/compiled/plan.rs:12:57
   |
12 |     DimExpr, LayoutClass, OperationIdentity, ShapeExpr, SymbolEnvironment, SymbolTable,
   |                                                         ^^^^^^^^^^^^^^^^^

warning: function `export_captured_to_onnx` is never used
   --> crates/incin-core/src/onnx_exporter.rs:116:8
    |
116 | pub fn export_captured_to_onnx(graph: &CapturedGraph, path: &Path) -> anyhow::Result<()> {
    |        ^^^^^^^^^^^^^^^^^^^^^^^
    |
    = note: `#[warn(dead_code)]` (part of `#[warn(unused)]`) on by default

warning: `incin-core` (lib) generated 5 warnings (run `cargo fix --lib -p incin-core` to apply 4 suggestions)
warning: `incin-core` (lib test) generated 5 warnings (5 duplicates)
    Finished `dev` profile [unoptimized] target(s) in 0.15s

info: running `cargo check --all-targets --no-default-features --features cuda,distributed,metal,std,test-utils,wgpu` on incin-core (368/384)
    Finished `dev` profile [unoptimized] target(s) in 0.15s

info: running `cargo check --all-targets --no-default-features --features compiled,cuda,distributed,metal,std,test-utils,wgpu` on incin-core (369/384)
warning: unused import: `alloc::vec`
 --> crates/incin-core/src/compiled/artifact.rs:5:5
  |
5 | use alloc::vec;
  |     ^^^^^^^^^^
  |
  = note: `#[warn(unused_imports)]` (part of `#[warn(unused)]`) on by default

warning: unused import: `CapturedNode`
 --> crates/incin-core/src/compiled/fusion.rs:5:47
  |
5 | use crate::compiled::capture::{CapturedGraph, CapturedNode};
  |                                               ^^^^^^^^^^^^

warning: unused import: `alloc::string::String`
 --> crates/incin-core/src/compiled/plan.rs:4:5
  |
4 | use alloc::string::String;
  |     ^^^^^^^^^^^^^^^^^^^^^

warning: unused import: `SymbolEnvironment`
  --> crates/incin-core/src/compiled/plan.rs:12:57
   |
12 |     DimExpr, LayoutClass, OperationIdentity, ShapeExpr, SymbolEnvironment, SymbolTable,
   |                                                         ^^^^^^^^^^^^^^^^^

warning: function `export_captured_to_onnx` is never used
   --> crates/incin-core/src/onnx_exporter.rs:116:8
    |
116 | pub fn export_captured_to_onnx(graph: &CapturedGraph, path: &Path) -> anyhow::Result<()> {
    |        ^^^^^^^^^^^^^^^^^^^^^^^
    |
    = note: `#[warn(dead_code)]` (part of `#[warn(unused)]`) on by default

warning: `incin-core` (lib) generated 5 warnings (run `cargo fix --lib -p incin-core` to apply 4 suggestions)
warning: `incin-core` (lib test) generated 5 warnings (5 duplicates)
    Finished `dev` profile [unoptimized] target(s) in 0.14s

info: running `cargo check --all-targets --no-default-features --features paranoid-validation,std,test-utils,wgpu` on incin-core (370/384)
    Finished `dev` profile [unoptimized] target(s) in 0.15s

info: running `cargo check --all-targets --no-default-features --features compiled,paranoid-validation,std,test-utils,wgpu` on incin-core (371/384)
warning: unused import: `alloc::vec`
 --> crates/incin-core/src/compiled/artifact.rs:5:5
  |
5 | use alloc::vec;
  |     ^^^^^^^^^^
  |
  = note: `#[warn(unused_imports)]` (part of `#[warn(unused)]`) on by default

warning: unused import: `CapturedNode`
 --> crates/incin-core/src/compiled/fusion.rs:5:47
  |
5 | use crate::compiled::capture::{CapturedGraph, CapturedNode};
  |                                               ^^^^^^^^^^^^

warning: unused import: `alloc::string::String`
 --> crates/incin-core/src/compiled/plan.rs:4:5
  |
4 | use alloc::string::String;
  |     ^^^^^^^^^^^^^^^^^^^^^

warning: unused import: `SymbolEnvironment`
  --> crates/incin-core/src/compiled/plan.rs:12:57
   |
12 |     DimExpr, LayoutClass, OperationIdentity, ShapeExpr, SymbolEnvironment, SymbolTable,
   |                                                         ^^^^^^^^^^^^^^^^^

warning: function `export_captured_to_onnx` is never used
   --> crates/incin-core/src/onnx_exporter.rs:116:8
    |
116 | pub fn export_captured_to_onnx(graph: &CapturedGraph, path: &Path) -> anyhow::Result<()> {
    |        ^^^^^^^^^^^^^^^^^^^^^^^
    |
    = note: `#[warn(dead_code)]` (part of `#[warn(unused)]`) on by default

warning: `incin-core` (lib) generated 5 warnings (run `cargo fix --lib -p incin-core` to apply 4 suggestions)
warning: `incin-core` (lib test) generated 5 warnings (5 duplicates)
    Finished `dev` profile [unoptimized] target(s) in 0.15s

info: running `cargo check --all-targets --no-default-features --features cuda,paranoid-validation,std,test-utils,wgpu` on incin-core (372/384)
    Finished `dev` profile [unoptimized] target(s) in 0.15s

info: running `cargo check --all-targets --no-default-features --features compiled,cuda,paranoid-validation,std,test-utils,wgpu` on incin-core (373/384)
warning: unused import: `alloc::vec`
 --> crates/incin-core/src/compiled/artifact.rs:5:5
  |
5 | use alloc::vec;
  |     ^^^^^^^^^^
  |
  = note: `#[warn(unused_imports)]` (part of `#[warn(unused)]`) on by default

warning: unused import: `CapturedNode`
 --> crates/incin-core/src/compiled/fusion.rs:5:47
  |
5 | use crate::compiled::capture::{CapturedGraph, CapturedNode};
  |                                               ^^^^^^^^^^^^

warning: unused import: `alloc::string::String`
 --> crates/incin-core/src/compiled/plan.rs:4:5
  |
4 | use alloc::string::String;
  |     ^^^^^^^^^^^^^^^^^^^^^

warning: unused import: `SymbolEnvironment`
  --> crates/incin-core/src/compiled/plan.rs:12:57
   |
12 |     DimExpr, LayoutClass, OperationIdentity, ShapeExpr, SymbolEnvironment, SymbolTable,
   |                                                         ^^^^^^^^^^^^^^^^^

warning: function `export_captured_to_onnx` is never used
   --> crates/incin-core/src/onnx_exporter.rs:116:8
    |
116 | pub fn export_captured_to_onnx(graph: &CapturedGraph, path: &Path) -> anyhow::Result<()> {
    |        ^^^^^^^^^^^^^^^^^^^^^^^
    |
    = note: `#[warn(dead_code)]` (part of `#[warn(unused)]`) on by default

warning: `incin-core` (lib) generated 5 warnings (run `cargo fix --lib -p incin-core` to apply 4 suggestions)
warning: `incin-core` (lib test) generated 5 warnings (5 duplicates)
    Finished `dev` profile [unoptimized] target(s) in 0.15s

info: running `cargo check --all-targets --no-default-features --features distributed,paranoid-validation,std,test-utils,wgpu` on incin-core (374/384)
    Finished `dev` profile [unoptimized] target(s) in 0.15s

info: running `cargo check --all-targets --no-default-features --features compiled,distributed,paranoid-validation,std,test-utils,wgpu` on incin-core (375/384)
warning: unused import: `alloc::vec`
 --> crates/incin-core/src/compiled/artifact.rs:5:5
  |
5 | use alloc::vec;
  |     ^^^^^^^^^^
  |
  = note: `#[warn(unused_imports)]` (part of `#[warn(unused)]`) on by default

warning: unused import: `CapturedNode`
 --> crates/incin-core/src/compiled/fusion.rs:5:47
  |
5 | use crate::compiled::capture::{CapturedGraph, CapturedNode};
  |                                               ^^^^^^^^^^^^

warning: unused import: `alloc::string::String`
 --> crates/incin-core/src/compiled/plan.rs:4:5
  |
4 | use alloc::string::String;
  |     ^^^^^^^^^^^^^^^^^^^^^

warning: unused import: `SymbolEnvironment`
  --> crates/incin-core/src/compiled/plan.rs:12:57
   |
12 |     DimExpr, LayoutClass, OperationIdentity, ShapeExpr, SymbolEnvironment, SymbolTable,
   |                                                         ^^^^^^^^^^^^^^^^^

warning: function `export_captured_to_onnx` is never used
   --> crates/incin-core/src/onnx_exporter.rs:116:8
    |
116 | pub fn export_captured_to_onnx(graph: &CapturedGraph, path: &Path) -> anyhow::Result<()> {
    |        ^^^^^^^^^^^^^^^^^^^^^^^
    |
    = note: `#[warn(dead_code)]` (part of `#[warn(unused)]`) on by default

warning: `incin-core` (lib) generated 5 warnings (run `cargo fix --lib -p incin-core` to apply 4 suggestions)
warning: `incin-core` (lib test) generated 5 warnings (5 duplicates)
    Finished `dev` profile [unoptimized] target(s) in 0.14s

info: running `cargo check --all-targets --no-default-features --features cuda,distributed,paranoid-validation,std,test-utils,wgpu` on incin-core (376/384)
    Finished `dev` profile [unoptimized] target(s) in 0.15s

info: running `cargo check --all-targets --no-default-features --features compiled,cuda,distributed,paranoid-validation,std,test-utils,wgpu` on incin-core (377/384)
warning: unused import: `alloc::vec`
 --> crates/incin-core/src/compiled/artifact.rs:5:5
  |
5 | use alloc::vec;
  |     ^^^^^^^^^^
  |
  = note: `#[warn(unused_imports)]` (part of `#[warn(unused)]`) on by default

warning: unused import: `CapturedNode`
 --> crates/incin-core/src/compiled/fusion.rs:5:47
  |
5 | use crate::compiled::capture::{CapturedGraph, CapturedNode};
  |                                               ^^^^^^^^^^^^

warning: unused import: `alloc::string::String`
 --> crates/incin-core/src/compiled/plan.rs:4:5
  |
4 | use alloc::string::String;
  |     ^^^^^^^^^^^^^^^^^^^^^

warning: unused import: `SymbolEnvironment`
  --> crates/incin-core/src/compiled/plan.rs:12:57
   |
12 |     DimExpr, LayoutClass, OperationIdentity, ShapeExpr, SymbolEnvironment, SymbolTable,
   |                                                         ^^^^^^^^^^^^^^^^^

warning: function `export_captured_to_onnx` is never used
   --> crates/incin-core/src/onnx_exporter.rs:116:8
    |
116 | pub fn export_captured_to_onnx(graph: &CapturedGraph, path: &Path) -> anyhow::Result<()> {
    |        ^^^^^^^^^^^^^^^^^^^^^^^
    |
    = note: `#[warn(dead_code)]` (part of `#[warn(unused)]`) on by default

warning: `incin-core` (lib) generated 5 warnings (run `cargo fix --lib -p incin-core` to apply 4 suggestions)
warning: `incin-core` (lib test) generated 5 warnings (5 duplicates)
    Finished `dev` profile [unoptimized] target(s) in 0.16s

info: running `cargo check --all-targets --no-default-features --features metal,paranoid-validation,std,test-utils,wgpu` on incin-core (378/384)
    Finished `dev` profile [unoptimized] target(s) in 0.15s

info: running `cargo check --all-targets --no-default-features --features compiled,metal,paranoid-validation,std,test-utils,wgpu` on incin-core (379/384)
warning: unused import: `alloc::vec`
 --> crates/incin-core/src/compiled/artifact.rs:5:5
  |
5 | use alloc::vec;
  |     ^^^^^^^^^^
  |
  = note: `#[warn(unused_imports)]` (part of `#[warn(unused)]`) on by default

warning: unused import: `CapturedNode`
 --> crates/incin-core/src/compiled/fusion.rs:5:47
  |
5 | use crate::compiled::capture::{CapturedGraph, CapturedNode};
  |                                               ^^^^^^^^^^^^

warning: unused import: `alloc::string::String`
 --> crates/incin-core/src/compiled/plan.rs:4:5
  |
4 | use alloc::string::String;
  |     ^^^^^^^^^^^^^^^^^^^^^

warning: unused import: `SymbolEnvironment`
  --> crates/incin-core/src/compiled/plan.rs:12:57
   |
12 |     DimExpr, LayoutClass, OperationIdentity, ShapeExpr, SymbolEnvironment, SymbolTable,
   |                                                         ^^^^^^^^^^^^^^^^^

warning: function `export_captured_to_onnx` is never used
   --> crates/incin-core/src/onnx_exporter.rs:116:8
    |
116 | pub fn export_captured_to_onnx(graph: &CapturedGraph, path: &Path) -> anyhow::Result<()> {
    |        ^^^^^^^^^^^^^^^^^^^^^^^
    |
    = note: `#[warn(dead_code)]` (part of `#[warn(unused)]`) on by default

warning: `incin-core` (lib) generated 5 warnings (run `cargo fix --lib -p incin-core` to apply 4 suggestions)
warning: `incin-core` (lib test) generated 5 warnings (5 duplicates)
    Finished `dev` profile [unoptimized] target(s) in 0.15s

info: running `cargo check --all-targets --no-default-features --features cuda,metal,paranoid-validation,std,test-utils,wgpu` on incin-core (380/384)
    Finished `dev` profile [unoptimized] target(s) in 0.14s

info: running `cargo check --all-targets --no-default-features --features compiled,cuda,metal,paranoid-validation,std,test-utils,wgpu` on incin-core (381/384)
warning: unused import: `alloc::vec`
 --> crates/incin-core/src/compiled/artifact.rs:5:5
  |
5 | use alloc::vec;
  |     ^^^^^^^^^^
  |
  = note: `#[warn(unused_imports)]` (part of `#[warn(unused)]`) on by default

warning: unused import: `CapturedNode`
 --> crates/incin-core/src/compiled/fusion.rs:5:47
  |
5 | use crate::compiled::capture::{CapturedGraph, CapturedNode};
  |                                               ^^^^^^^^^^^^

warning: unused import: `alloc::string::String`
 --> crates/incin-core/src/compiled/plan.rs:4:5
  |
4 | use alloc::string::String;
  |     ^^^^^^^^^^^^^^^^^^^^^

warning: unused import: `SymbolEnvironment`
  --> crates/incin-core/src/compiled/plan.rs:12:57
   |
12 |     DimExpr, LayoutClass, OperationIdentity, ShapeExpr, SymbolEnvironment, SymbolTable,
   |                                                         ^^^^^^^^^^^^^^^^^

warning: function `export_captured_to_onnx` is never used
   --> crates/incin-core/src/onnx_exporter.rs:116:8
    |
116 | pub fn export_captured_to_onnx(graph: &CapturedGraph, path: &Path) -> anyhow::Result<()> {
    |        ^^^^^^^^^^^^^^^^^^^^^^^
    |
    = note: `#[warn(dead_code)]` (part of `#[warn(unused)]`) on by default

warning: `incin-core` (lib) generated 5 warnings (run `cargo fix --lib -p incin-core` to apply 4 suggestions)
warning: `incin-core` (lib test) generated 5 warnings (5 duplicates)
    Finished `dev` profile [unoptimized] target(s) in 0.15s

info: running `cargo check --all-targets --no-default-features --features distributed,metal,paranoid-validation,std,test-utils,wgpu` on incin-core (382/384)
    Finished `dev` profile [unoptimized] target(s) in 0.14s

info: running `cargo check --all-targets --no-default-features --features compiled,distributed,metal,paranoid-validation,std,test-utils,wgpu` on incin-core (383/384)
warning: unused import: `alloc::vec`
 --> crates/incin-core/src/compiled/artifact.rs:5:5
  |
5 | use alloc::vec;
  |     ^^^^^^^^^^
  |
  = note: `#[warn(unused_imports)]` (part of `#[warn(unused)]`) on by default

warning: unused import: `CapturedNode`
 --> crates/incin-core/src/compiled/fusion.rs:5:47
  |
5 | use crate::compiled::capture::{CapturedGraph, CapturedNode};
  |                                               ^^^^^^^^^^^^

warning: unused import: `alloc::string::String`
 --> crates/incin-core/src/compiled/plan.rs:4:5
  |
4 | use alloc::string::String;
  |     ^^^^^^^^^^^^^^^^^^^^^

warning: unused import: `SymbolEnvironment`
  --> crates/incin-core/src/compiled/plan.rs:12:57
   |
12 |     DimExpr, LayoutClass, OperationIdentity, ShapeExpr, SymbolEnvironment, SymbolTable,
   |                                                         ^^^^^^^^^^^^^^^^^

warning: function `export_captured_to_onnx` is never used
   --> crates/incin-core/src/onnx_exporter.rs:116:8
    |
116 | pub fn export_captured_to_onnx(graph: &CapturedGraph, path: &Path) -> anyhow::Result<()> {
    |        ^^^^^^^^^^^^^^^^^^^^^^^
    |
    = note: `#[warn(dead_code)]` (part of `#[warn(unused)]`) on by default

warning: `incin-core` (lib) generated 5 warnings (run `cargo fix --lib -p incin-core` to apply 4 suggestions)
warning: `incin-core` (lib test) generated 5 warnings (5 duplicates)
    Finished `dev` profile [unoptimized] target(s) in 0.15s

info: running `cargo check --all-targets --no-default-features --features cuda,distributed,metal,paranoid-validation,std,test-utils,wgpu` on incin-core (384/384)
    Finished `dev` profile [unoptimized] target(s) in 0.15s
