info: running `cargo check --all-targets --no-default-features` on incin-backends (1/8212)
    Checking once_cell v1.21.4
   Compiling thiserror v2.0.18
   Compiling anyhow v1.0.103
   Compiling incin-core v0.0.0 (/home/xupremix/Projects/incin/crates/incin-core)
    Checking rand_core v0.6.4
    Checking bytes v1.12.0
    Checking spin v0.9.8
    Checking rand v0.8.6
    Checking ahash v0.8.12
    Checking tempfile v3.27.0
    Checking hashbrown v0.14.5
    Checking prost v0.14.4
    Checking rand_distr v0.4.3
warning: unused imports: `Error` and `Result`
 --> crates/incin-core/src/serialize.rs:1:18
  |
1 | use crate::err::{Error, Result};
  |                  ^^^^^  ^^^^^^
  |
  = note: `#[warn(unused_imports)]` (part of `#[warn(unused)]`) on by default

warning: unused imports: `StatePath`, `StateRole`, `StateSnapshot`, and `StateValue`
 --> crates/incin-core/src/serialize.rs:2:17
  |
2 | use crate::nn::{StatePath, StateRole, StateSnapshot, StateValue};
  |                 ^^^^^^^^^  ^^^^^^^^^  ^^^^^^^^^^^^^  ^^^^^^^^^^

warning: unused import: `crate::shapes::ShapeBuf`
 --> crates/incin-core/src/serialize.rs:3:5
  |
3 | use crate::shapes::ShapeBuf;
  |     ^^^^^^^^^^^^^^^^^^^^^^^

warning: unused import: `crate::tensor::backend::Backend`
 --> crates/incin-core/src/serialize.rs:4:5
  |
4 | use crate::tensor::backend::Backend;
  |     ^^^^^^^^^^^^^^^^^^^^^^^^^^^^^^^

warning: unused imports: `DTypeDescriptor` and `DTypeId`
 --> crates/incin-core/src/serialize.rs:5:28
  |
5 | use crate::tensor::dtype::{DTypeDescriptor, DTypeId};
  |                            ^^^^^^^^^^^^^^^  ^^^^^^^

warning: unused imports: `DeviceId` and `Device`
 --> crates/incin-core/src/serialize.rs:6:30
  |
6 | use crate::tensor::prelude::{Device, DeviceId};
  |                              ^^^^^^  ^^^^^^^^

warning: unused imports: `collections::BTreeMap`, `string::String`, and `vec::Vec`
 --> crates/incin-core/src/serialize.rs:7:13
  |
7 | use alloc::{collections::BTreeMap, string::String, vec::Vec};
  |             ^^^^^^^^^^^^^^^^^^^^^  ^^^^^^^^^^^^^^  ^^^^^^^^

warning: `incin-core` (lib) generated 7 warnings (run `cargo fix --lib -p incin-core` to apply 7 suggestions)
    Checking incin-backends v0.0.0 (/home/xupremix/Projects/incin/crates/incin-backends)
warning: unused macro definition: `cpu_unary_call`
   --> crates/incin-backends/src/dispatch.rs:326:14
    |
326 | macro_rules! cpu_unary_call {
    |              ^^^^^^^^^^^^^^
    |
    = note: `#[warn(unused_macros)]` (part of `#[warn(unused)]`) on by default

warning: unused macro definition: `cpu_reduction_call`
   --> crates/incin-backends/src/dispatch.rs:500:14
    |
500 | macro_rules! cpu_reduction_call {
    |              ^^^^^^^^^^^^^^^^^^

warning: unused macro definition: `cpu_shape_call`
   --> crates/incin-backends/src/dispatch.rs:568:14
    |
568 | macro_rules! cpu_shape_call {
    |              ^^^^^^^^^^^^^^

warning: unused macro definition: `cpu_binary_call`
   --> crates/incin-backends/src/dispatch.rs:711:14
    |
711 | macro_rules! cpu_binary_call {
    |              ^^^^^^^^^^^^^^^

warning: unused import: `Cpu`
  --> crates/incin-backends/src/target.rs:86:34
   |
86 | use incin_core::tensor::device::{Cpu, Device, DeviceId};
   |                                  ^^^
   |
   = note: `#[warn(unused_imports)]` (part of `#[warn(unused)]`) on by default

warning: unused macro definition: `impl_unit_arg_target`
   --> crates/incin-backends/src/target.rs:842:14
    |
842 | macro_rules! impl_unit_arg_target {
    |              ^^^^^^^^^^^^^^^^^^^^

warning: unused import: `incin_core::shapes::buf::ShapeBuf`
 --> crates/incin-backends/src/backend_kind.rs:8:5
  |
8 | use incin_core::shapes::buf::ShapeBuf;
  |     ^^^^^^^^^^^^^^^^^^^^^^^^^^^^^^^^^
  |
  = note: `#[warn(unused_imports)]` (part of `#[warn(unused)]`) on by default

warning: unused import: `incin_core::shapes::dynamic::Dyn`
  --> crates/incin-backends/src/backend_kind.rs:10:5
   |
10 | use incin_core::shapes::dynamic::Dyn;
   |     ^^^^^^^^^^^^^^^^^^^^^^^^^^^^^^^^

warning: unused import: `incin_core::tensor::device::Cpu`
  --> crates/incin-backends/src/backend_kind.rs:12:5
   |
12 | use incin_core::tensor::device::Cpu;
   |     ^^^^^^^^^^^^^^^^^^^^^^^^^^^^^^^

warning: unused import: `super::*`
   --> crates/incin-backends/src/backend_kind.rs:109:9
    |
109 |     use super::*;
    |         ^^^^^^^^

warning: unused import: `incin_core::error::Error`
   --> crates/incin-backends/src/backend_kind.rs:113:9
    |
113 |     use incin_core::error::Error;
    |         ^^^^^^^^^^^^^^^^^^^^^^^^

warning: unused imports: `LayerNorm` and `Linear`
   --> crates/incin-backends/src/backend_kind.rs:116:26
    |
116 |     use incin_core::nn::{LayerNorm, Linear};
    |                          ^^^^^^^^^  ^^^^^^

warning: unused import: `incin_core::shapes::OperationKind`
   --> crates/incin-backends/src/backend_kind.rs:117:9
    |
117 |     use incin_core::shapes::OperationKind;
    |         ^^^^^^^^^^^^^^^^^^^^^^^^^^^^^^^^^

warning: unused import: `incin_core::tensor::base::Tensor`
   --> crates/incin-backends/src/backend_kind.rs:118:9
    |
118 |     use incin_core::tensor::base::Tensor;
    |         ^^^^^^^^^^^^^^^^^^^^^^^^^^^^^^^^

warning: unused import: `incin_core::tensor::device::DeviceId`
   --> crates/incin-backends/src/backend_kind.rs:119:9
    |
119 |     use incin_core::tensor::device::DeviceId;
    |         ^^^^^^^^^^^^^^^^^^^^^^^^^^^^^^^^^^^^

warning: unused imports: `Grad` and `RequiresGrad`
   --> crates/incin-backends/src/backend_kind.rs:122:36
    |
122 |     use incin_core::tensor::grad::{Grad, RequiresGrad};
    |                                    ^^^^  ^^^^^^^^^^^^

warning: unused import: `incin_core::tensor::transfer::ToDevice`
   --> crates/incin-backends/src/backend_kind.rs:123:9
    |
123 |     use incin_core::tensor::transfer::ToDevice;
    |         ^^^^^^^^^^^^^^^^^^^^^^^^^^^^^^^^^^^^^^

warning: unused import: `Cpu`
  --> crates/incin-backends/src/target.rs:86:34
   |
86 | use incin_core::tensor::device::{Cpu, Device, DeviceId};
   |                                  ^^^

warning: unused variable: `bytes`
    --> crates/incin-backends/src/dispatch.rs:1116:9
     |
1116 |         bytes: &[u8],
     |         ^^^^^ help: if this is intentional, prefix it with an underscore: `_bytes`
     |
     = note: `#[warn(unused_variables)]` (part of `#[warn(unused)]`) on by default

warning: unused variable: `shape`
    --> crates/incin-backends/src/dispatch.rs:1117:9
     |
1117 |         shape: &[usize],
     |         ^^^^^ help: if this is intentional, prefix it with an underscore: `_shape`

warning: unused variable: `dtype`
    --> crates/incin-backends/src/dispatch.rs:1118:9
     |
1118 |         dtype: DTypeDescriptor,
     |         ^^^^^ help: if this is intentional, prefix it with an underscore: `_dtype`

warning: unused variable: `shape`
    --> crates/incin-backends/src/dispatch.rs:1165:9
     |
1165 |         shape: &[usize],
     |         ^^^^^ help: if this is intentional, prefix it with an underscore: `_shape`

warning: unused variable: `dtype`
    --> crates/incin-backends/src/dispatch.rs:1166:9
     |
1166 |         dtype: DTypeDescriptor,
     |         ^^^^^ help: if this is intentional, prefix it with an underscore: `_dtype`

warning: unused variable: `shape`
    --> crates/incin-backends/src/dispatch.rs:1172:9
     |
1172 |         shape: &[usize],
     |         ^^^^^ help: if this is intentional, prefix it with an underscore: `_shape`

warning: unused variable: `dtype`
    --> crates/incin-backends/src/dispatch.rs:1173:9
     |
1173 |         dtype: DTypeDescriptor,
     |         ^^^^^ help: if this is intentional, prefix it with an underscore: `_dtype`

warning: unused variable: `shape`
    --> crates/incin-backends/src/dispatch.rs:1179:9
     |
1179 |         shape: &[usize],
     |         ^^^^^ help: if this is intentional, prefix it with an underscore: `_shape`

warning: unused variable: `dtype`
    --> crates/incin-backends/src/dispatch.rs:1180:9
     |
1180 |         dtype: DTypeDescriptor,
     |         ^^^^^ help: if this is intentional, prefix it with an underscore: `_dtype`

warning: unused variable: `shape`
    --> crates/incin-backends/src/dispatch.rs:1186:9
     |
1186 |         shape: &[usize],
     |         ^^^^^ help: if this is intentional, prefix it with an underscore: `_shape`

warning: unused variable: `dtype`
    --> crates/incin-backends/src/dispatch.rs:1187:9
     |
1187 |         dtype: DTypeDescriptor,
     |         ^^^^^ help: if this is intentional, prefix it with an underscore: `_dtype`

warning: unused variable: `val`
    --> crates/incin-backends/src/dispatch.rs:1193:9
     |
1193 |         val: f64,
     |         ^^^ help: if this is intentional, prefix it with an underscore: `_val`

warning: unused variable: `shape`
    --> crates/incin-backends/src/dispatch.rs:1194:9
     |
1194 |         shape: &[usize],
     |         ^^^^^ help: if this is intentional, prefix it with an underscore: `_shape`

warning: unused variable: `dtype`
    --> crates/incin-backends/src/dispatch.rs:1195:9
     |
1195 |         dtype: DTypeDescriptor,
     |         ^^^^^ help: if this is intentional, prefix it with an underscore: `_dtype`

warning: unused variable: `start`
    --> crates/incin-backends/src/dispatch.rs:1231:9
     |
1231 |         start: f64,
     |         ^^^^^ help: if this is intentional, prefix it with an underscore: `_start`

warning: unused variable: `step`
    --> crates/incin-backends/src/dispatch.rs:1232:9
     |
1232 |         step: f64,
     |         ^^^^ help: if this is intentional, prefix it with an underscore: `_step`

warning: unused variable: `shape`
    --> crates/incin-backends/src/dispatch.rs:1233:9
     |
1233 |         shape: &[usize],
     |         ^^^^^ help: if this is intentional, prefix it with an underscore: `_shape`

warning: unused variable: `dtype`
    --> crates/incin-backends/src/dispatch.rs:1234:9
     |
1234 |         dtype: DTypeDescriptor,
     |         ^^^^^ help: if this is intentional, prefix it with an underscore: `_dtype`

warning: unused variable: `start`
    --> crates/incin-backends/src/dispatch.rs:1276:9
     |
1276 |         start: f64,
     |         ^^^^^ help: if this is intentional, prefix it with an underscore: `_start`

warning: unused variable: `end`
    --> crates/incin-backends/src/dispatch.rs:1277:9
     |
1277 |         end: f64,
     |         ^^^ help: if this is intentional, prefix it with an underscore: `_end`

warning: unused variable: `shape`
    --> crates/incin-backends/src/dispatch.rs:1278:9
     |
1278 |         shape: &[usize],
     |         ^^^^^ help: if this is intentional, prefix it with an underscore: `_shape`

warning: unused variable: `dtype`
    --> crates/incin-backends/src/dispatch.rs:1279:9
     |
1279 |         dtype: DTypeDescriptor,
     |         ^^^^^ help: if this is intentional, prefix it with an underscore: `_dtype`

warning: unused variable: `shape`
    --> crates/incin-backends/src/dispatch.rs:1322:9
     |
1322 |         shape: &[usize],
     |         ^^^^^ help: if this is intentional, prefix it with an underscore: `_shape`

warning: unused variable: `dtype`
    --> crates/incin-backends/src/dispatch.rs:1323:9
     |
1323 |         dtype: DTypeDescriptor,
     |         ^^^^^ help: if this is intentional, prefix it with an underscore: `_dtype`

warning: unused variable: `shape`
    --> crates/incin-backends/src/dispatch.rs:1330:9
     |
1330 |         shape: &[usize],
     |         ^^^^^ help: if this is intentional, prefix it with an underscore: `_shape`

warning: unused variable: `dtype`
    --> crates/incin-backends/src/dispatch.rs:1331:9
     |
1331 |         dtype: DTypeDescriptor,
     |         ^^^^^ help: if this is intentional, prefix it with an underscore: `_dtype`

warning: unused variable: `shape`
    --> crates/incin-backends/src/dispatch.rs:1338:9
     |
1338 |         shape: &[usize],
     |         ^^^^^ help: if this is intentional, prefix it with an underscore: `_shape`

warning: unused variable: `dtype`
    --> crates/incin-backends/src/dispatch.rs:1339:9
     |
1339 |         dtype: DTypeDescriptor,
     |         ^^^^^ help: if this is intentional, prefix it with an underscore: `_dtype`

warning: unused variable: `shape`
    --> crates/incin-backends/src/dispatch.rs:1346:9
     |
1346 |         shape: &[usize],
     |         ^^^^^ help: if this is intentional, prefix it with an underscore: `_shape`

warning: unused variable: `dtype`
    --> crates/incin-backends/src/dispatch.rs:1347:9
     |
1347 |         dtype: DTypeDescriptor,
     |         ^^^^^ help: if this is intentional, prefix it with an underscore: `_dtype`

warning: unused variable: `shape`
    --> crates/incin-backends/src/dispatch.rs:1355:51
     |
1355 |     pub fn reshape<K: DType>(t: &DispatchStorage, shape: &[usize]) -> Result<DispatchStorage> {
     |                                                   ^^^^^ help: if this is intentional, prefix it with an underscore: `_shape`

warning: unused variable: `dim1`
    --> crates/incin-backends/src/dispatch.rs:1360:9
     |
1360 |         dim1: usize,
     |         ^^^^ help: if this is intentional, prefix it with an underscore: `_dim1`

warning: unused variable: `dim2`
    --> crates/incin-backends/src/dispatch.rs:1361:9
     |
1361 |         dim2: usize,
     |         ^^^^ help: if this is intentional, prefix it with an underscore: `_dim2`

warning: unused variable: `shape`
    --> crates/incin-backends/src/dispatch.rs:1371:56
     |
1371 |     pub fn broadcast_as<K: DType>(t: &DispatchStorage, shape: &[usize]) -> Result<DispatchStorage> {
     |                                                        ^^^^^ help: if this is intentional, prefix it with an underscore: `_shape`

warning: unused variable: `dim`
    --> crates/incin-backends/src/dispatch.rs:1376:9
     |
1376 |         dim: usize,
     |         ^^^ help: if this is intentional, prefix it with an underscore: `_dim`

warning: unused variable: `start`
    --> crates/incin-backends/src/dispatch.rs:1377:9
     |
1377 |         start: usize,
     |         ^^^^^ help: if this is intentional, prefix it with an underscore: `_start`

warning: unused variable: `len`
    --> crates/incin-backends/src/dispatch.rs:1378:9
     |
1378 |         len: usize,
     |         ^^^ help: if this is intentional, prefix it with an underscore: `_len`

warning: unused variable: `dim`
    --> crates/incin-backends/src/dispatch.rs:1382:51
     |
1382 |     pub fn squeeze<K: DType>(t: &DispatchStorage, dim: usize) -> Result<DispatchStorage> {
     |                                                   ^^^ help: if this is intentional, prefix it with an underscore: `_dim`

warning: unused variable: `dim`
    --> crates/incin-backends/src/dispatch.rs:1385:52
     |
1385 |     pub fn stack<K: DType>(t: &[&DispatchStorage], dim: usize) -> Result<DispatchStorage> {
     |                                                    ^^^ help: if this is intentional, prefix it with an underscore: `_dim`

warning: unused variable: `dim`
    --> crates/incin-backends/src/dispatch.rs:1388:53
     |
1388 |     pub fn concat<K: DType>(t: &[&DispatchStorage], dim: usize) -> Result<DispatchStorage> {
     |                                                     ^^^ help: if this is intentional, prefix it with an underscore: `_dim`

warning: unused variable: `ranges`
    --> crates/incin-backends/src/dispatch.rs:1393:9
     |
1393 |         ranges: &[(usize, usize)],
     |         ^^^^^^ help: if this is intentional, prefix it with an underscore: `_ranges`

warning: unused variable: `start`
    --> crates/incin-backends/src/dispatch.rs:1399:9
     |
1399 |         start: usize,
     |         ^^^^^ help: if this is intentional, prefix it with an underscore: `_start`

warning: unused variable: `end`
    --> crates/incin-backends/src/dispatch.rs:1400:9
     |
1400 |         end: usize,
     |         ^^^ help: if this is intentional, prefix it with an underscore: `_end`

warning: unused variable: `dim`
    --> crates/incin-backends/src/dispatch.rs:1432:9
     |
1432 |         dim: usize,
     |         ^^^ help: if this is intentional, prefix it with an underscore: `_dim`

warning: unused variable: `dim`
    --> crates/incin-backends/src/dispatch.rs:1458:9
     |
1458 |         dim: usize,
     |         ^^^ help: if this is intentional, prefix it with an underscore: `_dim`

warning: unused variable: `dim`
    --> crates/incin-backends/src/dispatch.rs:1486:9
     |
1486 |         dim: usize,
     |         ^^^ help: if this is intentional, prefix it with an underscore: `_dim`

warning: unused variable: `value`
    --> crates/incin-backends/src/dispatch.rs:1514:9
     |
1514 |         value: f64,
     |         ^^^^^ help: if this is intentional, prefix it with an underscore: `_value`

warning: unused variable: `dim`
    --> crates/incin-backends/src/dispatch.rs:1538:53
     |
1538 |     pub fn unsqueeze<K: DType>(t: &DispatchStorage, dim: usize) -> Result<DispatchStorage> {
     |                                                     ^^^ help: if this is intentional, prefix it with an underscore: `_dim`

warning: unused variable: `repeats`
    --> crates/incin-backends/src/dispatch.rs:1541:50
     |
1541 |     pub fn repeat<K: DType>(t: &DispatchStorage, repeats: &[usize]) -> Result<DispatchStorage> {
     |                                                  ^^^^^^^ help: if this is intentional, prefix it with an underscore: `_repeats`

warning: unused variable: `padding`
    --> crates/incin-backends/src/dispatch.rs:1546:9
     |
1546 |         padding: &[(usize, usize)],
     |         ^^^^^^^ help: if this is intentional, prefix it with an underscore: `_padding`

warning: unused variable: `val`
    --> crates/incin-backends/src/dispatch.rs:1547:9
     |
1547 |         val: f64,
     |         ^^^ help: if this is intentional, prefix it with an underscore: `_val`

warning: unused variable: `k`
    --> crates/incin-backends/src/dispatch.rs:1551:48
     |
1551 |     pub fn triu<K: DType>(t: &DispatchStorage, k: i64) -> Result<DispatchStorage> {
     |                                                ^ help: if this is intentional, prefix it with an underscore: `_k`

warning: unused variable: `k`
    --> crates/incin-backends/src/dispatch.rs:1554:48
     |
1554 |     pub fn tril<K: DType>(t: &DispatchStorage, k: i64) -> Result<DispatchStorage> {
     |                                                ^ help: if this is intentional, prefix it with an underscore: `_k`

warning: unused variable: `k`
    --> crates/incin-backends/src/dispatch.rs:1557:48
     |
1557 |     pub fn diag<K: DType>(t: &DispatchStorage, k: i64) -> Result<DispatchStorage> {
     |                                                ^ help: if this is intentional, prefix it with an underscore: `_k`

warning: unused variable: `shape`
    --> crates/incin-backends/src/dispatch.rs:1562:9
     |
1562 |         shape: &[usize],
     |         ^^^^^ help: if this is intentional, prefix it with an underscore: `_shape`

warning: unused variable: `dtype`
    --> crates/incin-backends/src/dispatch.rs:1650:9
     |
1650 |         dtype: DTypeDescriptor,
     |         ^^^^^ help: if this is intentional, prefix it with an underscore: `_dtype`

warning: unused variable: `val`
    --> crates/incin-backends/src/dispatch.rs:1787:54
     |
1787 |     pub fn sub_scalar<K: DType>(t: &DispatchStorage, val: f64) -> Result<DispatchStorage> {
     |                                                      ^^^ help: if this is intentional, prefix it with an underscore: `_val`

warning: unused variable: `val`
    --> crates/incin-backends/src/dispatch.rs:1790:54
     |
1790 |     pub fn div_scalar<K: DType>(t: &DispatchStorage, val: f64) -> Result<DispatchStorage> {
     |                                                      ^^^ help: if this is intentional, prefix it with an underscore: `_val`

warning: unused variable: `dim`
    --> crates/incin-backends/src/dispatch.rs:1878:9
     |
1878 |         dim: usize,
     |         ^^^ help: if this is intentional, prefix it with an underscore: `_dim`

warning: unused variable: `size`
    --> crates/incin-backends/src/dispatch.rs:1879:9
     |
1879 |         size: usize,
     |         ^^^^ help: if this is intentional, prefix it with an underscore: `_size`

warning: unused variable: `step`
    --> crates/incin-backends/src/dispatch.rs:1880:9
     |
1880 |         step: usize,
     |         ^^^^ help: if this is intentional, prefix it with an underscore: `_step`

warning: unused variable: `upscale_factor`
    --> crates/incin-backends/src/dispatch.rs:1886:9
     |
1886 |         upscale_factor: usize,
     |         ^^^^^^^^^^^^^^ help: if this is intentional, prefix it with an underscore: `_upscale_factor`

warning: unused variable: `groups`
    --> crates/incin-backends/src/dispatch.rs:1892:9
     |
1892 |         groups: usize,
     |         ^^^^^^ help: if this is intentional, prefix it with an underscore: `_groups`

warning: unused variable: `eps`
    --> crates/incin-backends/src/dispatch.rs:1893:9
     |
1893 |         eps: f64,
     |         ^^^ help: if this is intentional, prefix it with an underscore: `_eps`

warning: unused variable: `eps`
    --> crates/incin-backends/src/dispatch.rs:1897:57
     |
1897 |     pub fn instance_norm<K: DType>(t: &DispatchStorage, eps: f64) -> Result<DispatchStorage> {
     |                                                         ^^^ help: if this is intentional, prefix it with an underscore: `_eps`

warning: unused variable: `dim`
    --> crates/incin-backends/src/dispatch.rs:1955:51
     |
1955 |     pub fn softmax<K: DType>(t: &DispatchStorage, dim: usize) -> Result<DispatchStorage> {
     |                                                   ^^^ help: if this is intentional, prefix it with an underscore: `_dim`

warning: unused variable: `scalar`
    --> crates/incin-backends/src/dispatch.rs:1958:60
     |
1958 |     pub fn add_scalar_float<K: DType>(t: &DispatchStorage, scalar: f64) -> Result<DispatchStorage> {
     |                                                            ^^^^^^ help: if this is intentional, prefix it with an underscore: `_scalar`

warning: unused variable: `scalar`
    --> crates/incin-backends/src/dispatch.rs:1961:60
     |
1961 |     pub fn mul_scalar_float<K: DType>(t: &DispatchStorage, scalar: f64) -> Result<DispatchStorage> {
     |                                                            ^^^^^^ help: if this is intentional, prefix it with an underscore: `_scalar`

warning: unused variable: `exponent`
    --> crates/incin-backends/src/dispatch.rs:1964:48
     |
1964 |     pub fn powf<K: DType>(t: &DispatchStorage, exponent: f64) -> Result<DispatchStorage> {
     |                                                ^^^^^^^^ help: if this is intentional, prefix it with an underscore: `_exponent`

warning: unused variable: `min`
    --> crates/incin-backends/src/dispatch.rs:1967:49
     |
1967 |     pub fn clamp<K: DType>(t: &DispatchStorage, min: f64, max: f64) -> Result<DispatchStorage> {
     |                                                 ^^^ help: if this is intentional, prefix it with an underscore: `_min`

warning: unused variable: `max`
    --> crates/incin-backends/src/dispatch.rs:1967:59
     |
1967 |     pub fn clamp<K: DType>(t: &DispatchStorage, min: f64, max: f64) -> Result<DispatchStorage> {
     |                                                           ^^^ help: if this is intentional, prefix it with an underscore: `_max`

warning: unused variable: `dim`
    --> crates/incin-backends/src/dispatch.rs:2049:9
     |
2049 |         dim: Option<usize>,
     |         ^^^ help: if this is intentional, prefix it with an underscore: `_dim`

warning: unused variable: `dim`
    --> crates/incin-backends/src/dispatch.rs:2076:9
     |
2076 |         dim: Option<usize>,
     |         ^^^ help: if this is intentional, prefix it with an underscore: `_dim`

warning: unused variable: `dim`
    --> crates/incin-backends/src/dispatch.rs:2103:9
     |
2103 |         dim: usize,
     |         ^^^ help: if this is intentional, prefix it with an underscore: `_dim`

warning: unused variable: `descending`
    --> crates/incin-backends/src/dispatch.rs:2104:9
     |
2104 |         descending: bool,
     |         ^^^^^^^^^^ help: if this is intentional, prefix it with an underscore: `_descending`

warning: unused variable: `k`
    --> crates/incin-backends/src/dispatch.rs:2134:9
     |
2134 |         k: usize,
     |         ^ help: if this is intentional, prefix it with an underscore: `_k`

warning: unused variable: `dim`
    --> crates/incin-backends/src/dispatch.rs:2135:9
     |
2135 |         dim: usize,
     |         ^^^ help: if this is intentional, prefix it with an underscore: `_dim`

warning: unused variable: `largest`
    --> crates/incin-backends/src/dispatch.rs:2136:9
     |
2136 |         largest: bool,
     |         ^^^^^^^ help: if this is intentional, prefix it with an underscore: `_largest`

warning: unused variable: `dim`
    --> crates/incin-backends/src/dispatch.rs:2188:51
     |
2188 |     pub fn sum_dim<K: DType>(t: &DispatchStorage, dim: usize) -> Result<DispatchStorage> {
     |                                                   ^^^ help: if this is intentional, prefix it with an underscore: `_dim`

warning: unused variable: `dim`
    --> crates/incin-backends/src/dispatch.rs:2191:55
     |
2191 |     pub fn sum_keepdim<K: DType>(t: &DispatchStorage, dim: usize) -> Result<DispatchStorage> {
     |                                                       ^^^ help: if this is intentional, prefix it with an underscore: `_dim`

warning: unused variable: `dim`
    --> crates/incin-backends/src/dispatch.rs:2194:52
     |
2194 |     pub fn mean_dim<K: DType>(t: &DispatchStorage, dim: usize) -> Result<DispatchStorage> {
     |                                                    ^^^ help: if this is intentional, prefix it with an underscore: `_dim`

warning: unused variable: `dim`
    --> crates/incin-backends/src/dispatch.rs:2197:56
     |
2197 |     pub fn mean_keepdim<K: DType>(t: &DispatchStorage, dim: usize) -> Result<DispatchStorage> {
     |                                                        ^^^ help: if this is intentional, prefix it with an underscore: `_dim`

warning: unused variable: `dim`
    --> crates/incin-backends/src/dispatch.rs:2200:51
     |
2200 |     pub fn max_dim<K: DType>(t: &DispatchStorage, dim: usize) -> Result<DispatchStorage> {
     |                                                   ^^^ help: if this is intentional, prefix it with an underscore: `_dim`

warning: unused variable: `dim`
    --> crates/incin-backends/src/dispatch.rs:2203:55
     |
2203 |     pub fn max_keepdim<K: DType>(t: &DispatchStorage, dim: usize) -> Result<DispatchStorage> {
     |                                                       ^^^ help: if this is intentional, prefix it with an underscore: `_dim`

warning: unused variable: `dim`
    --> crates/incin-backends/src/dispatch.rs:2206:51
     |
2206 |     pub fn min_dim<K: DType>(t: &DispatchStorage, dim: usize) -> Result<DispatchStorage> {
     |                                                   ^^^ help: if this is intentional, prefix it with an underscore: `_dim`

warning: unused variable: `dim`
    --> crates/incin-backends/src/dispatch.rs:2209:55
     |
2209 |     pub fn min_keepdim<K: DType>(t: &DispatchStorage, dim: usize) -> Result<DispatchStorage> {
     |                                                       ^^^ help: if this is intentional, prefix it with an underscore: `_dim`

warning: unused variable: `dim`
    --> crates/incin-backends/src/dispatch.rs:2215:52
     |
2215 |     pub fn prod_dim<K: DType>(t: &DispatchStorage, dim: usize) -> Result<DispatchStorage> {
     |                                                    ^^^ help: if this is intentional, prefix it with an underscore: `_dim`

warning: unused variable: `dim`
    --> crates/incin-backends/src/dispatch.rs:2218:50
     |
2218 |     pub fn cumsum<K: DType>(t: &DispatchStorage, dim: usize) -> Result<DispatchStorage> {
     |                                                  ^^^ help: if this is intentional, prefix it with an underscore: `_dim`

warning: unused variable: `weight`
    --> crates/incin-backends/src/dispatch.rs:2308:9
     |
2308 |         weight: &DispatchStorage,
     |         ^^^^^^ help: if this is intentional, prefix it with an underscore: `_weight`

warning: unused variable: `bias`
    --> crates/incin-backends/src/dispatch.rs:2309:9
     |
2309 |         bias: Option<&DispatchStorage>,
     |         ^^^^ help: if this is intentional, prefix it with an underscore: `_bias`

warning: unused variable: `eps`
    --> crates/incin-backends/src/dispatch.rs:2310:9
     |
2310 |         eps: f32,
     |         ^^^ help: if this is intentional, prefix it with an underscore: `_eps`

warning: unused variable: `w`
    --> crates/incin-backends/src/dispatch.rs:2323:9
     |
2323 |         w: Option<&DispatchStorage>,
     |         ^ help: if this is intentional, prefix it with an underscore: `_w`

warning: unused variable: `b`
    --> crates/incin-backends/src/dispatch.rs:2324:9
     |
2324 |         b: Option<&DispatchStorage>,
     |         ^ help: if this is intentional, prefix it with an underscore: `_b`

warning: unused variable: `rm`
    --> crates/incin-backends/src/dispatch.rs:2325:9
     |
2325 |         rm: Option<&DispatchStorage>,
     |         ^^ help: if this is intentional, prefix it with an underscore: `_rm`

warning: unused variable: `rv`
    --> crates/incin-backends/src/dispatch.rs:2326:9
     |
2326 |         rv: Option<&DispatchStorage>,
     |         ^^ help: if this is intentional, prefix it with an underscore: `_rv`

warning: unused variable: `e`
    --> crates/incin-backends/src/dispatch.rs:2327:9
     |
2327 |         e: f32,
     |         ^ help: if this is intentional, prefix it with an underscore: `_e`

warning: unused variable: `momentum`
    --> crates/incin-backends/src/dispatch.rs:2328:9
     |
2328 |         momentum: f64,
     |         ^^^^^^^^ help: if this is intentional, prefix it with an underscore: `_momentum`

warning: unused variable: `w`
    --> crates/incin-backends/src/dispatch.rs:2341:9
     |
2341 |         w: &DispatchStorage,
     |         ^ help: if this is intentional, prefix it with an underscore: `_w`

warning: unused variable: `w`
    --> crates/incin-backends/src/dispatch.rs:2354:9
     |
2354 |         w: &DispatchStorage,
     |         ^ help: if this is intentional, prefix it with an underscore: `_w`

warning: unused variable: `b`
    --> crates/incin-backends/src/dispatch.rs:2355:9
     |
2355 |         b: Option<&DispatchStorage>,
     |         ^ help: if this is intentional, prefix it with an underscore: `_b`

warning: unused variable: `stride`
    --> crates/incin-backends/src/dispatch.rs:2356:9
     |
2356 |         stride: usize,
     |         ^^^^^^ help: if this is intentional, prefix it with an underscore: `_stride`

warning: unused variable: `padding`
    --> crates/incin-backends/src/dispatch.rs:2357:9
     |
2357 |         padding: usize,
     |         ^^^^^^^ help: if this is intentional, prefix it with an underscore: `_padding`

warning: unused variable: `dilation`
    --> crates/incin-backends/src/dispatch.rs:2358:9
     |
2358 |         dilation: usize,
     |         ^^^^^^^^ help: if this is intentional, prefix it with an underscore: `_dilation`

warning: unused variable: `groups`
    --> crates/incin-backends/src/dispatch.rs:2359:9
     |
2359 |         groups: usize,
     |         ^^^^^^ help: if this is intentional, prefix it with an underscore: `_groups`

warning: unused variable: `w`
    --> crates/incin-backends/src/dispatch.rs:2372:9
     |
2372 |         w: &DispatchStorage,
     |         ^ help: if this is intentional, prefix it with an underscore: `_w`

warning: unused variable: `b`
    --> crates/incin-backends/src/dispatch.rs:2373:9
     |
2373 |         b: Option<&DispatchStorage>,
     |         ^ help: if this is intentional, prefix it with an underscore: `_b`

warning: unused variable: `stride`
    --> crates/incin-backends/src/dispatch.rs:2374:9
     |
2374 |         stride: usize,
     |         ^^^^^^ help: if this is intentional, prefix it with an underscore: `_stride`

warning: unused variable: `padding`
    --> crates/incin-backends/src/dispatch.rs:2375:9
     |
2375 |         padding: usize,
     |         ^^^^^^^ help: if this is intentional, prefix it with an underscore: `_padding`

warning: unused variable: `dilation`
    --> crates/incin-backends/src/dispatch.rs:2376:9
     |
2376 |         dilation: usize,
     |         ^^^^^^^^ help: if this is intentional, prefix it with an underscore: `_dilation`

warning: unused variable: `groups`
    --> crates/incin-backends/src/dispatch.rs:2377:9
     |
2377 |         groups: usize,
     |         ^^^^^^ help: if this is intentional, prefix it with an underscore: `_groups`

warning: unused variable: `w`
    --> crates/incin-backends/src/dispatch.rs:2391:9
     |
2391 |         w: &DispatchStorage,
     |         ^ help: if this is intentional, prefix it with an underscore: `_w`

warning: unused variable: `b`
    --> crates/incin-backends/src/dispatch.rs:2392:9
     |
2392 |         b: Option<&DispatchStorage>,
     |         ^ help: if this is intentional, prefix it with an underscore: `_b`

warning: unused variable: `stride`
    --> crates/incin-backends/src/dispatch.rs:2393:9
     |
2393 |         stride: usize,
     |         ^^^^^^ help: if this is intentional, prefix it with an underscore: `_stride`

warning: unused variable: `padding`
    --> crates/incin-backends/src/dispatch.rs:2394:9
     |
2394 |         padding: usize,
     |         ^^^^^^^ help: if this is intentional, prefix it with an underscore: `_padding`

warning: unused variable: `output_padding`
    --> crates/incin-backends/src/dispatch.rs:2395:9
     |
2395 |         output_padding: usize,
     |         ^^^^^^^^^^^^^^ help: if this is intentional, prefix it with an underscore: `_output_padding`

warning: unused variable: `dilation`
    --> crates/incin-backends/src/dispatch.rs:2396:9
     |
2396 |         dilation: usize,
     |         ^^^^^^^^ help: if this is intentional, prefix it with an underscore: `_dilation`

warning: unused variable: `groups`
    --> crates/incin-backends/src/dispatch.rs:2397:9
     |
2397 |         groups: usize,
     |         ^^^^^^ help: if this is intentional, prefix it with an underscore: `_groups`

warning: unused variable: `kernel_size`
    --> crates/incin-backends/src/dispatch.rs:2410:9
     |
2410 |         kernel_size: (usize, usize),
     |         ^^^^^^^^^^^ help: if this is intentional, prefix it with an underscore: `_kernel_size`

warning: unused variable: `stride`
    --> crates/incin-backends/src/dispatch.rs:2411:9
     |
2411 |         stride: (usize, usize),
     |         ^^^^^^ help: if this is intentional, prefix it with an underscore: `_stride`

warning: unused variable: `padding`
    --> crates/incin-backends/src/dispatch.rs:2412:9
     |
2412 |         padding: (usize, usize),
     |         ^^^^^^^ help: if this is intentional, prefix it with an underscore: `_padding`

warning: unused variable: `dilation`
    --> crates/incin-backends/src/dispatch.rs:2413:9
     |
2413 |         dilation: (usize, usize),
     |         ^^^^^^^^ help: if this is intentional, prefix it with an underscore: `_dilation`

warning: unused variable: `kernel_size`
    --> crates/incin-backends/src/dispatch.rs:2426:9
     |
2426 |         kernel_size: (usize, usize),
     |         ^^^^^^^^^^^ help: if this is intentional, prefix it with an underscore: `_kernel_size`

warning: unused variable: `stride`
    --> crates/incin-backends/src/dispatch.rs:2427:9
     |
2427 |         stride: (usize, usize),
     |         ^^^^^^ help: if this is intentional, prefix it with an underscore: `_stride`

warning: unused variable: `padding`
    --> crates/incin-backends/src/dispatch.rs:2428:9
     |
2428 |         padding: (usize, usize),
     |         ^^^^^^^ help: if this is intentional, prefix it with an underscore: `_padding`

warning: unused variable: `output_size`
    --> crates/incin-backends/src/dispatch.rs:2441:9
     |
2441 |         output_size: (usize, usize),
     |         ^^^^^^^^^^^ help: if this is intentional, prefix it with an underscore: `_output_size`

warning: unused variable: `target`
    --> crates/incin-backends/src/dispatch.rs:2590:9
     |
2590 |         target: &DispatchStorage,
     |         ^^^^^^ help: if this is intentional, prefix it with an underscore: `_target`

warning: unused variable: `reduction`
    --> crates/incin-backends/src/dispatch.rs:2591:9
     |
2591 |         reduction: incin_core::tensor::reduction::Reduction,
     |         ^^^^^^^^^ help: if this is intentional, prefix it with an underscore: `_reduction`

warning: unused variable: `request`
  --> crates/incin-backends/src/dispatch_capability.rs:10:9
   |
10 |         request: &PrecisionRequest,
   |         ^^^^^^^ help: if this is intentional, prefix it with an underscore: `_request`

warning: function `checked_contiguous_strides` is never used
  --> crates/incin-backends/src/layout.rs:33:15
   |
33 | pub(crate) fn checked_contiguous_strides(shape: &[usize]) -> Result<Vec<usize>> {
   |               ^^^^^^^^^^^^^^^^^^^^^^^^^^
   |
   = note: `#[warn(dead_code)]` (part of `#[warn(unused)]`) on by default

warning: function `contiguous_strides` is never used
  --> crates/incin-backends/src/layout.rs:46:15
   |
46 | pub(crate) fn contiguous_strides(shape: &[usize]) -> Vec<usize> {
   |               ^^^^^^^^^^^^^^^^^^

warning: function `broadcast_shape` is never used
  --> crates/incin-backends/src/layout.rs:57:15
   |
57 | pub(crate) fn broadcast_shape(a: &[usize], b: &[usize]) -> Result<Vec<usize>> {
   |               ^^^^^^^^^^^^^^^

warning: function `increment_index` is never used
  --> crates/incin-backends/src/layout.rs:68:15
   |
68 | pub(crate) fn increment_index(idx: &mut [usize], shape: &[usize]) {
   |               ^^^^^^^^^^^^^^^

warning: struct `BlockQ8_0` is never constructed
  --> crates/incin-backends/src/quant.rs:17:12
   |
17 | pub struct BlockQ8_0 {
   |            ^^^^^^^^^

warning: function `assert_backend` is never used
   --> crates/incin-backends/src/backend_kind.rs:130:8
    |
130 |     fn assert_backend<B: Backend>() {}
    |        ^^^^^^^^^^^^^^
    |
    = note: `#[warn(dead_code)]` (part of `#[warn(unused)]`) on by default

warning: `incin-backends` (lib) generated 139 warnings (run `cargo fix --lib -p incin-backends` to apply 129 suggestions)
warning: `incin-backends` (lib test) generated 146 warnings (133 duplicates) (run `cargo fix --lib -p incin-backends --tests` to apply 12 suggestions)
    Finished `dev` profile [unoptimized] target(s) in 6.15s

info: running `cargo check --all-targets --no-default-features --features compiled,cpu-blas,cuda-vendor,default,distributed-nccl,distributed-reference,metal-mps,target-api,telemetry,test-utils,wgpu` on incin-backends (2/8212)
   Compiling libc v0.2.186
   Compiling getrandom v0.3.4
    Checking option-ext v0.2.0
   Compiling matrixmultiply v0.3.11
   Compiling cudarc v0.19.8
   Compiling doctest-file v1.1.1
    Checking crossbeam-channel v0.5.16
    Checking libloading v0.9.0
    Checking rawpointer v0.2.1
    Checking parking_lot_core v0.9.12
    Checking getrandom v0.2.17
    Checking getrandom v0.4.3
    Checking khronos-egl v6.0.0
    Checking dirs-sys v0.5.0
    Checking interprocess v2.4.2
    Checking fs2 v0.4.3
    Checking dirs v6.0.0
    Checking uuid v1.23.4
    Checking tempfile v3.27.0
    Checking rand_core v0.9.3
    Checking rand_core v0.6.4
    Checking parking_lot v0.12.5
    Checking rand_chacha v0.3.1
    Checking rand_chacha v0.9.0
    Checking wgpu-hal v22.0.0
    Checking rand v0.9.2
    Checking rand v0.8.6
    Checking rand_distr v0.5.1
    Checking rand_distr v0.4.3
    Checking half v2.7.1
    Checking digit-layout v0.3.1
    Checking ggml-quants v0.1.0
    Checking incin-core v0.0.0 (/home/xupremix/Projects/incin/crates/incin-core)
    Checking wgpu-core v22.1.0
warning: unused import: `alloc::vec`
 --> crates/incin-core/src/compiled/artifact.rs:5:5
  |
5 | use alloc::vec;
  |     ^^^^^^^^^^
  |
  = note: `#[warn(unused_imports)]` (part of `#[warn(unused)]`) on by default

warning: unused import: `CapturedNode`
 --> crates/incin-core/src/compiled/fusion.rs:5:47
  |
5 | use crate::compiled::capture::{CapturedGraph, CapturedNode};
  |                                               ^^^^^^^^^^^^

warning: unused import: `alloc::string::String`
 --> crates/incin-core/src/compiled/plan.rs:4:5
  |
4 | use alloc::string::String;
  |     ^^^^^^^^^^^^^^^^^^^^^

warning: unused import: `SymbolEnvironment`
  --> crates/incin-core/src/compiled/plan.rs:12:57
   |
12 |     DimExpr, LayoutClass, OperationIdentity, ShapeExpr, SymbolEnvironment, SymbolTable,
   |                                                         ^^^^^^^^^^^^^^^^^

    Checking wgpu v22.1.0
warning: function `export_captured_to_onnx` is never used
   --> crates/incin-core/src/onnx_exporter.rs:116:8
    |
116 | pub fn export_captured_to_onnx(graph: &CapturedGraph, path: &Path) -> anyhow::Result<()> {
    |        ^^^^^^^^^^^^^^^^^^^^^^^
    |
    = note: `#[warn(dead_code)]` (part of `#[warn(unused)]`) on by default

warning: `incin-core` (lib) generated 5 warnings (run `cargo fix --lib -p incin-core` to apply 4 suggestions)
    Checking incin-telemetry v0.0.0 (/home/xupremix/Projects/incin/crates/incin-telemetry)
    Checking incin-backends v0.0.0 (/home/xupremix/Projects/incin/crates/incin-backends)
warning: unused import: `MetalN`
  --> crates/incin-backends/src/target.rs:90:41
   |
90 | use incin_core::tensor::device::{Metal, MetalN};
   |                                         ^^^^^^
   |
   = note: `#[warn(unused_imports)]` (part of `#[warn(unused)]`) on by default

warning: unused imports: `Dyn` and `StrideBuf`
 --> crates/incin-backends/src/cuda/backend.rs:5:26
  |
5 | use incin_core::shapes::{Dyn, OperationKind, ShapeError, StrideBuf};
  |                          ^^^                             ^^^^^^^^^

warning: unused import: `Q8_0`
 --> crates/incin-backends/src/cuda/backend.rs:8:62
  |
8 |     ConstDType, DType, DTypeDescriptor, DTypeId, FloatDType, Q8_0, QuantDType,
  |                                                              ^^^^

warning: unused import: `Shape`
  --> crates/incin-backends/src/cuda/executor.rs:11:41
   |
11 | use incin_core::shapes::{OperationKind, Shape};
   |                                         ^^^^^

warning: unused imports: `FloatToIntPolicy` and `convert_f64_to_i64`
 --> crates/incin-backends/src/metal/backend.rs:6:46
  |
6 | use incin_core::error::{BackendError, Error, FloatToIntPolicy, Result, convert_f64_to_i64};
  |                                              ^^^^^^^^^^^^^^^^          ^^^^^^^^^^^^^^^^^^

warning: unused imports: `Dyn` and `StrideBuf`
  --> crates/incin-backends/src/metal/backend.rs:10:26
   |
10 | use incin_core::shapes::{Dyn, ShapeError, StrideBuf};
   |                          ^^^              ^^^^^^^^^

warning: unused imports: `DTypeId` and `Q8_0`
  --> crates/incin-backends/src/metal/backend.rs:13:41
   |
13 |     ConstDType, DType, DTypeDescriptor, DTypeId, FloatDType, Q8_0, QuantDType,
   |                                         ^^^^^^^              ^^^^

warning: unused import: `native_precision`
  --> crates/incin-backends/src/metal/backend.rs:16:43
   |
16 | pub(crate) use crate::metal::capability::{native_precision, validate_metal_storage_dtype};
   |                                           ^^^^^^^^^^^^^^^^

warning: unused import: `Shape`
 --> crates/incin-backends/src/metal/executor.rs:6:41
  |
6 | use incin_core::shapes::{OperationKind, Shape};
  |                                         ^^^^^

warning: unused import: `incin_core::backend_authoring::Backend`
    --> crates/incin-backends/src/dist/nccl.rs:2205:9
     |
2205 |     use incin_core::backend_authoring::Backend;
     |         ^^^^^^^^^^^^^^^^^^^^^^^^^^^^^^^^^^^^^^
     |
     = note: `#[warn(unused_imports)]` (part of `#[warn(unused)]`) on by default

warning: unused import: `MetalN`
  --> crates/incin-backends/src/target.rs:90:41
   |
90 | use incin_core::tensor::device::{Metal, MetalN};
   |                                         ^^^^^^

warning: unused imports: `AutogradBackend` and `HostInterop`
    --> crates/incin-backends/src/cuda/backend.rs:3338:41
     |
3338 |     use incin_core::backend_authoring::{AutogradBackend, HostInterop};
     |                                         ^^^^^^^^^^^^^^^  ^^^^^^^^^^^

warning: `incin-backends` (lib) generated 9 warnings (run `cargo fix --lib -p incin-backends` to apply 9 suggestions)
warning: `incin-backends` (lib test) generated 11 warnings (8 duplicates) (run `cargo fix --lib -p incin-backends --tests` to apply 3 suggestions)
    Finished `dev` profile [unoptimized] target(s) in 16.15s

info: running `cargo check --all-targets --no-default-features --features autotune` on incin-backends (3/8212)
    Checking getrandom v0.3.4
   Compiling cudarc v0.19.8
   Compiling incin-core v0.0.0 (/home/xupremix/Projects/incin/crates/incin-core)
    Checking rand_core v0.9.3
    Checking rand_chacha v0.9.0
    Checking rand v0.9.2
    Checking rand_distr v0.5.1
    Checking half v2.7.1
    Checking digit-layout v0.3.1
    Checking ggml-quants v0.1.0
    Checking incin-backends v0.0.0 (/home/xupremix/Projects/incin/crates/incin-backends)
warning: unused macro definition: `cpu_unary_call`
   --> crates/incin-backends/src/dispatch.rs:326:14
    |
326 | macro_rules! cpu_unary_call {
    |              ^^^^^^^^^^^^^^
    |
    = note: `#[warn(unused_macros)]` (part of `#[warn(unused)]`) on by default

warning: unused macro definition: `cpu_reduction_call`
   --> crates/incin-backends/src/dispatch.rs:500:14
    |
500 | macro_rules! cpu_reduction_call {
    |              ^^^^^^^^^^^^^^^^^^

warning: unused macro definition: `cpu_shape_call`
   --> crates/incin-backends/src/dispatch.rs:568:14
    |
568 | macro_rules! cpu_shape_call {
    |              ^^^^^^^^^^^^^^

warning: unused macro definition: `cpu_binary_call`
   --> crates/incin-backends/src/dispatch.rs:711:14
    |
711 | macro_rules! cpu_binary_call {
    |              ^^^^^^^^^^^^^^^

warning: unused import: `Cpu`
  --> crates/incin-backends/src/target.rs:86:34
   |
86 | use incin_core::tensor::device::{Cpu, Device, DeviceId};
   |                                  ^^^
   |
   = note: `#[warn(unused_imports)]` (part of `#[warn(unused)]`) on by default

warning: unused macro definition: `impl_unit_arg_target`
   --> crates/incin-backends/src/target.rs:842:14
    |
842 | macro_rules! impl_unit_arg_target {
    |              ^^^^^^^^^^^^^^^^^^^^

warning: unused imports: `Dyn` and `StrideBuf`
 --> crates/incin-backends/src/cuda/backend.rs:5:26
  |
5 | use incin_core::shapes::{Dyn, OperationKind, ShapeError, StrideBuf};
  |                          ^^^                             ^^^^^^^^^

warning: unused import: `Q8_0`
 --> crates/incin-backends/src/cuda/backend.rs:8:62
  |
8 |     ConstDType, DType, DTypeDescriptor, DTypeId, FloatDType, Q8_0, QuantDType,
  |                                                              ^^^^

warning: unused import: `Shape`
  --> crates/incin-backends/src/cuda/executor.rs:11:41
   |
11 | use incin_core::shapes::{OperationKind, Shape};
   |                                         ^^^^^

warning: unused import: `incin_core::shapes::buf::ShapeBuf`
 --> crates/incin-backends/src/backend_kind.rs:8:5
  |
8 | use incin_core::shapes::buf::ShapeBuf;
  |     ^^^^^^^^^^^^^^^^^^^^^^^^^^^^^^^^^
  |
  = note: `#[warn(unused_imports)]` (part of `#[warn(unused)]`) on by default

warning: unused import: `incin_core::shapes::dynamic::Dyn`
  --> crates/incin-backends/src/backend_kind.rs:10:5
   |
10 | use incin_core::shapes::dynamic::Dyn;
   |     ^^^^^^^^^^^^^^^^^^^^^^^^^^^^^^^^

warning: unused import: `incin_core::tensor::device::Cpu`
  --> crates/incin-backends/src/backend_kind.rs:12:5
   |
12 | use incin_core::tensor::device::Cpu;
   |     ^^^^^^^^^^^^^^^^^^^^^^^^^^^^^^^

warning: unused import: `super::*`
   --> crates/incin-backends/src/backend_kind.rs:109:9
    |
109 |     use super::*;
    |         ^^^^^^^^

warning: unused import: `incin_core::error::Error`
   --> crates/incin-backends/src/backend_kind.rs:113:9
    |
113 |     use incin_core::error::Error;
    |         ^^^^^^^^^^^^^^^^^^^^^^^^

warning: unused imports: `LayerNorm` and `Linear`
   --> crates/incin-backends/src/backend_kind.rs:116:26
    |
116 |     use incin_core::nn::{LayerNorm, Linear};
    |                          ^^^^^^^^^  ^^^^^^

warning: unused import: `incin_core::shapes::OperationKind`
   --> crates/incin-backends/src/backend_kind.rs:117:9
    |
117 |     use incin_core::shapes::OperationKind;
    |         ^^^^^^^^^^^^^^^^^^^^^^^^^^^^^^^^^

warning: unused import: `incin_core::tensor::base::Tensor`
   --> crates/incin-backends/src/backend_kind.rs:118:9
    |
118 |     use incin_core::tensor::base::Tensor;
    |         ^^^^^^^^^^^^^^^^^^^^^^^^^^^^^^^^

warning: unused import: `incin_core::tensor::device::DeviceId`
   --> crates/incin-backends/src/backend_kind.rs:119:9
    |
119 |     use incin_core::tensor::device::DeviceId;
    |         ^^^^^^^^^^^^^^^^^^^^^^^^^^^^^^^^^^^^

warning: unused imports: `Grad` and `RequiresGrad`
   --> crates/incin-backends/src/backend_kind.rs:122:36
    |
122 |     use incin_core::tensor::grad::{Grad, RequiresGrad};
    |                                    ^^^^  ^^^^^^^^^^^^

warning: unused import: `incin_core::tensor::transfer::ToDevice`
   --> crates/incin-backends/src/backend_kind.rs:123:9
    |
123 |     use incin_core::tensor::transfer::ToDevice;
    |         ^^^^^^^^^^^^^^^^^^^^^^^^^^^^^^^^^^^^^^

warning: unused import: `Cpu`
  --> crates/incin-backends/src/target.rs:86:34
   |
86 | use incin_core::tensor::device::{Cpu, Device, DeviceId};
   |                                  ^^^

warning: unused imports: `AutogradBackend` and `HostInterop`
    --> crates/incin-backends/src/cuda/backend.rs:3338:41
     |
3338 |     use incin_core::backend_authoring::{AutogradBackend, HostInterop};
     |                                         ^^^^^^^^^^^^^^^  ^^^^^^^^^^^

warning: unused variable: `request`
  --> crates/incin-backends/src/dispatch_capability.rs:10:9
   |
10 |         request: &PrecisionRequest,
   |         ^^^^^^^ help: if this is intentional, prefix it with an underscore: `_request`
   |
   = note: `#[warn(unused_variables)]` (part of `#[warn(unused)]`) on by default

warning: method `physical_index` is never used
  --> crates/incin-backends/src/iteration.rs:31:19
   |
29 | impl OperandIteration {
   | --------------------- method in this implementation
30 |     #[inline]
31 |     pub(crate) fn physical_index(&self, mut flat_index: usize, output_shape: &[usize]) -> usize {
   |                   ^^^^^^^^^^^^^^
   |
   = note: `#[warn(dead_code)]` (part of `#[warn(unused)]`) on by default

warning: `incin-backends` (lib) generated 11 warnings (run `cargo fix --lib -p incin-backends` to apply 5 suggestions)
warning: `incin-backends` (lib test) generated 22 warnings (9 duplicates) (run `cargo fix --lib -p incin-backends --tests` to apply 13 suggestions)
    Finished `dev` profile [unoptimized] target(s) in 9.36s

info: running `cargo check --all-targets --no-default-features --features compiled` on incin-backends (4/8212)
   Compiling incin-core v0.0.0 (/home/xupremix/Projects/incin/crates/incin-core)
warning: unused import: `alloc::vec`
 --> crates/incin-core/src/compiled/artifact.rs:5:5
  |
5 | use alloc::vec;
  |     ^^^^^^^^^^
  |
  = note: `#[warn(unused_imports)]` (part of `#[warn(unused)]`) on by default

warning: unused import: `CapturedNode`
 --> crates/incin-core/src/compiled/fusion.rs:5:47
  |
5 | use crate::compiled::capture::{CapturedGraph, CapturedNode};
  |                                               ^^^^^^^^^^^^

warning: unused import: `alloc::string::String`
 --> crates/incin-core/src/compiled/plan.rs:4:5
  |
4 | use alloc::string::String;
  |     ^^^^^^^^^^^^^^^^^^^^^

warning: unused import: `SymbolEnvironment`
  --> crates/incin-core/src/compiled/plan.rs:12:57
   |
12 |     DimExpr, LayoutClass, OperationIdentity, ShapeExpr, SymbolEnvironment, SymbolTable,
   |                                                         ^^^^^^^^^^^^^^^^^

warning: function `export_captured_to_onnx` is never used
   --> crates/incin-core/src/onnx_exporter.rs:116:8
    |
116 | pub fn export_captured_to_onnx(graph: &CapturedGraph, path: &Path) -> anyhow::Result<()> {
    |        ^^^^^^^^^^^^^^^^^^^^^^^
    |
    = note: `#[warn(dead_code)]` (part of `#[warn(unused)]`) on by default

warning: `incin-core` (lib) generated 5 warnings (run `cargo fix --lib -p incin-core` to apply 4 suggestions)
    Checking incin-backends v0.0.0 (/home/xupremix/Projects/incin/crates/incin-backends)
    Finished `dev` profile [unoptimized] target(s) in 9.16s

info: running `cargo check --all-targets --no-default-features --features autotune,compiled` on incin-backends (5/8212)
   Compiling incin-core v0.0.0 (/home/xupremix/Projects/incin/crates/incin-core)
warning: unused import: `alloc::vec`
 --> crates/incin-core/src/compiled/artifact.rs:5:5
  |
5 | use alloc::vec;
  |     ^^^^^^^^^^
  |
  = note: `#[warn(unused_imports)]` (part of `#[warn(unused)]`) on by default

warning: unused import: `CapturedNode`
 --> crates/incin-core/src/compiled/fusion.rs:5:47
  |
5 | use crate::compiled::capture::{CapturedGraph, CapturedNode};
  |                                               ^^^^^^^^^^^^

warning: unused import: `alloc::string::String`
 --> crates/incin-core/src/compiled/plan.rs:4:5
  |
4 | use alloc::string::String;
  |     ^^^^^^^^^^^^^^^^^^^^^

warning: unused import: `SymbolEnvironment`
  --> crates/incin-core/src/compiled/plan.rs:12:57
   |
12 |     DimExpr, LayoutClass, OperationIdentity, ShapeExpr, SymbolEnvironment, SymbolTable,
   |                                                         ^^^^^^^^^^^^^^^^^

warning: function `export_captured_to_onnx` is never used
   --> crates/incin-core/src/onnx_exporter.rs:116:8
    |
116 | pub fn export_captured_to_onnx(graph: &CapturedGraph, path: &Path) -> anyhow::Result<()> {
    |        ^^^^^^^^^^^^^^^^^^^^^^^
    |
    = note: `#[warn(dead_code)]` (part of `#[warn(unused)]`) on by default

warning: `incin-core` (lib) generated 5 warnings (run `cargo fix --lib -p incin-core` to apply 4 suggestions)
    Checking incin-backends v0.0.0 (/home/xupremix/Projects/incin/crates/incin-backends)
warning: unused imports: `Dyn` and `StrideBuf`
 --> crates/incin-backends/src/cuda/backend.rs:5:26
  |
5 | use incin_core::shapes::{Dyn, OperationKind, ShapeError, StrideBuf};
  |                          ^^^                             ^^^^^^^^^
  |
  = note: `#[warn(unused_imports)]` (part of `#[warn(unused)]`) on by default

warning: unused import: `Q8_0`
 --> crates/incin-backends/src/cuda/backend.rs:8:62
  |
8 |     ConstDType, DType, DTypeDescriptor, DTypeId, FloatDType, Q8_0, QuantDType,
  |                                                              ^^^^

warning: unused import: `Shape`
  --> crates/incin-backends/src/cuda/executor.rs:11:41
   |
11 | use incin_core::shapes::{OperationKind, Shape};
   |                                         ^^^^^

warning: unused imports: `AutogradBackend` and `HostInterop`
    --> crates/incin-backends/src/cuda/backend.rs:3338:41
     |
3338 |     use incin_core::backend_authoring::{AutogradBackend, HostInterop};
     |                                         ^^^^^^^^^^^^^^^  ^^^^^^^^^^^

warning: `incin-backends` (lib) generated 3 warnings (run `cargo fix --lib -p incin-backends` to apply 3 suggestions)
warning: `incin-backends` (lib test) generated 4 warnings (3 duplicates) (run `cargo fix --lib -p incin-backends --tests` to apply 1 suggestion)
    Finished `dev` profile [unoptimized] target(s) in 10.81s

info: running `cargo check --all-targets --no-default-features --features cpu` on incin-backends (6/8212)
   Compiling incin-core v0.0.0 (/home/xupremix/Projects/incin/crates/incin-core)
    Checking incin-backends v0.0.0 (/home/xupremix/Projects/incin/crates/incin-backends)
    Finished `dev` profile [unoptimized] target(s) in 8.67s

info: running `cargo check --all-targets --no-default-features --features autotune,cpu` on incin-backends (7/8212)
    Checking incin-backends v0.0.0 (/home/xupremix/Projects/incin/crates/incin-backends)
warning: unused imports: `Dyn` and `StrideBuf`
 --> crates/incin-backends/src/cuda/backend.rs:5:26
  |
5 | use incin_core::shapes::{Dyn, OperationKind, ShapeError, StrideBuf};
  |                          ^^^                             ^^^^^^^^^
  |
  = note: `#[warn(unused_imports)]` (part of `#[warn(unused)]`) on by default

warning: unused import: `Q8_0`
 --> crates/incin-backends/src/cuda/backend.rs:8:62
  |
8 |     ConstDType, DType, DTypeDescriptor, DTypeId, FloatDType, Q8_0, QuantDType,
  |                                                              ^^^^

warning: unused import: `Shape`
  --> crates/incin-backends/src/cuda/executor.rs:11:41
   |
11 | use incin_core::shapes::{OperationKind, Shape};
   |                                         ^^^^^

warning: unused imports: `AutogradBackend` and `HostInterop`
    --> crates/incin-backends/src/cuda/backend.rs:3338:41
     |
3338 |     use incin_core::backend_authoring::{AutogradBackend, HostInterop};
     |                                         ^^^^^^^^^^^^^^^  ^^^^^^^^^^^

warning: `incin-backends` (lib) generated 3 warnings (run `cargo fix --lib -p incin-backends` to apply 3 suggestions)
warning: `incin-backends` (lib test) generated 4 warnings (3 duplicates) (run `cargo fix --lib -p incin-backends --tests` to apply 1 suggestion)
    Finished `dev` profile [unoptimized] target(s) in 4.36s

info: running `cargo check --all-targets --no-default-features --features cpu-blas` on incin-backends (8/8212)
    Checking incin-backends v0.0.0 (/home/xupremix/Projects/incin/crates/incin-backends)
    Finished `dev` profile [unoptimized] target(s) in 2.81s

info: running `cargo check --all-targets --no-default-features --features autotune,cpu-blas` on incin-backends (9/8212)
    Checking incin-backends v0.0.0 (/home/xupremix/Projects/incin/crates/incin-backends)
warning: unused imports: `Dyn` and `StrideBuf`
 --> crates/incin-backends/src/cuda/backend.rs:5:26
  |
5 | use incin_core::shapes::{Dyn, OperationKind, ShapeError, StrideBuf};
  |                          ^^^                             ^^^^^^^^^
  |
  = note: `#[warn(unused_imports)]` (part of `#[warn(unused)]`) on by default

warning: unused import: `Q8_0`
 --> crates/incin-backends/src/cuda/backend.rs:8:62
  |
8 |     ConstDType, DType, DTypeDescriptor, DTypeId, FloatDType, Q8_0, QuantDType,
  |                                                              ^^^^

warning: unused import: `Shape`
  --> crates/incin-backends/src/cuda/executor.rs:11:41
   |
11 | use incin_core::shapes::{OperationKind, Shape};
   |                                         ^^^^^

warning: unused imports: `AutogradBackend` and `HostInterop`
    --> crates/incin-backends/src/cuda/backend.rs:3338:41
     |
3338 |     use incin_core::backend_authoring::{AutogradBackend, HostInterop};
     |                                         ^^^^^^^^^^^^^^^  ^^^^^^^^^^^

warning: `incin-backends` (lib) generated 3 warnings (run `cargo fix --lib -p incin-backends` to apply 3 suggestions)
warning: `incin-backends` (lib test) generated 4 warnings (3 duplicates) (run `cargo fix --lib -p incin-backends --tests` to apply 1 suggestion)
    Finished `dev` profile [unoptimized] target(s) in 4.34s

info: running `cargo check --all-targets --no-default-features --features compiled,cpu-blas` on incin-backends (10/8212)
warning: unused import: `alloc::vec`
 --> crates/incin-core/src/compiled/artifact.rs:5:5
  |
5 | use alloc::vec;
  |     ^^^^^^^^^^
  |
  = note: `#[warn(unused_imports)]` (part of `#[warn(unused)]`) on by default

warning: unused import: `CapturedNode`
 --> crates/incin-core/src/compiled/fusion.rs:5:47
  |
5 | use crate::compiled::capture::{CapturedGraph, CapturedNode};
  |                                               ^^^^^^^^^^^^

warning: unused import: `alloc::string::String`
 --> crates/incin-core/src/compiled/plan.rs:4:5
  |
4 | use alloc::string::String;
  |     ^^^^^^^^^^^^^^^^^^^^^

warning: unused import: `SymbolEnvironment`
  --> crates/incin-core/src/compiled/plan.rs:12:57
   |
12 |     DimExpr, LayoutClass, OperationIdentity, ShapeExpr, SymbolEnvironment, SymbolTable,
   |                                                         ^^^^^^^^^^^^^^^^^

warning: function `export_captured_to_onnx` is never used
   --> crates/incin-core/src/onnx_exporter.rs:116:8
    |
116 | pub fn export_captured_to_onnx(graph: &CapturedGraph, path: &Path) -> anyhow::Result<()> {
    |        ^^^^^^^^^^^^^^^^^^^^^^^
    |
    = note: `#[warn(dead_code)]` (part of `#[warn(unused)]`) on by default

warning: `incin-core` (lib) generated 5 warnings (run `cargo fix --lib -p incin-core` to apply 4 suggestions)
    Checking incin-backends v0.0.0 (/home/xupremix/Projects/incin/crates/incin-backends)
    Finished `dev` profile [unoptimized] target(s) in 2.87s

info: running `cargo check --all-targets --no-default-features --features autotune,compiled,cpu-blas` on incin-backends (11/8212)
warning: unused import: `alloc::vec`
 --> crates/incin-core/src/compiled/artifact.rs:5:5
  |
5 | use alloc::vec;
  |     ^^^^^^^^^^
  |
  = note: `#[warn(unused_imports)]` (part of `#[warn(unused)]`) on by default

warning: unused import: `CapturedNode`
 --> crates/incin-core/src/compiled/fusion.rs:5:47
  |
5 | use crate::compiled::capture::{CapturedGraph, CapturedNode};
  |                                               ^^^^^^^^^^^^

warning: unused import: `alloc::string::String`
 --> crates/incin-core/src/compiled/plan.rs:4:5
  |
4 | use alloc::string::String;
  |     ^^^^^^^^^^^^^^^^^^^^^

warning: unused import: `SymbolEnvironment`
  --> crates/incin-core/src/compiled/plan.rs:12:57
   |
12 |     DimExpr, LayoutClass, OperationIdentity, ShapeExpr, SymbolEnvironment, SymbolTable,
   |                                                         ^^^^^^^^^^^^^^^^^

warning: function `export_captured_to_onnx` is never used
   --> crates/incin-core/src/onnx_exporter.rs:116:8
    |
116 | pub fn export_captured_to_onnx(graph: &CapturedGraph, path: &Path) -> anyhow::Result<()> {
    |        ^^^^^^^^^^^^^^^^^^^^^^^
    |
    = note: `#[warn(dead_code)]` (part of `#[warn(unused)]`) on by default

warning: `incin-core` (lib) generated 5 warnings (run `cargo fix --lib -p incin-core` to apply 4 suggestions)
    Checking incin-backends v0.0.0 (/home/xupremix/Projects/incin/crates/incin-backends)
warning: unused imports: `Dyn` and `StrideBuf`
 --> crates/incin-backends/src/cuda/backend.rs:5:26
  |
5 | use incin_core::shapes::{Dyn, OperationKind, ShapeError, StrideBuf};
  |                          ^^^                             ^^^^^^^^^
  |
  = note: `#[warn(unused_imports)]` (part of `#[warn(unused)]`) on by default

warning: unused import: `Q8_0`
 --> crates/incin-backends/src/cuda/backend.rs:8:62
  |
8 |     ConstDType, DType, DTypeDescriptor, DTypeId, FloatDType, Q8_0, QuantDType,
  |                                                              ^^^^

warning: unused import: `Shape`
  --> crates/incin-backends/src/cuda/executor.rs:11:41
   |
11 | use incin_core::shapes::{OperationKind, Shape};
   |                                         ^^^^^

warning: unused imports: `AutogradBackend` and `HostInterop`
    --> crates/incin-backends/src/cuda/backend.rs:3338:41
     |
3338 |     use incin_core::backend_authoring::{AutogradBackend, HostInterop};
     |                                         ^^^^^^^^^^^^^^^  ^^^^^^^^^^^

warning: `incin-backends` (lib) generated 3 warnings (run `cargo fix --lib -p incin-backends` to apply 3 suggestions)
warning: `incin-backends` (lib test) generated 4 warnings (3 duplicates) (run `cargo fix --lib -p incin-backends --tests` to apply 1 suggestion)
    Finished `dev` profile [unoptimized] target(s) in 4.49s

info: running `cargo check --all-targets --no-default-features --features cuda` on incin-backends (12/8212)
    Checking incin-backends v0.0.0 (/home/xupremix/Projects/incin/crates/incin-backends)
warning: unused macro definition: `cpu_unary_call`
   --> crates/incin-backends/src/dispatch.rs:326:14
    |
326 | macro_rules! cpu_unary_call {
    |              ^^^^^^^^^^^^^^
    |
    = note: `#[warn(unused_macros)]` (part of `#[warn(unused)]`) on by default

warning: unused macro definition: `cpu_reduction_call`
   --> crates/incin-backends/src/dispatch.rs:500:14
    |
500 | macro_rules! cpu_reduction_call {
    |              ^^^^^^^^^^^^^^^^^^

warning: unused macro definition: `cpu_shape_call`
   --> crates/incin-backends/src/dispatch.rs:568:14
    |
568 | macro_rules! cpu_shape_call {
    |              ^^^^^^^^^^^^^^

warning: unused macro definition: `cpu_binary_call`
   --> crates/incin-backends/src/dispatch.rs:711:14
    |
711 | macro_rules! cpu_binary_call {
    |              ^^^^^^^^^^^^^^^

warning: unused import: `Cpu`
  --> crates/incin-backends/src/target.rs:86:34
   |
86 | use incin_core::tensor::device::{Cpu, Device, DeviceId};
   |                                  ^^^
   |
   = note: `#[warn(unused_imports)]` (part of `#[warn(unused)]`) on by default

warning: unused macro definition: `impl_unit_arg_target`
   --> crates/incin-backends/src/target.rs:842:14
    |
842 | macro_rules! impl_unit_arg_target {
    |              ^^^^^^^^^^^^^^^^^^^^

warning: unused imports: `Dyn` and `StrideBuf`
 --> crates/incin-backends/src/cuda/backend.rs:5:26
  |
5 | use incin_core::shapes::{Dyn, OperationKind, ShapeError, StrideBuf};
  |                          ^^^                             ^^^^^^^^^

warning: unused import: `Q8_0`
 --> crates/incin-backends/src/cuda/backend.rs:8:62
  |
8 |     ConstDType, DType, DTypeDescriptor, DTypeId, FloatDType, Q8_0, QuantDType,
  |                                                              ^^^^

warning: unused import: `Shape`
  --> crates/incin-backends/src/cuda/executor.rs:11:41
   |
11 | use incin_core::shapes::{OperationKind, Shape};
   |                                         ^^^^^

warning: unused import: `incin_core::shapes::buf::ShapeBuf`
 --> crates/incin-backends/src/backend_kind.rs:8:5
  |
8 | use incin_core::shapes::buf::ShapeBuf;
  |     ^^^^^^^^^^^^^^^^^^^^^^^^^^^^^^^^^
  |
  = note: `#[warn(unused_imports)]` (part of `#[warn(unused)]`) on by default

warning: unused import: `incin_core::shapes::dynamic::Dyn`
  --> crates/incin-backends/src/backend_kind.rs:10:5
   |
10 | use incin_core::shapes::dynamic::Dyn;
   |     ^^^^^^^^^^^^^^^^^^^^^^^^^^^^^^^^

warning: unused import: `incin_core::tensor::device::Cpu`
  --> crates/incin-backends/src/backend_kind.rs:12:5
   |
12 | use incin_core::tensor::device::Cpu;
   |     ^^^^^^^^^^^^^^^^^^^^^^^^^^^^^^^

warning: unused import: `super::*`
   --> crates/incin-backends/src/backend_kind.rs:109:9
    |
109 |     use super::*;
    |         ^^^^^^^^

warning: unused import: `incin_core::error::Error`
   --> crates/incin-backends/src/backend_kind.rs:113:9
    |
113 |     use incin_core::error::Error;
    |         ^^^^^^^^^^^^^^^^^^^^^^^^

warning: unused imports: `LayerNorm` and `Linear`
   --> crates/incin-backends/src/backend_kind.rs:116:26
    |
116 |     use incin_core::nn::{LayerNorm, Linear};
    |                          ^^^^^^^^^  ^^^^^^

warning: unused import: `incin_core::shapes::OperationKind`
   --> crates/incin-backends/src/backend_kind.rs:117:9
    |
117 |     use incin_core::shapes::OperationKind;
    |         ^^^^^^^^^^^^^^^^^^^^^^^^^^^^^^^^^

warning: unused import: `incin_core::tensor::base::Tensor`
   --> crates/incin-backends/src/backend_kind.rs:118:9
    |
118 |     use incin_core::tensor::base::Tensor;
    |         ^^^^^^^^^^^^^^^^^^^^^^^^^^^^^^^^

warning: unused import: `incin_core::tensor::device::DeviceId`
   --> crates/incin-backends/src/backend_kind.rs:119:9
    |
119 |     use incin_core::tensor::device::DeviceId;
    |         ^^^^^^^^^^^^^^^^^^^^^^^^^^^^^^^^^^^^

warning: unused imports: `Grad` and `RequiresGrad`
   --> crates/incin-backends/src/backend_kind.rs:122:36
    |
122 |     use incin_core::tensor::grad::{Grad, RequiresGrad};
    |                                    ^^^^  ^^^^^^^^^^^^

warning: unused import: `incin_core::tensor::transfer::ToDevice`
   --> crates/incin-backends/src/backend_kind.rs:123:9
    |
123 |     use incin_core::tensor::transfer::ToDevice;
    |         ^^^^^^^^^^^^^^^^^^^^^^^^^^^^^^^^^^^^^^

warning: unused import: `Cpu`
  --> crates/incin-backends/src/target.rs:86:34
   |
86 | use incin_core::tensor::device::{Cpu, Device, DeviceId};
   |                                  ^^^

warning: unused imports: `AutogradBackend` and `HostInterop`
    --> crates/incin-backends/src/cuda/backend.rs:3338:41
     |
3338 |     use incin_core::backend_authoring::{AutogradBackend, HostInterop};
     |                                         ^^^^^^^^^^^^^^^  ^^^^^^^^^^^

warning: unused variable: `request`
  --> crates/incin-backends/src/dispatch_capability.rs:10:9
   |
10 |         request: &PrecisionRequest,
   |         ^^^^^^^ help: if this is intentional, prefix it with an underscore: `_request`
   |
   = note: `#[warn(unused_variables)]` (part of `#[warn(unused)]`) on by default

warning: method `physical_index` is never used
  --> crates/incin-backends/src/iteration.rs:31:19
   |
29 | impl OperandIteration {
   | --------------------- method in this implementation
30 |     #[inline]
31 |     pub(crate) fn physical_index(&self, mut flat_index: usize, output_shape: &[usize]) -> usize {
   |                   ^^^^^^^^^^^^^^
   |
   = note: `#[warn(dead_code)]` (part of `#[warn(unused)]`) on by default

warning: `incin-backends` (lib) generated 11 warnings (run `cargo fix --lib -p incin-backends` to apply 5 suggestions)
warning: `incin-backends` (lib test) generated 22 warnings (9 duplicates) (run `cargo fix --lib -p incin-backends --tests` to apply 13 suggestions)
    Finished `dev` profile [unoptimized] target(s) in 2.26s

info: running `cargo check --all-targets --no-default-features --features compiled,cuda` on incin-backends (13/8212)
warning: unused import: `alloc::vec`
 --> crates/incin-core/src/compiled/artifact.rs:5:5
  |
5 | use alloc::vec;
  |     ^^^^^^^^^^
  |
  = note: `#[warn(unused_imports)]` (part of `#[warn(unused)]`) on by default

warning: unused import: `CapturedNode`
 --> crates/incin-core/src/compiled/fusion.rs:5:47
  |
5 | use crate::compiled::capture::{CapturedGraph, CapturedNode};
  |                                               ^^^^^^^^^^^^

warning: unused import: `alloc::string::String`
 --> crates/incin-core/src/compiled/plan.rs:4:5
  |
4 | use alloc::string::String;
  |     ^^^^^^^^^^^^^^^^^^^^^

warning: unused import: `SymbolEnvironment`
  --> crates/incin-core/src/compiled/plan.rs:12:57
   |
12 |     DimExpr, LayoutClass, OperationIdentity, ShapeExpr, SymbolEnvironment, SymbolTable,
   |                                                         ^^^^^^^^^^^^^^^^^

warning: function `export_captured_to_onnx` is never used
   --> crates/incin-core/src/onnx_exporter.rs:116:8
    |
116 | pub fn export_captured_to_onnx(graph: &CapturedGraph, path: &Path) -> anyhow::Result<()> {
    |        ^^^^^^^^^^^^^^^^^^^^^^^
    |
    = note: `#[warn(dead_code)]` (part of `#[warn(unused)]`) on by default

warning: `incin-core` (lib) generated 5 warnings (run `cargo fix --lib -p incin-core` to apply 4 suggestions)
    Checking incin-backends v0.0.0 (/home/xupremix/Projects/incin/crates/incin-backends)
warning: unused imports: `Dyn` and `StrideBuf`
 --> crates/incin-backends/src/cuda/backend.rs:5:26
  |
5 | use incin_core::shapes::{Dyn, OperationKind, ShapeError, StrideBuf};
  |                          ^^^                             ^^^^^^^^^
  |
  = note: `#[warn(unused_imports)]` (part of `#[warn(unused)]`) on by default

warning: unused import: `Q8_0`
 --> crates/incin-backends/src/cuda/backend.rs:8:62
  |
8 |     ConstDType, DType, DTypeDescriptor, DTypeId, FloatDType, Q8_0, QuantDType,
  |                                                              ^^^^

warning: unused import: `Shape`
  --> crates/incin-backends/src/cuda/executor.rs:11:41
   |
11 | use incin_core::shapes::{OperationKind, Shape};
   |                                         ^^^^^

warning: unused imports: `AutogradBackend` and `HostInterop`
    --> crates/incin-backends/src/cuda/backend.rs:3338:41
     |
3338 |     use incin_core::backend_authoring::{AutogradBackend, HostInterop};
     |                                         ^^^^^^^^^^^^^^^  ^^^^^^^^^^^

warning: `incin-backends` (lib) generated 3 warnings (run `cargo fix --lib -p incin-backends` to apply 3 suggestions)
warning: `incin-backends` (lib test) generated 4 warnings (3 duplicates) (run `cargo fix --lib -p incin-backends --tests` to apply 1 suggestion)
    Finished `dev` profile [unoptimized] target(s) in 4.35s

info: running `cargo check --all-targets --no-default-features --features cpu,cuda` on incin-backends (14/8212)
    Checking incin-backends v0.0.0 (/home/xupremix/Projects/incin/crates/incin-backends)
warning: unused imports: `Dyn` and `StrideBuf`
 --> crates/incin-backends/src/cuda/backend.rs:5:26
  |
5 | use incin_core::shapes::{Dyn, OperationKind, ShapeError, StrideBuf};
  |                          ^^^                             ^^^^^^^^^
  |
  = note: `#[warn(unused_imports)]` (part of `#[warn(unused)]`) on by default

warning: unused import: `Q8_0`
 --> crates/incin-backends/src/cuda/backend.rs:8:62
  |
8 |     ConstDType, DType, DTypeDescriptor, DTypeId, FloatDType, Q8_0, QuantDType,
  |                                                              ^^^^

warning: unused import: `Shape`
  --> crates/incin-backends/src/cuda/executor.rs:11:41
   |
11 | use incin_core::shapes::{OperationKind, Shape};
   |                                         ^^^^^

warning: unused imports: `AutogradBackend` and `HostInterop`
    --> crates/incin-backends/src/cuda/backend.rs:3338:41
     |
3338 |     use incin_core::backend_authoring::{AutogradBackend, HostInterop};
     |                                         ^^^^^^^^^^^^^^^  ^^^^^^^^^^^

warning: `incin-backends` (lib) generated 3 warnings (run `cargo fix --lib -p incin-backends` to apply 3 suggestions)
warning: `incin-backends` (lib test) generated 4 warnings (3 duplicates) (run `cargo fix --lib -p incin-backends --tests` to apply 1 suggestion)
    Finished `dev` profile [unoptimized] target(s) in 4.84s

info: running `cargo check --all-targets --no-default-features --features cpu-blas,cuda` on incin-backends (15/8212)
    Checking incin-backends v0.0.0 (/home/xupremix/Projects/incin/crates/incin-backends)
warning: unused imports: `Dyn` and `StrideBuf`
 --> crates/incin-backends/src/cuda/backend.rs:5:26
  |
5 | use incin_core::shapes::{Dyn, OperationKind, ShapeError, StrideBuf};
  |                          ^^^                             ^^^^^^^^^
  |
  = note: `#[warn(unused_imports)]` (part of `#[warn(unused)]`) on by default

warning: unused import: `Q8_0`
 --> crates/incin-backends/src/cuda/backend.rs:8:62
  |
8 |     ConstDType, DType, DTypeDescriptor, DTypeId, FloatDType, Q8_0, QuantDType,
  |                                                              ^^^^

warning: unused import: `Shape`
  --> crates/incin-backends/src/cuda/executor.rs:11:41
   |
11 | use incin_core::shapes::{OperationKind, Shape};
   |                                         ^^^^^

warning: unused imports: `AutogradBackend` and `HostInterop`
    --> crates/incin-backends/src/cuda/backend.rs:3338:41
     |
3338 |     use incin_core::backend_authoring::{AutogradBackend, HostInterop};
     |                                         ^^^^^^^^^^^^^^^  ^^^^^^^^^^^

warning: `incin-backends` (lib) generated 3 warnings (run `cargo fix --lib -p incin-backends` to apply 3 suggestions)
warning: `incin-backends` (lib test) generated 4 warnings (3 duplicates) (run `cargo fix --lib -p incin-backends --tests` to apply 1 suggestion)
    Finished `dev` profile [unoptimized] target(s) in 4.14s

info: running `cargo check --all-targets --no-default-features --features compiled,cpu-blas,cuda` on incin-backends (16/8212)
warning: unused import: `alloc::vec`
 --> crates/incin-core/src/compiled/artifact.rs:5:5
  |
5 | use alloc::vec;
  |     ^^^^^^^^^^
  |
  = note: `#[warn(unused_imports)]` (part of `#[warn(unused)]`) on by default

warning: unused import: `CapturedNode`
 --> crates/incin-core/src/compiled/fusion.rs:5:47
  |
5 | use crate::compiled::capture::{CapturedGraph, CapturedNode};
  |                                               ^^^^^^^^^^^^

warning: unused import: `alloc::string::String`
 --> crates/incin-core/src/compiled/plan.rs:4:5
  |
4 | use alloc::string::String;
  |     ^^^^^^^^^^^^^^^^^^^^^

warning: unused import: `SymbolEnvironment`
  --> crates/incin-core/src/compiled/plan.rs:12:57
   |
12 |     DimExpr, LayoutClass, OperationIdentity, ShapeExpr, SymbolEnvironment, SymbolTable,
   |                                                         ^^^^^^^^^^^^^^^^^

warning: function `export_captured_to_onnx` is never used
   --> crates/incin-core/src/onnx_exporter.rs:116:8
    |
116 | pub fn export_captured_to_onnx(graph: &CapturedGraph, path: &Path) -> anyhow::Result<()> {
    |        ^^^^^^^^^^^^^^^^^^^^^^^
    |
    = note: `#[warn(dead_code)]` (part of `#[warn(unused)]`) on by default

warning: `incin-core` (lib) generated 5 warnings (run `cargo fix --lib -p incin-core` to apply 4 suggestions)
    Checking incin-backends v0.0.0 (/home/xupremix/Projects/incin/crates/incin-backends)
warning: unused imports: `Dyn` and `StrideBuf`
 --> crates/incin-backends/src/cuda/backend.rs:5:26
  |
5 | use incin_core::shapes::{Dyn, OperationKind, ShapeError, StrideBuf};
  |                          ^^^                             ^^^^^^^^^
  |
  = note: `#[warn(unused_imports)]` (part of `#[warn(unused)]`) on by default

warning: unused import: `Q8_0`
 --> crates/incin-backends/src/cuda/backend.rs:8:62
  |
8 |     ConstDType, DType, DTypeDescriptor, DTypeId, FloatDType, Q8_0, QuantDType,
  |                                                              ^^^^

warning: unused import: `Shape`
  --> crates/incin-backends/src/cuda/executor.rs:11:41
   |
11 | use incin_core::shapes::{OperationKind, Shape};
   |                                         ^^^^^

warning: unused imports: `AutogradBackend` and `HostInterop`
    --> crates/incin-backends/src/cuda/backend.rs:3338:41
     |
3338 |     use incin_core::backend_authoring::{AutogradBackend, HostInterop};
     |                                         ^^^^^^^^^^^^^^^  ^^^^^^^^^^^

warning: `incin-backends` (lib) generated 3 warnings (run `cargo fix --lib -p incin-backends` to apply 3 suggestions)
warning: `incin-backends` (lib test) generated 4 warnings (3 duplicates) (run `cargo fix --lib -p incin-backends --tests` to apply 1 suggestion)
    Finished `dev` profile [unoptimized] target(s) in 4.42s

info: running `cargo check --all-targets --no-default-features --features cuda-vendor` on incin-backends (17/8212)
    Checking incin-backends v0.0.0 (/home/xupremix/Projects/incin/crates/incin-backends)
warning: unused macro definition: `cpu_unary_call`
   --> crates/incin-backends/src/dispatch.rs:326:14
    |
326 | macro_rules! cpu_unary_call {
    |              ^^^^^^^^^^^^^^
    |
    = note: `#[warn(unused_macros)]` (part of `#[warn(unused)]`) on by default

warning: unused macro definition: `cpu_reduction_call`
   --> crates/incin-backends/src/dispatch.rs:500:14
    |
500 | macro_rules! cpu_reduction_call {
    |              ^^^^^^^^^^^^^^^^^^

warning: unused macro definition: `cpu_shape_call`
   --> crates/incin-backends/src/dispatch.rs:568:14
    |
568 | macro_rules! cpu_shape_call {
    |              ^^^^^^^^^^^^^^

warning: unused macro definition: `cpu_binary_call`
   --> crates/incin-backends/src/dispatch.rs:711:14
    |
711 | macro_rules! cpu_binary_call {
    |              ^^^^^^^^^^^^^^^

warning: unused import: `Cpu`
  --> crates/incin-backends/src/target.rs:86:34
   |
86 | use incin_core::tensor::device::{Cpu, Device, DeviceId};
   |                                  ^^^
   |
   = note: `#[warn(unused_imports)]` (part of `#[warn(unused)]`) on by default

warning: unused macro definition: `impl_unit_arg_target`
   --> crates/incin-backends/src/target.rs:842:14
    |
842 | macro_rules! impl_unit_arg_target {
    |              ^^^^^^^^^^^^^^^^^^^^

warning: unused imports: `Dyn` and `StrideBuf`
 --> crates/incin-backends/src/cuda/backend.rs:5:26
  |
5 | use incin_core::shapes::{Dyn, OperationKind, ShapeError, StrideBuf};
  |                          ^^^                             ^^^^^^^^^

warning: unused import: `Q8_0`
 --> crates/incin-backends/src/cuda/backend.rs:8:62
  |
8 |     ConstDType, DType, DTypeDescriptor, DTypeId, FloatDType, Q8_0, QuantDType,
  |                                                              ^^^^

warning: unused import: `Shape`
  --> crates/incin-backends/src/cuda/executor.rs:11:41
   |
11 | use incin_core::shapes::{OperationKind, Shape};
   |                                         ^^^^^

warning: unused import: `incin_core::shapes::buf::ShapeBuf`
 --> crates/incin-backends/src/backend_kind.rs:8:5
  |
8 | use incin_core::shapes::buf::ShapeBuf;
  |     ^^^^^^^^^^^^^^^^^^^^^^^^^^^^^^^^^
  |
  = note: `#[warn(unused_imports)]` (part of `#[warn(unused)]`) on by default

warning: unused import: `incin_core::shapes::dynamic::Dyn`
  --> crates/incin-backends/src/backend_kind.rs:10:5
   |
10 | use incin_core::shapes::dynamic::Dyn;
   |     ^^^^^^^^^^^^^^^^^^^^^^^^^^^^^^^^

warning: unused import: `incin_core::tensor::device::Cpu`
  --> crates/incin-backends/src/backend_kind.rs:12:5
   |
12 | use incin_core::tensor::device::Cpu;
   |     ^^^^^^^^^^^^^^^^^^^^^^^^^^^^^^^

warning: unused import: `super::*`
   --> crates/incin-backends/src/backend_kind.rs:109:9
    |
109 |     use super::*;
    |         ^^^^^^^^

warning: unused import: `incin_core::error::Error`
   --> crates/incin-backends/src/backend_kind.rs:113:9
    |
113 |     use incin_core::error::Error;
    |         ^^^^^^^^^^^^^^^^^^^^^^^^

warning: unused imports: `LayerNorm` and `Linear`
   --> crates/incin-backends/src/backend_kind.rs:116:26
    |
116 |     use incin_core::nn::{LayerNorm, Linear};
    |                          ^^^^^^^^^  ^^^^^^

warning: unused import: `incin_core::shapes::OperationKind`
   --> crates/incin-backends/src/backend_kind.rs:117:9
    |
117 |     use incin_core::shapes::OperationKind;
    |         ^^^^^^^^^^^^^^^^^^^^^^^^^^^^^^^^^

warning: unused import: `incin_core::tensor::base::Tensor`
   --> crates/incin-backends/src/backend_kind.rs:118:9
    |
118 |     use incin_core::tensor::base::Tensor;
    |         ^^^^^^^^^^^^^^^^^^^^^^^^^^^^^^^^

warning: unused import: `incin_core::tensor::device::DeviceId`
   --> crates/incin-backends/src/backend_kind.rs:119:9
    |
119 |     use incin_core::tensor::device::DeviceId;
    |         ^^^^^^^^^^^^^^^^^^^^^^^^^^^^^^^^^^^^

warning: unused imports: `Grad` and `RequiresGrad`
   --> crates/incin-backends/src/backend_kind.rs:122:36
    |
122 |     use incin_core::tensor::grad::{Grad, RequiresGrad};
    |                                    ^^^^  ^^^^^^^^^^^^

warning: unused import: `incin_core::tensor::transfer::ToDevice`
   --> crates/incin-backends/src/backend_kind.rs:123:9
    |
123 |     use incin_core::tensor::transfer::ToDevice;
    |         ^^^^^^^^^^^^^^^^^^^^^^^^^^^^^^^^^^^^^^

warning: unused import: `Cpu`
  --> crates/incin-backends/src/target.rs:86:34
   |
86 | use incin_core::tensor::device::{Cpu, Device, DeviceId};
   |                                  ^^^

warning: unused imports: `AutogradBackend` and `HostInterop`
    --> crates/incin-backends/src/cuda/backend.rs:3338:41
     |
3338 |     use incin_core::backend_authoring::{AutogradBackend, HostInterop};
     |                                         ^^^^^^^^^^^^^^^  ^^^^^^^^^^^

warning: unused variable: `request`
  --> crates/incin-backends/src/dispatch_capability.rs:10:9
   |
10 |         request: &PrecisionRequest,
   |         ^^^^^^^ help: if this is intentional, prefix it with an underscore: `_request`
   |
   = note: `#[warn(unused_variables)]` (part of `#[warn(unused)]`) on by default

warning: method `physical_index` is never used
  --> crates/incin-backends/src/iteration.rs:31:19
   |
29 | impl OperandIteration {
   | --------------------- method in this implementation
30 |     #[inline]
31 |     pub(crate) fn physical_index(&self, mut flat_index: usize, output_shape: &[usize]) -> usize {
   |                   ^^^^^^^^^^^^^^
   |
   = note: `#[warn(dead_code)]` (part of `#[warn(unused)]`) on by default

warning: `incin-backends` (lib) generated 11 warnings (run `cargo fix --lib -p incin-backends` to apply 5 suggestions)
warning: `incin-backends` (lib test) generated 22 warnings (9 duplicates) (run `cargo fix --lib -p incin-backends --tests` to apply 13 suggestions)
    Finished `dev` profile [unoptimized] target(s) in 2.69s

info: running `cargo check --all-targets --no-default-features --features autotune,cuda-vendor` on incin-backends (18/8212)
    Checking incin-backends v0.0.0 (/home/xupremix/Projects/incin/crates/incin-backends)
warning: unused macro definition: `cpu_unary_call`
   --> crates/incin-backends/src/dispatch.rs:326:14
    |
326 | macro_rules! cpu_unary_call {
    |              ^^^^^^^^^^^^^^
    |
    = note: `#[warn(unused_macros)]` (part of `#[warn(unused)]`) on by default

warning: unused macro definition: `cpu_reduction_call`
   --> crates/incin-backends/src/dispatch.rs:500:14
    |
500 | macro_rules! cpu_reduction_call {
    |              ^^^^^^^^^^^^^^^^^^

warning: unused macro definition: `cpu_shape_call`
   --> crates/incin-backends/src/dispatch.rs:568:14
    |
568 | macro_rules! cpu_shape_call {
    |              ^^^^^^^^^^^^^^

warning: unused macro definition: `cpu_binary_call`
   --> crates/incin-backends/src/dispatch.rs:711:14
    |
711 | macro_rules! cpu_binary_call {
    |              ^^^^^^^^^^^^^^^

warning: unused import: `Cpu`
  --> crates/incin-backends/src/target.rs:86:34
   |
86 | use incin_core::tensor::device::{Cpu, Device, DeviceId};
   |                                  ^^^
   |
   = note: `#[warn(unused_imports)]` (part of `#[warn(unused)]`) on by default

warning: unused macro definition: `impl_unit_arg_target`
   --> crates/incin-backends/src/target.rs:842:14
    |
842 | macro_rules! impl_unit_arg_target {
    |              ^^^^^^^^^^^^^^^^^^^^

warning: unused imports: `Dyn` and `StrideBuf`
 --> crates/incin-backends/src/cuda/backend.rs:5:26
  |
5 | use incin_core::shapes::{Dyn, OperationKind, ShapeError, StrideBuf};
  |                          ^^^                             ^^^^^^^^^

warning: unused import: `Q8_0`
 --> crates/incin-backends/src/cuda/backend.rs:8:62
  |
8 |     ConstDType, DType, DTypeDescriptor, DTypeId, FloatDType, Q8_0, QuantDType,
  |                                                              ^^^^

warning: unused import: `Shape`
  --> crates/incin-backends/src/cuda/executor.rs:11:41
   |
11 | use incin_core::shapes::{OperationKind, Shape};
   |                                         ^^^^^

warning: unused import: `incin_core::shapes::buf::ShapeBuf`
 --> crates/incin-backends/src/backend_kind.rs:8:5
  |
8 | use incin_core::shapes::buf::ShapeBuf;
  |     ^^^^^^^^^^^^^^^^^^^^^^^^^^^^^^^^^
  |
  = note: `#[warn(unused_imports)]` (part of `#[warn(unused)]`) on by default

warning: unused import: `incin_core::shapes::dynamic::Dyn`
  --> crates/incin-backends/src/backend_kind.rs:10:5
   |
10 | use incin_core::shapes::dynamic::Dyn;
   |     ^^^^^^^^^^^^^^^^^^^^^^^^^^^^^^^^

warning: unused import: `incin_core::tensor::device::Cpu`
  --> crates/incin-backends/src/backend_kind.rs:12:5
   |
12 | use incin_core::tensor::device::Cpu;
   |     ^^^^^^^^^^^^^^^^^^^^^^^^^^^^^^^

warning: unused import: `super::*`
   --> crates/incin-backends/src/backend_kind.rs:109:9
    |
109 |     use super::*;
    |         ^^^^^^^^

warning: unused import: `incin_core::error::Error`
   --> crates/incin-backends/src/backend_kind.rs:113:9
    |
113 |     use incin_core::error::Error;
    |         ^^^^^^^^^^^^^^^^^^^^^^^^

warning: unused imports: `LayerNorm` and `Linear`
   --> crates/incin-backends/src/backend_kind.rs:116:26
    |
116 |     use incin_core::nn::{LayerNorm, Linear};
    |                          ^^^^^^^^^  ^^^^^^

warning: unused import: `incin_core::shapes::OperationKind`
   --> crates/incin-backends/src/backend_kind.rs:117:9
    |
117 |     use incin_core::shapes::OperationKind;
    |         ^^^^^^^^^^^^^^^^^^^^^^^^^^^^^^^^^

warning: unused import: `incin_core::tensor::base::Tensor`
   --> crates/incin-backends/src/backend_kind.rs:118:9
    |
118 |     use incin_core::tensor::base::Tensor;
    |         ^^^^^^^^^^^^^^^^^^^^^^^^^^^^^^^^

warning: unused import: `incin_core::tensor::device::DeviceId`
   --> crates/incin-backends/src/backend_kind.rs:119:9
    |
119 |     use incin_core::tensor::device::DeviceId;
    |         ^^^^^^^^^^^^^^^^^^^^^^^^^^^^^^^^^^^^

warning: unused imports: `Grad` and `RequiresGrad`
   --> crates/incin-backends/src/backend_kind.rs:122:36
    |
122 |     use incin_core::tensor::grad::{Grad, RequiresGrad};
    |                                    ^^^^  ^^^^^^^^^^^^

warning: unused import: `incin_core::tensor::transfer::ToDevice`
   --> crates/incin-backends/src/backend_kind.rs:123:9
    |
123 |     use incin_core::tensor::transfer::ToDevice;
    |         ^^^^^^^^^^^^^^^^^^^^^^^^^^^^^^^^^^^^^^

warning: unused import: `Cpu`
  --> crates/incin-backends/src/target.rs:86:34
   |
86 | use incin_core::tensor::device::{Cpu, Device, DeviceId};
   |                                  ^^^

warning: unused imports: `AutogradBackend` and `HostInterop`
    --> crates/incin-backends/src/cuda/backend.rs:3338:41
     |
3338 |     use incin_core::backend_authoring::{AutogradBackend, HostInterop};
     |                                         ^^^^^^^^^^^^^^^  ^^^^^^^^^^^

warning: unused variable: `request`
  --> crates/incin-backends/src/dispatch_capability.rs:10:9
   |
10 |         request: &PrecisionRequest,
   |         ^^^^^^^ help: if this is intentional, prefix it with an underscore: `_request`
   |
   = note: `#[warn(unused_variables)]` (part of `#[warn(unused)]`) on by default

warning: method `physical_index` is never used
  --> crates/incin-backends/src/iteration.rs:31:19
   |
29 | impl OperandIteration {
   | --------------------- method in this implementation
30 |     #[inline]
31 |     pub(crate) fn physical_index(&self, mut flat_index: usize, output_shape: &[usize]) -> usize {
   |                   ^^^^^^^^^^^^^^
   |
   = note: `#[warn(dead_code)]` (part of `#[warn(unused)]`) on by default

warning: `incin-backends` (lib) generated 11 warnings (run `cargo fix --lib -p incin-backends` to apply 5 suggestions)
warning: `incin-backends` (lib test) generated 22 warnings (9 duplicates) (run `cargo fix --lib -p incin-backends --tests` to apply 13 suggestions)
    Finished `dev` profile [unoptimized] target(s) in 2.80s

info: running `cargo check --all-targets --no-default-features --features compiled,cuda-vendor` on incin-backends (19/8212)
warning: unused import: `alloc::vec`
 --> crates/incin-core/src/compiled/artifact.rs:5:5
  |
5 | use alloc::vec;
  |     ^^^^^^^^^^
  |
  = note: `#[warn(unused_imports)]` (part of `#[warn(unused)]`) on by default

warning: unused import: `CapturedNode`
 --> crates/incin-core/src/compiled/fusion.rs:5:47
  |
5 | use crate::compiled::capture::{CapturedGraph, CapturedNode};
  |                                               ^^^^^^^^^^^^

warning: unused import: `alloc::string::String`
 --> crates/incin-core/src/compiled/plan.rs:4:5
  |
4 | use alloc::string::String;
  |     ^^^^^^^^^^^^^^^^^^^^^

warning: unused import: `SymbolEnvironment`
  --> crates/incin-core/src/compiled/plan.rs:12:57
   |
12 |     DimExpr, LayoutClass, OperationIdentity, ShapeExpr, SymbolEnvironment, SymbolTable,
   |                                                         ^^^^^^^^^^^^^^^^^

warning: function `export_captured_to_onnx` is never used
   --> crates/incin-core/src/onnx_exporter.rs:116:8
    |
116 | pub fn export_captured_to_onnx(graph: &CapturedGraph, path: &Path) -> anyhow::Result<()> {
    |        ^^^^^^^^^^^^^^^^^^^^^^^
    |
    = note: `#[warn(dead_code)]` (part of `#[warn(unused)]`) on by default

warning: `incin-core` (lib) generated 5 warnings (run `cargo fix --lib -p incin-core` to apply 4 suggestions)
    Checking incin-backends v0.0.0 (/home/xupremix/Projects/incin/crates/incin-backends)
warning: unused imports: `Dyn` and `StrideBuf`
 --> crates/incin-backends/src/cuda/backend.rs:5:26
  |
5 | use incin_core::shapes::{Dyn, OperationKind, ShapeError, StrideBuf};
  |                          ^^^                             ^^^^^^^^^
  |
  = note: `#[warn(unused_imports)]` (part of `#[warn(unused)]`) on by default

warning: unused import: `Q8_0`
 --> crates/incin-backends/src/cuda/backend.rs:8:62
  |
8 |     ConstDType, DType, DTypeDescriptor, DTypeId, FloatDType, Q8_0, QuantDType,
  |                                                              ^^^^

warning: unused import: `Shape`
  --> crates/incin-backends/src/cuda/executor.rs:11:41
   |
11 | use incin_core::shapes::{OperationKind, Shape};
   |                                         ^^^^^

warning: unused imports: `AutogradBackend` and `HostInterop`
    --> crates/incin-backends/src/cuda/backend.rs:3338:41
     |
3338 |     use incin_core::backend_authoring::{AutogradBackend, HostInterop};
     |                                         ^^^^^^^^^^^^^^^  ^^^^^^^^^^^

warning: `incin-backends` (lib) generated 3 warnings (run `cargo fix --lib -p incin-backends` to apply 3 suggestions)
warning: `incin-backends` (lib test) generated 4 warnings (3 duplicates) (run `cargo fix --lib -p incin-backends --tests` to apply 1 suggestion)
    Finished `dev` profile [unoptimized] target(s) in 4.99s

info: running `cargo check --all-targets --no-default-features --features autotune,compiled,cuda-vendor` on incin-backends (20/8212)
warning: unused import: `alloc::vec`
 --> crates/incin-core/src/compiled/artifact.rs:5:5
  |
5 | use alloc::vec;
  |     ^^^^^^^^^^
  |
  = note: `#[warn(unused_imports)]` (part of `#[warn(unused)]`) on by default

warning: unused import: `CapturedNode`
 --> crates/incin-core/src/compiled/fusion.rs:5:47
  |
5 | use crate::compiled::capture::{CapturedGraph, CapturedNode};
  |                                               ^^^^^^^^^^^^

warning: unused import: `alloc::string::String`
 --> crates/incin-core/src/compiled/plan.rs:4:5
  |
4 | use alloc::string::String;
  |     ^^^^^^^^^^^^^^^^^^^^^

warning: unused import: `SymbolEnvironment`
  --> crates/incin-core/src/compiled/plan.rs:12:57
   |
12 |     DimExpr, LayoutClass, OperationIdentity, ShapeExpr, SymbolEnvironment, SymbolTable,
   |                                                         ^^^^^^^^^^^^^^^^^

warning: function `export_captured_to_onnx` is never used
   --> crates/incin-core/src/onnx_exporter.rs:116:8
    |
116 | pub fn export_captured_to_onnx(graph: &CapturedGraph, path: &Path) -> anyhow::Result<()> {
    |        ^^^^^^^^^^^^^^^^^^^^^^^
    |
    = note: `#[warn(dead_code)]` (part of `#[warn(unused)]`) on by default

warning: `incin-core` (lib) generated 5 warnings (run `cargo fix --lib -p incin-core` to apply 4 suggestions)
    Checking incin-backends v0.0.0 (/home/xupremix/Projects/incin/crates/incin-backends)
warning: unused imports: `Dyn` and `StrideBuf`
 --> crates/incin-backends/src/cuda/backend.rs:5:26
  |
5 | use incin_core::shapes::{Dyn, OperationKind, ShapeError, StrideBuf};
  |                          ^^^                             ^^^^^^^^^
  |
  = note: `#[warn(unused_imports)]` (part of `#[warn(unused)]`) on by default

warning: unused import: `Q8_0`
 --> crates/incin-backends/src/cuda/backend.rs:8:62
  |
8 |     ConstDType, DType, DTypeDescriptor, DTypeId, FloatDType, Q8_0, QuantDType,
  |                                                              ^^^^

warning: unused import: `Shape`
  --> crates/incin-backends/src/cuda/executor.rs:11:41
   |
11 | use incin_core::shapes::{OperationKind, Shape};
   |                                         ^^^^^

warning: unused imports: `AutogradBackend` and `HostInterop`
    --> crates/incin-backends/src/cuda/backend.rs:3338:41
     |
3338 |     use incin_core::backend_authoring::{AutogradBackend, HostInterop};
     |                                         ^^^^^^^^^^^^^^^  ^^^^^^^^^^^

warning: `incin-backends` (lib) generated 3 warnings (run `cargo fix --lib -p incin-backends` to apply 3 suggestions)
warning: `incin-backends` (lib test) generated 4 warnings (3 duplicates) (run `cargo fix --lib -p incin-backends --tests` to apply 1 suggestion)
    Finished `dev` profile [unoptimized] target(s) in 4.63s

info: running `cargo check --all-targets --no-default-features --features cpu,cuda-vendor` on incin-backends (21/8212)
    Checking incin-backends v0.0.0 (/home/xupremix/Projects/incin/crates/incin-backends)
warning: unused imports: `Dyn` and `StrideBuf`
 --> crates/incin-backends/src/cuda/backend.rs:5:26
  |
5 | use incin_core::shapes::{Dyn, OperationKind, ShapeError, StrideBuf};
  |                          ^^^                             ^^^^^^^^^
  |
  = note: `#[warn(unused_imports)]` (part of `#[warn(unused)]`) on by default

warning: unused import: `Q8_0`
 --> crates/incin-backends/src/cuda/backend.rs:8:62
  |
8 |     ConstDType, DType, DTypeDescriptor, DTypeId, FloatDType, Q8_0, QuantDType,
  |                                                              ^^^^

warning: unused import: `Shape`
  --> crates/incin-backends/src/cuda/executor.rs:11:41
   |
11 | use incin_core::shapes::{OperationKind, Shape};
   |                                         ^^^^^

warning: unused imports: `AutogradBackend` and `HostInterop`
    --> crates/incin-backends/src/cuda/backend.rs:3338:41
     |
3338 |     use incin_core::backend_authoring::{AutogradBackend, HostInterop};
     |                                         ^^^^^^^^^^^^^^^  ^^^^^^^^^^^

warning: `incin-backends` (lib) generated 3 warnings (run `cargo fix --lib -p incin-backends` to apply 3 suggestions)
warning: `incin-backends` (lib test) generated 4 warnings (3 duplicates) (run `cargo fix --lib -p incin-backends --tests` to apply 1 suggestion)
    Finished `dev` profile [unoptimized] target(s) in 4.44s

info: running `cargo check --all-targets --no-default-features --features autotune,cpu,cuda-vendor` on incin-backends (22/8212)
    Checking incin-backends v0.0.0 (/home/xupremix/Projects/incin/crates/incin-backends)
warning: unused imports: `Dyn` and `StrideBuf`
 --> crates/incin-backends/src/cuda/backend.rs:5:26
  |
5 | use incin_core::shapes::{Dyn, OperationKind, ShapeError, StrideBuf};
  |                          ^^^                             ^^^^^^^^^
  |
  = note: `#[warn(unused_imports)]` (part of `#[warn(unused)]`) on by default

warning: unused import: `Q8_0`
 --> crates/incin-backends/src/cuda/backend.rs:8:62
  |
8 |     ConstDType, DType, DTypeDescriptor, DTypeId, FloatDType, Q8_0, QuantDType,
  |                                                              ^^^^

warning: unused import: `Shape`
  --> crates/incin-backends/src/cuda/executor.rs:11:41
   |
11 | use incin_core::shapes::{OperationKind, Shape};
   |                                         ^^^^^

warning: unused imports: `AutogradBackend` and `HostInterop`
    --> crates/incin-backends/src/cuda/backend.rs:3338:41
     |
3338 |     use incin_core::backend_authoring::{AutogradBackend, HostInterop};
     |                                         ^^^^^^^^^^^^^^^  ^^^^^^^^^^^

warning: `incin-backends` (lib) generated 3 warnings (run `cargo fix --lib -p incin-backends` to apply 3 suggestions)
warning: `incin-backends` (lib test) generated 4 warnings (3 duplicates) (run `cargo fix --lib -p incin-backends --tests` to apply 1 suggestion)
    Finished `dev` profile [unoptimized] target(s) in 4.58s

info: running `cargo check --all-targets --no-default-features --features cpu-blas,cuda-vendor` on incin-backends (23/8212)
    Checking incin-backends v0.0.0 (/home/xupremix/Projects/incin/crates/incin-backends)
warning: unused imports: `Dyn` and `StrideBuf`
 --> crates/incin-backends/src/cuda/backend.rs:5:26
  |
5 | use incin_core::shapes::{Dyn, OperationKind, ShapeError, StrideBuf};
  |                          ^^^                             ^^^^^^^^^
  |
  = note: `#[warn(unused_imports)]` (part of `#[warn(unused)]`) on by default

warning: unused import: `Q8_0`
 --> crates/incin-backends/src/cuda/backend.rs:8:62
  |
8 |     ConstDType, DType, DTypeDescriptor, DTypeId, FloatDType, Q8_0, QuantDType,
  |                                                              ^^^^

warning: unused import: `Shape`
  --> crates/incin-backends/src/cuda/executor.rs:11:41
   |
11 | use incin_core::shapes::{OperationKind, Shape};
   |                                         ^^^^^

warning: unused imports: `AutogradBackend` and `HostInterop`
    --> crates/incin-backends/src/cuda/backend.rs:3338:41
     |
3338 |     use incin_core::backend_authoring::{AutogradBackend, HostInterop};
     |                                         ^^^^^^^^^^^^^^^  ^^^^^^^^^^^

warning: `incin-backends` (lib) generated 3 warnings (run `cargo fix --lib -p incin-backends` to apply 3 suggestions)
warning: `incin-backends` (lib test) generated 4 warnings (3 duplicates) (run `cargo fix --lib -p incin-backends --tests` to apply 1 suggestion)
    Finished `dev` profile [unoptimized] target(s) in 4.43s

info: running `cargo check --all-targets --no-default-features --features autotune,cpu-blas,cuda-vendor` on incin-backends (24/8212)
    Checking incin-backends v0.0.0 (/home/xupremix/Projects/incin/crates/incin-backends)
warning: unused imports: `Dyn` and `StrideBuf`
 --> crates/incin-backends/src/cuda/backend.rs:5:26
  |
5 | use incin_core::shapes::{Dyn, OperationKind, ShapeError, StrideBuf};
  |                          ^^^                             ^^^^^^^^^
  |
  = note: `#[warn(unused_imports)]` (part of `#[warn(unused)]`) on by default

warning: unused import: `Q8_0`
 --> crates/incin-backends/src/cuda/backend.rs:8:62
  |
8 |     ConstDType, DType, DTypeDescriptor, DTypeId, FloatDType, Q8_0, QuantDType,
  |                                                              ^^^^

warning: unused import: `Shape`
  --> crates/incin-backends/src/cuda/executor.rs:11:41
   |
11 | use incin_core::shapes::{OperationKind, Shape};
   |                                         ^^^^^

warning: unused imports: `AutogradBackend` and `HostInterop`
    --> crates/incin-backends/src/cuda/backend.rs:3338:41
     |
3338 |     use incin_core::backend_authoring::{AutogradBackend, HostInterop};
     |                                         ^^^^^^^^^^^^^^^  ^^^^^^^^^^^

warning: `incin-backends` (lib) generated 3 warnings (run `cargo fix --lib -p incin-backends` to apply 3 suggestions)
warning: `incin-backends` (lib test) generated 4 warnings (3 duplicates) (run `cargo fix --lib -p incin-backends --tests` to apply 1 suggestion)
    Finished `dev` profile [unoptimized] target(s) in 4.47s

info: running `cargo check --all-targets --no-default-features --features compiled,cpu-blas,cuda-vendor` on incin-backends (25/8212)
warning: unused import: `alloc::vec`
 --> crates/incin-core/src/compiled/artifact.rs:5:5
  |
5 | use alloc::vec;
  |     ^^^^^^^^^^
  |
  = note: `#[warn(unused_imports)]` (part of `#[warn(unused)]`) on by default

warning: unused import: `CapturedNode`
 --> crates/incin-core/src/compiled/fusion.rs:5:47
  |
5 | use crate::compiled::capture::{CapturedGraph, CapturedNode};
  |                                               ^^^^^^^^^^^^

warning: unused import: `alloc::string::String`
 --> crates/incin-core/src/compiled/plan.rs:4:5
  |
4 | use alloc::string::String;
  |     ^^^^^^^^^^^^^^^^^^^^^

warning: unused import: `SymbolEnvironment`
  --> crates/incin-core/src/compiled/plan.rs:12:57
   |
12 |     DimExpr, LayoutClass, OperationIdentity, ShapeExpr, SymbolEnvironment, SymbolTable,
   |                                                         ^^^^^^^^^^^^^^^^^

warning: function `export_captured_to_onnx` is never used
   --> crates/incin-core/src/onnx_exporter.rs:116:8
    |
116 | pub fn export_captured_to_onnx(graph: &CapturedGraph, path: &Path) -> anyhow::Result<()> {
    |        ^^^^^^^^^^^^^^^^^^^^^^^
    |
    = note: `#[warn(dead_code)]` (part of `#[warn(unused)]`) on by default

warning: `incin-core` (lib) generated 5 warnings (run `cargo fix --lib -p incin-core` to apply 4 suggestions)
    Checking incin-backends v0.0.0 (/home/xupremix/Projects/incin/crates/incin-backends)
warning: unused imports: `Dyn` and `StrideBuf`
 --> crates/incin-backends/src/cuda/backend.rs:5:26
  |
5 | use incin_core::shapes::{Dyn, OperationKind, ShapeError, StrideBuf};
  |                          ^^^                             ^^^^^^^^^
  |
  = note: `#[warn(unused_imports)]` (part of `#[warn(unused)]`) on by default

warning: unused import: `Q8_0`
 --> crates/incin-backends/src/cuda/backend.rs:8:62
  |
8 |     ConstDType, DType, DTypeDescriptor, DTypeId, FloatDType, Q8_0, QuantDType,
  |                                                              ^^^^

warning: unused import: `Shape`
  --> crates/incin-backends/src/cuda/executor.rs:11:41
   |
11 | use incin_core::shapes::{OperationKind, Shape};
   |                                         ^^^^^

warning: unused imports: `AutogradBackend` and `HostInterop`
    --> crates/incin-backends/src/cuda/backend.rs:3338:41
     |
3338 |     use incin_core::backend_authoring::{AutogradBackend, HostInterop};
     |                                         ^^^^^^^^^^^^^^^  ^^^^^^^^^^^

warning: `incin-backends` (lib) generated 3 warnings (run `cargo fix --lib -p incin-backends` to apply 3 suggestions)
warning: `incin-backends` (lib test) generated 4 warnings (3 duplicates) (run `cargo fix --lib -p incin-backends --tests` to apply 1 suggestion)
    Finished `dev` profile [unoptimized] target(s) in 4.48s

info: running `cargo check --all-targets --no-default-features --features autotune,compiled,cpu-blas,cuda-vendor` on incin-backends (26/8212)
warning: unused import: `alloc::vec`
 --> crates/incin-core/src/compiled/artifact.rs:5:5
  |
5 | use alloc::vec;
  |     ^^^^^^^^^^
  |
  = note: `#[warn(unused_imports)]` (part of `#[warn(unused)]`) on by default

warning: unused import: `CapturedNode`
 --> crates/incin-core/src/compiled/fusion.rs:5:47
  |
5 | use crate::compiled::capture::{CapturedGraph, CapturedNode};
  |                                               ^^^^^^^^^^^^

warning: unused import: `alloc::string::String`
 --> crates/incin-core/src/compiled/plan.rs:4:5
  |
4 | use alloc::string::String;
  |     ^^^^^^^^^^^^^^^^^^^^^

warning: unused import: `SymbolEnvironment`
  --> crates/incin-core/src/compiled/plan.rs:12:57
   |
12 |     DimExpr, LayoutClass, OperationIdentity, ShapeExpr, SymbolEnvironment, SymbolTable,
   |                                                         ^^^^^^^^^^^^^^^^^

warning: function `export_captured_to_onnx` is never used
   --> crates/incin-core/src/onnx_exporter.rs:116:8
    |
116 | pub fn export_captured_to_onnx(graph: &CapturedGraph, path: &Path) -> anyhow::Result<()> {
    |        ^^^^^^^^^^^^^^^^^^^^^^^
    |
    = note: `#[warn(dead_code)]` (part of `#[warn(unused)]`) on by default

warning: `incin-core` (lib) generated 5 warnings (run `cargo fix --lib -p incin-core` to apply 4 suggestions)
    Checking incin-backends v0.0.0 (/home/xupremix/Projects/incin/crates/incin-backends)
warning: unused imports: `Dyn` and `StrideBuf`
 --> crates/incin-backends/src/cuda/backend.rs:5:26
  |
5 | use incin_core::shapes::{Dyn, OperationKind, ShapeError, StrideBuf};
  |                          ^^^                             ^^^^^^^^^
  |
  = note: `#[warn(unused_imports)]` (part of `#[warn(unused)]`) on by default

warning: unused import: `Q8_0`
 --> crates/incin-backends/src/cuda/backend.rs:8:62
  |
8 |     ConstDType, DType, DTypeDescriptor, DTypeId, FloatDType, Q8_0, QuantDType,
  |                                                              ^^^^

warning: unused import: `Shape`
  --> crates/incin-backends/src/cuda/executor.rs:11:41
   |
11 | use incin_core::shapes::{OperationKind, Shape};
   |                                         ^^^^^

warning: unused imports: `AutogradBackend` and `HostInterop`
    --> crates/incin-backends/src/cuda/backend.rs:3338:41
     |
3338 |     use incin_core::backend_authoring::{AutogradBackend, HostInterop};
     |                                         ^^^^^^^^^^^^^^^  ^^^^^^^^^^^

warning: `incin-backends` (lib) generated 3 warnings (run `cargo fix --lib -p incin-backends` to apply 3 suggestions)
warning: `incin-backends` (lib test) generated 4 warnings (3 duplicates) (run `cargo fix --lib -p incin-backends --tests` to apply 1 suggestion)
    Finished `dev` profile [unoptimized] target(s) in 4.55s

info: running `cargo check --all-targets --no-default-features --features default` on incin-backends (27/8212)
    Checking incin-backends v0.0.0 (/home/xupremix/Projects/incin/crates/incin-backends)
    Finished `dev` profile [unoptimized] target(s) in 2.85s

info: running `cargo check --all-targets --no-default-features --features autotune,default` on incin-backends (28/8212)
    Checking incin-backends v0.0.0 (/home/xupremix/Projects/incin/crates/incin-backends)
warning: unused imports: `Dyn` and `StrideBuf`
 --> crates/incin-backends/src/cuda/backend.rs:5:26
  |
5 | use incin_core::shapes::{Dyn, OperationKind, ShapeError, StrideBuf};
  |                          ^^^                             ^^^^^^^^^
  |
  = note: `#[warn(unused_imports)]` (part of `#[warn(unused)]`) on by default

warning: unused import: `Q8_0`
 --> crates/incin-backends/src/cuda/backend.rs:8:62
  |
8 |     ConstDType, DType, DTypeDescriptor, DTypeId, FloatDType, Q8_0, QuantDType,
  |                                                              ^^^^

warning: unused import: `Shape`
  --> crates/incin-backends/src/cuda/executor.rs:11:41
   |
11 | use incin_core::shapes::{OperationKind, Shape};
   |                                         ^^^^^

warning: unused imports: `AutogradBackend` and `HostInterop`
    --> crates/incin-backends/src/cuda/backend.rs:3338:41
     |
3338 |     use incin_core::backend_authoring::{AutogradBackend, HostInterop};
     |                                         ^^^^^^^^^^^^^^^  ^^^^^^^^^^^

warning: `incin-backends` (lib) generated 3 warnings (run `cargo fix --lib -p incin-backends` to apply 3 suggestions)
warning: `incin-backends` (lib test) generated 4 warnings (3 duplicates) (run `cargo fix --lib -p incin-backends --tests` to apply 1 suggestion)
    Finished `dev` profile [unoptimized] target(s) in 4.44s

info: running `cargo check --all-targets --no-default-features --features compiled,default` on incin-backends (29/8212)
warning: unused import: `alloc::vec`
 --> crates/incin-core/src/compiled/artifact.rs:5:5
  |
5 | use alloc::vec;
  |     ^^^^^^^^^^
  |
  = note: `#[warn(unused_imports)]` (part of `#[warn(unused)]`) on by default

warning: unused import: `CapturedNode`
 --> crates/incin-core/src/compiled/fusion.rs:5:47
  |
5 | use crate::compiled::capture::{CapturedGraph, CapturedNode};
  |                                               ^^^^^^^^^^^^

warning: unused import: `alloc::string::String`
 --> crates/incin-core/src/compiled/plan.rs:4:5
  |
4 | use alloc::string::String;
  |     ^^^^^^^^^^^^^^^^^^^^^

warning: unused import: `SymbolEnvironment`
  --> crates/incin-core/src/compiled/plan.rs:12:57
   |
12 |     DimExpr, LayoutClass, OperationIdentity, ShapeExpr, SymbolEnvironment, SymbolTable,
   |                                                         ^^^^^^^^^^^^^^^^^

warning: function `export_captured_to_onnx` is never used
   --> crates/incin-core/src/onnx_exporter.rs:116:8
    |
116 | pub fn export_captured_to_onnx(graph: &CapturedGraph, path: &Path) -> anyhow::Result<()> {
    |        ^^^^^^^^^^^^^^^^^^^^^^^
    |
    = note: `#[warn(dead_code)]` (part of `#[warn(unused)]`) on by default

warning: `incin-core` (lib) generated 5 warnings (run `cargo fix --lib -p incin-core` to apply 4 suggestions)
    Checking incin-backends v0.0.0 (/home/xupremix/Projects/incin/crates/incin-backends)
    Finished `dev` profile [unoptimized] target(s) in 2.88s

info: running `cargo check --all-targets --no-default-features --features autotune,compiled,default` on incin-backends (30/8212)
warning: unused import: `alloc::vec`
 --> crates/incin-core/src/compiled/artifact.rs:5:5
  |
5 | use alloc::vec;
  |     ^^^^^^^^^^
  |
  = note: `#[warn(unused_imports)]` (part of `#[warn(unused)]`) on by default

warning: unused import: `CapturedNode`
 --> crates/incin-core/src/compiled/fusion.rs:5:47
  |
5 | use crate::compiled::capture::{CapturedGraph, CapturedNode};
  |                                               ^^^^^^^^^^^^

warning: unused import: `alloc::string::String`
 --> crates/incin-core/src/compiled/plan.rs:4:5
  |
4 | use alloc::string::String;
  |     ^^^^^^^^^^^^^^^^^^^^^

warning: unused import: `SymbolEnvironment`
  --> crates/incin-core/src/compiled/plan.rs:12:57
   |
12 |     DimExpr, LayoutClass, OperationIdentity, ShapeExpr, SymbolEnvironment, SymbolTable,
   |                                                         ^^^^^^^^^^^^^^^^^

warning: function `export_captured_to_onnx` is never used
   --> crates/incin-core/src/onnx_exporter.rs:116:8
    |
116 | pub fn export_captured_to_onnx(graph: &CapturedGraph, path: &Path) -> anyhow::Result<()> {
    |        ^^^^^^^^^^^^^^^^^^^^^^^
    |
    = note: `#[warn(dead_code)]` (part of `#[warn(unused)]`) on by default

warning: `incin-core` (lib) generated 5 warnings (run `cargo fix --lib -p incin-core` to apply 4 suggestions)
    Checking incin-backends v0.0.0 (/home/xupremix/Projects/incin/crates/incin-backends)
warning: unused imports: `Dyn` and `StrideBuf`
 --> crates/incin-backends/src/cuda/backend.rs:5:26
  |
5 | use incin_core::shapes::{Dyn, OperationKind, ShapeError, StrideBuf};
  |                          ^^^                             ^^^^^^^^^
  |
  = note: `#[warn(unused_imports)]` (part of `#[warn(unused)]`) on by default

warning: unused import: `Q8_0`
 --> crates/incin-backends/src/cuda/backend.rs:8:62
  |
8 |     ConstDType, DType, DTypeDescriptor, DTypeId, FloatDType, Q8_0, QuantDType,
  |                                                              ^^^^

warning: unused import: `Shape`
  --> crates/incin-backends/src/cuda/executor.rs:11:41
   |
11 | use incin_core::shapes::{OperationKind, Shape};
   |                                         ^^^^^

warning: unused imports: `AutogradBackend` and `HostInterop`
    --> crates/incin-backends/src/cuda/backend.rs:3338:41
     |
3338 |     use incin_core::backend_authoring::{AutogradBackend, HostInterop};
     |                                         ^^^^^^^^^^^^^^^  ^^^^^^^^^^^

warning: `incin-backends` (lib) generated 3 warnings (run `cargo fix --lib -p incin-backends` to apply 3 suggestions)
warning: `incin-backends` (lib test) generated 4 warnings (3 duplicates) (run `cargo fix --lib -p incin-backends --tests` to apply 1 suggestion)
    Finished `dev` profile [unoptimized] target(s) in 4.54s

info: running `cargo check --all-targets --no-default-features --features cpu-blas,default` on incin-backends (31/8212)
    Checking incin-backends v0.0.0 (/home/xupremix/Projects/incin/crates/incin-backends)
    Finished `dev` profile [unoptimized] target(s) in 2.94s

info: running `cargo check --all-targets --no-default-features --features autotune,cpu-blas,default` on incin-backends (32/8212)
    Checking incin-backends v0.0.0 (/home/xupremix/Projects/incin/crates/incin-backends)
warning: unused imports: `Dyn` and `StrideBuf`
 --> crates/incin-backends/src/cuda/backend.rs:5:26
  |
5 | use incin_core::shapes::{Dyn, OperationKind, ShapeError, StrideBuf};
  |                          ^^^                             ^^^^^^^^^
  |
  = note: `#[warn(unused_imports)]` (part of `#[warn(unused)]`) on by default

warning: unused import: `Q8_0`
 --> crates/incin-backends/src/cuda/backend.rs:8:62
  |
8 |     ConstDType, DType, DTypeDescriptor, DTypeId, FloatDType, Q8_0, QuantDType,
  |                                                              ^^^^

warning: unused import: `Shape`
  --> crates/incin-backends/src/cuda/executor.rs:11:41
   |
11 | use incin_core::shapes::{OperationKind, Shape};
   |                                         ^^^^^

warning: unused imports: `AutogradBackend` and `HostInterop`
    --> crates/incin-backends/src/cuda/backend.rs:3338:41
     |
3338 |     use incin_core::backend_authoring::{AutogradBackend, HostInterop};
     |                                         ^^^^^^^^^^^^^^^  ^^^^^^^^^^^

warning: `incin-backends` (lib) generated 3 warnings (run `cargo fix --lib -p incin-backends` to apply 3 suggestions)
warning: `incin-backends` (lib test) generated 4 warnings (3 duplicates) (run `cargo fix --lib -p incin-backends --tests` to apply 1 suggestion)
    Finished `dev` profile [unoptimized] target(s) in 4.60s

info: running `cargo check --all-targets --no-default-features --features compiled,cpu-blas,default` on incin-backends (33/8212)
warning: unused import: `alloc::vec`
 --> crates/incin-core/src/compiled/artifact.rs:5:5
  |
5 | use alloc::vec;
  |     ^^^^^^^^^^
  |
  = note: `#[warn(unused_imports)]` (part of `#[warn(unused)]`) on by default

warning: unused import: `CapturedNode`
 --> crates/incin-core/src/compiled/fusion.rs:5:47
  |
5 | use crate::compiled::capture::{CapturedGraph, CapturedNode};
  |                                               ^^^^^^^^^^^^

warning: unused import: `alloc::string::String`
 --> crates/incin-core/src/compiled/plan.rs:4:5
  |
4 | use alloc::string::String;
  |     ^^^^^^^^^^^^^^^^^^^^^

warning: unused import: `SymbolEnvironment`
  --> crates/incin-core/src/compiled/plan.rs:12:57
   |
12 |     DimExpr, LayoutClass, OperationIdentity, ShapeExpr, SymbolEnvironment, SymbolTable,
   |                                                         ^^^^^^^^^^^^^^^^^

warning: function `export_captured_to_onnx` is never used
   --> crates/incin-core/src/onnx_exporter.rs:116:8
    |
116 | pub fn export_captured_to_onnx(graph: &CapturedGraph, path: &Path) -> anyhow::Result<()> {
    |        ^^^^^^^^^^^^^^^^^^^^^^^
    |
    = note: `#[warn(dead_code)]` (part of `#[warn(unused)]`) on by default

warning: `incin-core` (lib) generated 5 warnings (run `cargo fix --lib -p incin-core` to apply 4 suggestions)
    Checking incin-backends v0.0.0 (/home/xupremix/Projects/incin/crates/incin-backends)
    Finished `dev` profile [unoptimized] target(s) in 2.97s

info: running `cargo check --all-targets --no-default-features --features autotune,compiled,cpu-blas,default` on incin-backends (34/8212)
warning: unused import: `alloc::vec`
 --> crates/incin-core/src/compiled/artifact.rs:5:5
  |
5 | use alloc::vec;
  |     ^^^^^^^^^^
  |
  = note: `#[warn(unused_imports)]` (part of `#[warn(unused)]`) on by default

warning: unused import: `CapturedNode`
 --> crates/incin-core/src/compiled/fusion.rs:5:47
  |
5 | use crate::compiled::capture::{CapturedGraph, CapturedNode};
  |                                               ^^^^^^^^^^^^

warning: unused import: `alloc::string::String`
 --> crates/incin-core/src/compiled/plan.rs:4:5
  |
4 | use alloc::string::String;
  |     ^^^^^^^^^^^^^^^^^^^^^

warning: unused import: `SymbolEnvironment`
  --> crates/incin-core/src/compiled/plan.rs:12:57
   |
12 |     DimExpr, LayoutClass, OperationIdentity, ShapeExpr, SymbolEnvironment, SymbolTable,
   |                                                         ^^^^^^^^^^^^^^^^^

warning: function `export_captured_to_onnx` is never used
   --> crates/incin-core/src/onnx_exporter.rs:116:8
    |
116 | pub fn export_captured_to_onnx(graph: &CapturedGraph, path: &Path) -> anyhow::Result<()> {
    |        ^^^^^^^^^^^^^^^^^^^^^^^
    |
    = note: `#[warn(dead_code)]` (part of `#[warn(unused)]`) on by default

warning: `incin-core` (lib) generated 5 warnings (run `cargo fix --lib -p incin-core` to apply 4 suggestions)
    Checking incin-backends v0.0.0 (/home/xupremix/Projects/incin/crates/incin-backends)
warning: unused imports: `Dyn` and `StrideBuf`
 --> crates/incin-backends/src/cuda/backend.rs:5:26
  |
5 | use incin_core::shapes::{Dyn, OperationKind, ShapeError, StrideBuf};
  |                          ^^^                             ^^^^^^^^^
  |
  = note: `#[warn(unused_imports)]` (part of `#[warn(unused)]`) on by default

warning: unused import: `Q8_0`
 --> crates/incin-backends/src/cuda/backend.rs:8:62
  |
8 |     ConstDType, DType, DTypeDescriptor, DTypeId, FloatDType, Q8_0, QuantDType,
  |                                                              ^^^^

warning: unused import: `Shape`
  --> crates/incin-backends/src/cuda/executor.rs:11:41
   |
11 | use incin_core::shapes::{OperationKind, Shape};
   |                                         ^^^^^

warning: unused imports: `AutogradBackend` and `HostInterop`
    --> crates/incin-backends/src/cuda/backend.rs:3338:41
     |
3338 |     use incin_core::backend_authoring::{AutogradBackend, HostInterop};
     |                                         ^^^^^^^^^^^^^^^  ^^^^^^^^^^^

warning: `incin-backends` (lib) generated 3 warnings (run `cargo fix --lib -p incin-backends` to apply 3 suggestions)
warning: `incin-backends` (lib test) generated 4 warnings (3 duplicates) (run `cargo fix --lib -p incin-backends --tests` to apply 1 suggestion)
    Finished `dev` profile [unoptimized] target(s) in 4.57s

info: running `cargo check --all-targets --no-default-features --features cuda,default` on incin-backends (35/8212)
    Checking incin-backends v0.0.0 (/home/xupremix/Projects/incin/crates/incin-backends)
warning: unused imports: `Dyn` and `StrideBuf`
 --> crates/incin-backends/src/cuda/backend.rs:5:26
  |
5 | use incin_core::shapes::{Dyn, OperationKind, ShapeError, StrideBuf};
  |                          ^^^                             ^^^^^^^^^
  |
  = note: `#[warn(unused_imports)]` (part of `#[warn(unused)]`) on by default

warning: unused import: `Q8_0`
 --> crates/incin-backends/src/cuda/backend.rs:8:62
  |
8 |     ConstDType, DType, DTypeDescriptor, DTypeId, FloatDType, Q8_0, QuantDType,
  |                                                              ^^^^

warning: unused import: `Shape`
  --> crates/incin-backends/src/cuda/executor.rs:11:41
   |
11 | use incin_core::shapes::{OperationKind, Shape};
   |                                         ^^^^^

warning: unused imports: `AutogradBackend` and `HostInterop`
    --> crates/incin-backends/src/cuda/backend.rs:3338:41
     |
3338 |     use incin_core::backend_authoring::{AutogradBackend, HostInterop};
     |                                         ^^^^^^^^^^^^^^^  ^^^^^^^^^^^

warning: `incin-backends` (lib) generated 3 warnings (run `cargo fix --lib -p incin-backends` to apply 3 suggestions)
warning: `incin-backends` (lib test) generated 4 warnings (3 duplicates) (run `cargo fix --lib -p incin-backends --tests` to apply 1 suggestion)
    Finished `dev` profile [unoptimized] target(s) in 4.41s

info: running `cargo check --all-targets --no-default-features --features compiled,cuda,default` on incin-backends (36/8212)
warning: unused import: `alloc::vec`
 --> crates/incin-core/src/compiled/artifact.rs:5:5
  |
5 | use alloc::vec;
  |     ^^^^^^^^^^
  |
  = note: `#[warn(unused_imports)]` (part of `#[warn(unused)]`) on by default

warning: unused import: `CapturedNode`
 --> crates/incin-core/src/compiled/fusion.rs:5:47
  |
5 | use crate::compiled::capture::{CapturedGraph, CapturedNode};
  |                                               ^^^^^^^^^^^^

warning: unused import: `alloc::string::String`
 --> crates/incin-core/src/compiled/plan.rs:4:5
  |
4 | use alloc::string::String;
  |     ^^^^^^^^^^^^^^^^^^^^^

warning: unused import: `SymbolEnvironment`
  --> crates/incin-core/src/compiled/plan.rs:12:57
   |
12 |     DimExpr, LayoutClass, OperationIdentity, ShapeExpr, SymbolEnvironment, SymbolTable,
   |                                                         ^^^^^^^^^^^^^^^^^

warning: function `export_captured_to_onnx` is never used
   --> crates/incin-core/src/onnx_exporter.rs:116:8
    |
116 | pub fn export_captured_to_onnx(graph: &CapturedGraph, path: &Path) -> anyhow::Result<()> {
    |        ^^^^^^^^^^^^^^^^^^^^^^^
    |
    = note: `#[warn(dead_code)]` (part of `#[warn(unused)]`) on by default

warning: `incin-core` (lib) generated 5 warnings (run `cargo fix --lib -p incin-core` to apply 4 suggestions)
    Checking incin-backends v0.0.0 (/home/xupremix/Projects/incin/crates/incin-backends)
warning: unused imports: `Dyn` and `StrideBuf`
 --> crates/incin-backends/src/cuda/backend.rs:5:26
  |
5 | use incin_core::shapes::{Dyn, OperationKind, ShapeError, StrideBuf};
  |                          ^^^                             ^^^^^^^^^
  |
  = note: `#[warn(unused_imports)]` (part of `#[warn(unused)]`) on by default

warning: unused import: `Q8_0`
 --> crates/incin-backends/src/cuda/backend.rs:8:62
  |
8 |     ConstDType, DType, DTypeDescriptor, DTypeId, FloatDType, Q8_0, QuantDType,
  |                                                              ^^^^

warning: unused import: `Shape`
  --> crates/incin-backends/src/cuda/executor.rs:11:41
   |
11 | use incin_core::shapes::{OperationKind, Shape};
   |                                         ^^^^^

warning: unused imports: `AutogradBackend` and `HostInterop`
    --> crates/incin-backends/src/cuda/backend.rs:3338:41
     |
3338 |     use incin_core::backend_authoring::{AutogradBackend, HostInterop};
     |                                         ^^^^^^^^^^^^^^^  ^^^^^^^^^^^

warning: `incin-backends` (lib) generated 3 warnings (run `cargo fix --lib -p incin-backends` to apply 3 suggestions)
warning: `incin-backends` (lib test) generated 4 warnings (3 duplicates) (run `cargo fix --lib -p incin-backends --tests` to apply 1 suggestion)
    Finished `dev` profile [unoptimized] target(s) in 4.46s

info: running `cargo check --all-targets --no-default-features --features cpu-blas,cuda,default` on incin-backends (37/8212)
    Checking incin-backends v0.0.0 (/home/xupremix/Projects/incin/crates/incin-backends)
warning: unused imports: `Dyn` and `StrideBuf`
 --> crates/incin-backends/src/cuda/backend.rs:5:26
  |
5 | use incin_core::shapes::{Dyn, OperationKind, ShapeError, StrideBuf};
  |                          ^^^                             ^^^^^^^^^
  |
  = note: `#[warn(unused_imports)]` (part of `#[warn(unused)]`) on by default

warning: unused import: `Q8_0`
 --> crates/incin-backends/src/cuda/backend.rs:8:62
  |
8 |     ConstDType, DType, DTypeDescriptor, DTypeId, FloatDType, Q8_0, QuantDType,
  |                                                              ^^^^

warning: unused import: `Shape`
  --> crates/incin-backends/src/cuda/executor.rs:11:41
   |
11 | use incin_core::shapes::{OperationKind, Shape};
   |                                         ^^^^^

warning: unused imports: `AutogradBackend` and `HostInterop`
    --> crates/incin-backends/src/cuda/backend.rs:3338:41
     |
3338 |     use incin_core::backend_authoring::{AutogradBackend, HostInterop};
     |                                         ^^^^^^^^^^^^^^^  ^^^^^^^^^^^

warning: `incin-backends` (lib) generated 3 warnings (run `cargo fix --lib -p incin-backends` to apply 3 suggestions)
warning: `incin-backends` (lib test) generated 4 warnings (3 duplicates) (run `cargo fix --lib -p incin-backends --tests` to apply 1 suggestion)
    Finished `dev` profile [unoptimized] target(s) in 4.35s

info: running `cargo check --all-targets --no-default-features --features compiled,cpu-blas,cuda,default` on incin-backends (38/8212)
warning: unused import: `alloc::vec`
 --> crates/incin-core/src/compiled/artifact.rs:5:5
  |
5 | use alloc::vec;
  |     ^^^^^^^^^^
  |
  = note: `#[warn(unused_imports)]` (part of `#[warn(unused)]`) on by default

warning: unused import: `CapturedNode`
 --> crates/incin-core/src/compiled/fusion.rs:5:47
  |
5 | use crate::compiled::capture::{CapturedGraph, CapturedNode};
  |                                               ^^^^^^^^^^^^

warning: unused import: `alloc::string::String`
 --> crates/incin-core/src/compiled/plan.rs:4:5
  |
4 | use alloc::string::String;
  |     ^^^^^^^^^^^^^^^^^^^^^

warning: unused import: `SymbolEnvironment`
  --> crates/incin-core/src/compiled/plan.rs:12:57
   |
12 |     DimExpr, LayoutClass, OperationIdentity, ShapeExpr, SymbolEnvironment, SymbolTable,
   |                                                         ^^^^^^^^^^^^^^^^^

warning: function `export_captured_to_onnx` is never used
   --> crates/incin-core/src/onnx_exporter.rs:116:8
    |
116 | pub fn export_captured_to_onnx(graph: &CapturedGraph, path: &Path) -> anyhow::Result<()> {
    |        ^^^^^^^^^^^^^^^^^^^^^^^
    |
    = note: `#[warn(dead_code)]` (part of `#[warn(unused)]`) on by default

warning: `incin-core` (lib) generated 5 warnings (run `cargo fix --lib -p incin-core` to apply 4 suggestions)
    Checking incin-backends v0.0.0 (/home/xupremix/Projects/incin/crates/incin-backends)
warning: unused imports: `Dyn` and `StrideBuf`
 --> crates/incin-backends/src/cuda/backend.rs:5:26
  |
5 | use incin_core::shapes::{Dyn, OperationKind, ShapeError, StrideBuf};
  |                          ^^^                             ^^^^^^^^^
  |
  = note: `#[warn(unused_imports)]` (part of `#[warn(unused)]`) on by default

warning: unused import: `Q8_0`
 --> crates/incin-backends/src/cuda/backend.rs:8:62
  |
8 |     ConstDType, DType, DTypeDescriptor, DTypeId, FloatDType, Q8_0, QuantDType,
  |                                                              ^^^^

warning: unused import: `Shape`
  --> crates/incin-backends/src/cuda/executor.rs:11:41
   |
11 | use incin_core::shapes::{OperationKind, Shape};
   |                                         ^^^^^

warning: unused imports: `AutogradBackend` and `HostInterop`
    --> crates/incin-backends/src/cuda/backend.rs:3338:41
     |
3338 |     use incin_core::backend_authoring::{AutogradBackend, HostInterop};
     |                                         ^^^^^^^^^^^^^^^  ^^^^^^^^^^^

warning: `incin-backends` (lib) generated 3 warnings (run `cargo fix --lib -p incin-backends` to apply 3 suggestions)
warning: `incin-backends` (lib test) generated 4 warnings (3 duplicates) (run `cargo fix --lib -p incin-backends --tests` to apply 1 suggestion)
    Finished `dev` profile [unoptimized] target(s) in 5.00s

info: running `cargo check --all-targets --no-default-features --features cuda-vendor,default` on incin-backends (39/8212)
    Checking incin-backends v0.0.0 (/home/xupremix/Projects/incin/crates/incin-backends)
warning: unused imports: `Dyn` and `StrideBuf`
 --> crates/incin-backends/src/cuda/backend.rs:5:26
  |
5 | use incin_core::shapes::{Dyn, OperationKind, ShapeError, StrideBuf};
  |                          ^^^                             ^^^^^^^^^
  |
  = note: `#[warn(unused_imports)]` (part of `#[warn(unused)]`) on by default

warning: unused import: `Q8_0`
 --> crates/incin-backends/src/cuda/backend.rs:8:62
  |
8 |     ConstDType, DType, DTypeDescriptor, DTypeId, FloatDType, Q8_0, QuantDType,
  |                                                              ^^^^

warning: unused import: `Shape`
  --> crates/incin-backends/src/cuda/executor.rs:11:41
   |
11 | use incin_core::shapes::{OperationKind, Shape};
   |                                         ^^^^^

warning: unused imports: `AutogradBackend` and `HostInterop`
    --> crates/incin-backends/src/cuda/backend.rs:3338:41
     |
3338 |     use incin_core::backend_authoring::{AutogradBackend, HostInterop};
     |                                         ^^^^^^^^^^^^^^^  ^^^^^^^^^^^

warning: `incin-backends` (lib) generated 3 warnings (run `cargo fix --lib -p incin-backends` to apply 3 suggestions)
warning: `incin-backends` (lib test) generated 4 warnings (3 duplicates) (run `cargo fix --lib -p incin-backends --tests` to apply 1 suggestion)
    Finished `dev` profile [unoptimized] target(s) in 4.99s

info: running `cargo check --all-targets --no-default-features --features autotune,cuda-vendor,default` on incin-backends (40/8212)
    Checking incin-backends v0.0.0 (/home/xupremix/Projects/incin/crates/incin-backends)
warning: unused imports: `Dyn` and `StrideBuf`
 --> crates/incin-backends/src/cuda/backend.rs:5:26
  |
5 | use incin_core::shapes::{Dyn, OperationKind, ShapeError, StrideBuf};
  |                          ^^^                             ^^^^^^^^^
  |
  = note: `#[warn(unused_imports)]` (part of `#[warn(unused)]`) on by default

warning: unused import: `Q8_0`
 --> crates/incin-backends/src/cuda/backend.rs:8:62
  |
8 |     ConstDType, DType, DTypeDescriptor, DTypeId, FloatDType, Q8_0, QuantDType,
  |                                                              ^^^^

warning: unused import: `Shape`
  --> crates/incin-backends/src/cuda/executor.rs:11:41
   |
11 | use incin_core::shapes::{OperationKind, Shape};
   |                                         ^^^^^

warning: unused imports: `AutogradBackend` and `HostInterop`
    --> crates/incin-backends/src/cuda/backend.rs:3338:41
     |
3338 |     use incin_core::backend_authoring::{AutogradBackend, HostInterop};
     |                                         ^^^^^^^^^^^^^^^  ^^^^^^^^^^^

warning: `incin-backends` (lib) generated 3 warnings (run `cargo fix --lib -p incin-backends` to apply 3 suggestions)
warning: `incin-backends` (lib test) generated 4 warnings (3 duplicates) (run `cargo fix --lib -p incin-backends --tests` to apply 1 suggestion)
    Finished `dev` profile [unoptimized] target(s) in 4.51s

info: running `cargo check --all-targets --no-default-features --features compiled,cuda-vendor,default` on incin-backends (41/8212)
warning: unused import: `alloc::vec`
 --> crates/incin-core/src/compiled/artifact.rs:5:5
  |
5 | use alloc::vec;
  |     ^^^^^^^^^^
  |
  = note: `#[warn(unused_imports)]` (part of `#[warn(unused)]`) on by default

warning: unused import: `CapturedNode`
 --> crates/incin-core/src/compiled/fusion.rs:5:47
  |
5 | use crate::compiled::capture::{CapturedGraph, CapturedNode};
  |                                               ^^^^^^^^^^^^

warning: unused import: `alloc::string::String`
 --> crates/incin-core/src/compiled/plan.rs:4:5
  |
4 | use alloc::string::String;
  |     ^^^^^^^^^^^^^^^^^^^^^

warning: unused import: `SymbolEnvironment`
  --> crates/incin-core/src/compiled/plan.rs:12:57
   |
12 |     DimExpr, LayoutClass, OperationIdentity, ShapeExpr, SymbolEnvironment, SymbolTable,
   |                                                         ^^^^^^^^^^^^^^^^^

warning: function `export_captured_to_onnx` is never used
   --> crates/incin-core/src/onnx_exporter.rs:116:8
    |
116 | pub fn export_captured_to_onnx(graph: &CapturedGraph, path: &Path) -> anyhow::Result<()> {
    |        ^^^^^^^^^^^^^^^^^^^^^^^
    |
    = note: `#[warn(dead_code)]` (part of `#[warn(unused)]`) on by default

warning: `incin-core` (lib) generated 5 warnings (run `cargo fix --lib -p incin-core` to apply 4 suggestions)
    Checking incin-backends v0.0.0 (/home/xupremix/Projects/incin/crates/incin-backends)
warning: unused imports: `Dyn` and `StrideBuf`
 --> crates/incin-backends/src/cuda/backend.rs:5:26
  |
5 | use incin_core::shapes::{Dyn, OperationKind, ShapeError, StrideBuf};
  |                          ^^^                             ^^^^^^^^^
  |
  = note: `#[warn(unused_imports)]` (part of `#[warn(unused)]`) on by default

warning: unused import: `Q8_0`
 --> crates/incin-backends/src/cuda/backend.rs:8:62
  |
8 |     ConstDType, DType, DTypeDescriptor, DTypeId, FloatDType, Q8_0, QuantDType,
  |                                                              ^^^^

warning: unused import: `Shape`
  --> crates/incin-backends/src/cuda/executor.rs:11:41
   |
11 | use incin_core::shapes::{OperationKind, Shape};
   |                                         ^^^^^

warning: unused imports: `AutogradBackend` and `HostInterop`
    --> crates/incin-backends/src/cuda/backend.rs:3338:41
     |
3338 |     use incin_core::backend_authoring::{AutogradBackend, HostInterop};
     |                                         ^^^^^^^^^^^^^^^  ^^^^^^^^^^^

warning: `incin-backends` (lib) generated 3 warnings (run `cargo fix --lib -p incin-backends` to apply 3 suggestions)
warning: `incin-backends` (lib test) generated 4 warnings (3 duplicates) (run `cargo fix --lib -p incin-backends --tests` to apply 1 suggestion)
    Finished `dev` profile [unoptimized] target(s) in 4.41s

info: running `cargo check --all-targets --no-default-features --features autotune,compiled,cuda-vendor,default` on incin-backends (42/8212)
warning: unused import: `alloc::vec`
 --> crates/incin-core/src/compiled/artifact.rs:5:5
  |
5 | use alloc::vec;
  |     ^^^^^^^^^^
  |
  = note: `#[warn(unused_imports)]` (part of `#[warn(unused)]`) on by default

warning: unused import: `CapturedNode`
 --> crates/incin-core/src/compiled/fusion.rs:5:47
  |
5 | use crate::compiled::capture::{CapturedGraph, CapturedNode};
  |                                               ^^^^^^^^^^^^

warning: unused import: `alloc::string::String`
 --> crates/incin-core/src/compiled/plan.rs:4:5
  |
4 | use alloc::string::String;
  |     ^^^^^^^^^^^^^^^^^^^^^

warning: unused import: `SymbolEnvironment`
  --> crates/incin-core/src/compiled/plan.rs:12:57
   |
12 |     DimExpr, LayoutClass, OperationIdentity, ShapeExpr, SymbolEnvironment, SymbolTable,
   |                                                         ^^^^^^^^^^^^^^^^^

warning: function `export_captured_to_onnx` is never used
   --> crates/incin-core/src/onnx_exporter.rs:116:8
    |
116 | pub fn export_captured_to_onnx(graph: &CapturedGraph, path: &Path) -> anyhow::Result<()> {
    |        ^^^^^^^^^^^^^^^^^^^^^^^
    |
    = note: `#[warn(dead_code)]` (part of `#[warn(unused)]`) on by default

warning: `incin-core` (lib) generated 5 warnings (run `cargo fix --lib -p incin-core` to apply 4 suggestions)
    Checking incin-backends v0.0.0 (/home/xupremix/Projects/incin/crates/incin-backends)
warning: unused imports: `Dyn` and `StrideBuf`
 --> crates/incin-backends/src/cuda/backend.rs:5:26
  |
5 | use incin_core::shapes::{Dyn, OperationKind, ShapeError, StrideBuf};
  |                          ^^^                             ^^^^^^^^^
  |
  = note: `#[warn(unused_imports)]` (part of `#[warn(unused)]`) on by default

warning: unused import: `Q8_0`
 --> crates/incin-backends/src/cuda/backend.rs:8:62
  |
8 |     ConstDType, DType, DTypeDescriptor, DTypeId, FloatDType, Q8_0, QuantDType,
  |                                                              ^^^^

warning: unused import: `Shape`
  --> crates/incin-backends/src/cuda/executor.rs:11:41
   |
11 | use incin_core::shapes::{OperationKind, Shape};
   |                                         ^^^^^

warning: unused imports: `AutogradBackend` and `HostInterop`
    --> crates/incin-backends/src/cuda/backend.rs:3338:41
     |
3338 |     use incin_core::backend_authoring::{AutogradBackend, HostInterop};
     |                                         ^^^^^^^^^^^^^^^  ^^^^^^^^^^^

warning: `incin-backends` (lib) generated 3 warnings (run `cargo fix --lib -p incin-backends` to apply 3 suggestions)
warning: `incin-backends` (lib test) generated 4 warnings (3 duplicates) (run `cargo fix --lib -p incin-backends --tests` to apply 1 suggestion)
    Finished `dev` profile [unoptimized] target(s) in 4.50s

info: running `cargo check --all-targets --no-default-features --features cpu-blas,cuda-vendor,default` on incin-backends (43/8212)
    Checking incin-backends v0.0.0 (/home/xupremix/Projects/incin/crates/incin-backends)
warning: unused imports: `Dyn` and `StrideBuf`
 --> crates/incin-backends/src/cuda/backend.rs:5:26
  |
5 | use incin_core::shapes::{Dyn, OperationKind, ShapeError, StrideBuf};
  |                          ^^^                             ^^^^^^^^^
  |
  = note: `#[warn(unused_imports)]` (part of `#[warn(unused)]`) on by default

warning: unused import: `Q8_0`
 --> crates/incin-backends/src/cuda/backend.rs:8:62
  |
8 |     ConstDType, DType, DTypeDescriptor, DTypeId, FloatDType, Q8_0, QuantDType,
  |                                                              ^^^^

warning: unused import: `Shape`
  --> crates/incin-backends/src/cuda/executor.rs:11:41
   |
11 | use incin_core::shapes::{OperationKind, Shape};
   |                                         ^^^^^

warning: unused imports: `AutogradBackend` and `HostInterop`
    --> crates/incin-backends/src/cuda/backend.rs:3338:41
     |
3338 |     use incin_core::backend_authoring::{AutogradBackend, HostInterop};
     |                                         ^^^^^^^^^^^^^^^  ^^^^^^^^^^^

warning: `incin-backends` (lib) generated 3 warnings (run `cargo fix --lib -p incin-backends` to apply 3 suggestions)
warning: `incin-backends` (lib test) generated 4 warnings (3 duplicates) (run `cargo fix --lib -p incin-backends --tests` to apply 1 suggestion)
    Finished `dev` profile [unoptimized] target(s) in 4.48s

info: running `cargo check --all-targets --no-default-features --features autotune,cpu-blas,cuda-vendor,default` on incin-backends (44/8212)
    Checking incin-backends v0.0.0 (/home/xupremix/Projects/incin/crates/incin-backends)
warning: unused imports: `Dyn` and `StrideBuf`
 --> crates/incin-backends/src/cuda/backend.rs:5:26
  |
5 | use incin_core::shapes::{Dyn, OperationKind, ShapeError, StrideBuf};
  |                          ^^^                             ^^^^^^^^^
  |
  = note: `#[warn(unused_imports)]` (part of `#[warn(unused)]`) on by default

warning: unused import: `Q8_0`
 --> crates/incin-backends/src/cuda/backend.rs:8:62
  |
8 |     ConstDType, DType, DTypeDescriptor, DTypeId, FloatDType, Q8_0, QuantDType,
  |                                                              ^^^^

warning: unused import: `Shape`
  --> crates/incin-backends/src/cuda/executor.rs:11:41
   |
11 | use incin_core::shapes::{OperationKind, Shape};
   |                                         ^^^^^

warning: unused imports: `AutogradBackend` and `HostInterop`
    --> crates/incin-backends/src/cuda/backend.rs:3338:41
     |
3338 |     use incin_core::backend_authoring::{AutogradBackend, HostInterop};
     |                                         ^^^^^^^^^^^^^^^  ^^^^^^^^^^^

warning: `incin-backends` (lib) generated 3 warnings (run `cargo fix --lib -p incin-backends` to apply 3 suggestions)
warning: `incin-backends` (lib test) generated 4 warnings (3 duplicates) (run `cargo fix --lib -p incin-backends --tests` to apply 1 suggestion)
    Finished `dev` profile [unoptimized] target(s) in 4.45s

info: running `cargo check --all-targets --no-default-features --features compiled,cpu-blas,cuda-vendor,default` on incin-backends (45/8212)
warning: unused import: `alloc::vec`
 --> crates/incin-core/src/compiled/artifact.rs:5:5
  |
5 | use alloc::vec;
  |     ^^^^^^^^^^
  |
  = note: `#[warn(unused_imports)]` (part of `#[warn(unused)]`) on by default

warning: unused import: `CapturedNode`
 --> crates/incin-core/src/compiled/fusion.rs:5:47
  |
5 | use crate::compiled::capture::{CapturedGraph, CapturedNode};
  |                                               ^^^^^^^^^^^^

warning: unused import: `alloc::string::String`
 --> crates/incin-core/src/compiled/plan.rs:4:5
  |
4 | use alloc::string::String;
  |     ^^^^^^^^^^^^^^^^^^^^^

warning: unused import: `SymbolEnvironment`
  --> crates/incin-core/src/compiled/plan.rs:12:57
   |
12 |     DimExpr, LayoutClass, OperationIdentity, ShapeExpr, SymbolEnvironment, SymbolTable,
   |                                                         ^^^^^^^^^^^^^^^^^

warning: function `export_captured_to_onnx` is never used
   --> crates/incin-core/src/onnx_exporter.rs:116:8
    |
116 | pub fn export_captured_to_onnx(graph: &CapturedGraph, path: &Path) -> anyhow::Result<()> {
    |        ^^^^^^^^^^^^^^^^^^^^^^^
    |
    = note: `#[warn(dead_code)]` (part of `#[warn(unused)]`) on by default

warning: `incin-core` (lib) generated 5 warnings (run `cargo fix --lib -p incin-core` to apply 4 suggestions)
    Checking incin-backends v0.0.0 (/home/xupremix/Projects/incin/crates/incin-backends)
warning: unused imports: `Dyn` and `StrideBuf`
 --> crates/incin-backends/src/cuda/backend.rs:5:26
  |
5 | use incin_core::shapes::{Dyn, OperationKind, ShapeError, StrideBuf};
  |                          ^^^                             ^^^^^^^^^
  |
  = note: `#[warn(unused_imports)]` (part of `#[warn(unused)]`) on by default

warning: unused import: `Q8_0`
 --> crates/incin-backends/src/cuda/backend.rs:8:62
  |
8 |     ConstDType, DType, DTypeDescriptor, DTypeId, FloatDType, Q8_0, QuantDType,
  |                                                              ^^^^

warning: unused import: `Shape`
  --> crates/incin-backends/src/cuda/executor.rs:11:41
   |
11 | use incin_core::shapes::{OperationKind, Shape};
   |                                         ^^^^^

warning: unused imports: `AutogradBackend` and `HostInterop`
    --> crates/incin-backends/src/cuda/backend.rs:3338:41
     |
3338 |     use incin_core::backend_authoring::{AutogradBackend, HostInterop};
     |                                         ^^^^^^^^^^^^^^^  ^^^^^^^^^^^

warning: `incin-backends` (lib) generated 3 warnings (run `cargo fix --lib -p incin-backends` to apply 3 suggestions)
warning: `incin-backends` (lib test) generated 4 warnings (3 duplicates) (run `cargo fix --lib -p incin-backends --tests` to apply 1 suggestion)
    Finished `dev` profile [unoptimized] target(s) in 4.59s

info: running `cargo check --all-targets --no-default-features --features autotune,compiled,cpu-blas,cuda-vendor,default` on incin-backends (46/8212)
warning: unused import: `alloc::vec`
 --> crates/incin-core/src/compiled/artifact.rs:5:5
  |
5 | use alloc::vec;
  |     ^^^^^^^^^^
  |
  = note: `#[warn(unused_imports)]` (part of `#[warn(unused)]`) on by default

warning: unused import: `CapturedNode`
 --> crates/incin-core/src/compiled/fusion.rs:5:47
  |
5 | use crate::compiled::capture::{CapturedGraph, CapturedNode};
  |                                               ^^^^^^^^^^^^

warning: unused import: `alloc::string::String`
 --> crates/incin-core/src/compiled/plan.rs:4:5
  |
4 | use alloc::string::String;
  |     ^^^^^^^^^^^^^^^^^^^^^

warning: unused import: `SymbolEnvironment`
  --> crates/incin-core/src/compiled/plan.rs:12:57
   |
12 |     DimExpr, LayoutClass, OperationIdentity, ShapeExpr, SymbolEnvironment, SymbolTable,
   |                                                         ^^^^^^^^^^^^^^^^^

warning: function `export_captured_to_onnx` is never used
   --> crates/incin-core/src/onnx_exporter.rs:116:8
    |
116 | pub fn export_captured_to_onnx(graph: &CapturedGraph, path: &Path) -> anyhow::Result<()> {
    |        ^^^^^^^^^^^^^^^^^^^^^^^
    |
    = note: `#[warn(dead_code)]` (part of `#[warn(unused)]`) on by default

warning: `incin-core` (lib) generated 5 warnings (run `cargo fix --lib -p incin-core` to apply 4 suggestions)
    Checking incin-backends v0.0.0 (/home/xupremix/Projects/incin/crates/incin-backends)
warning: unused imports: `Dyn` and `StrideBuf`
 --> crates/incin-backends/src/cuda/backend.rs:5:26
  |
5 | use incin_core::shapes::{Dyn, OperationKind, ShapeError, StrideBuf};
  |                          ^^^                             ^^^^^^^^^
  |
  = note: `#[warn(unused_imports)]` (part of `#[warn(unused)]`) on by default

warning: unused import: `Q8_0`
 --> crates/incin-backends/src/cuda/backend.rs:8:62
  |
8 |     ConstDType, DType, DTypeDescriptor, DTypeId, FloatDType, Q8_0, QuantDType,
  |                                                              ^^^^

warning: unused import: `Shape`
  --> crates/incin-backends/src/cuda/executor.rs:11:41
   |
11 | use incin_core::shapes::{OperationKind, Shape};
   |                                         ^^^^^

warning: unused imports: `AutogradBackend` and `HostInterop`
    --> crates/incin-backends/src/cuda/backend.rs:3338:41
     |
3338 |     use incin_core::backend_authoring::{AutogradBackend, HostInterop};
     |                                         ^^^^^^^^^^^^^^^  ^^^^^^^^^^^

warning: `incin-backends` (lib) generated 3 warnings (run `cargo fix --lib -p incin-backends` to apply 3 suggestions)
warning: `incin-backends` (lib test) generated 4 warnings (3 duplicates) (run `cargo fix --lib -p incin-backends --tests` to apply 1 suggestion)
    Finished `dev` profile [unoptimized] target(s) in 4.54s

info: running `cargo check --all-targets --no-default-features --features distributed` on incin-backends (47/8212)
   Compiling incin-core v0.0.0 (/home/xupremix/Projects/incin/crates/incin-core)
    Checking incin-backends v0.0.0 (/home/xupremix/Projects/incin/crates/incin-backends)
warning: unused macro definition: `cpu_unary_call`
   --> crates/incin-backends/src/dispatch.rs:326:14
    |
326 | macro_rules! cpu_unary_call {
    |              ^^^^^^^^^^^^^^
    |
    = note: `#[warn(unused_macros)]` (part of `#[warn(unused)]`) on by default

warning: unused macro definition: `cpu_reduction_call`
   --> crates/incin-backends/src/dispatch.rs:500:14
    |
500 | macro_rules! cpu_reduction_call {
    |              ^^^^^^^^^^^^^^^^^^

warning: unused macro definition: `cpu_shape_call`
   --> crates/incin-backends/src/dispatch.rs:568:14
    |
568 | macro_rules! cpu_shape_call {
    |              ^^^^^^^^^^^^^^

warning: unused macro definition: `cpu_binary_call`
   --> crates/incin-backends/src/dispatch.rs:711:14
    |
711 | macro_rules! cpu_binary_call {
    |              ^^^^^^^^^^^^^^^

warning: unused import: `Cpu`
  --> crates/incin-backends/src/target.rs:86:34
   |
86 | use incin_core::tensor::device::{Cpu, Device, DeviceId};
   |                                  ^^^
   |
   = note: `#[warn(unused_imports)]` (part of `#[warn(unused)]`) on by default

warning: unused macro definition: `impl_unit_arg_target`
   --> crates/incin-backends/src/target.rs:842:14
    |
842 | macro_rules! impl_unit_arg_target {
    |              ^^^^^^^^^^^^^^^^^^^^

warning: unused import: `incin_core::shapes::buf::ShapeBuf`
 --> crates/incin-backends/src/backend_kind.rs:8:5
  |
8 | use incin_core::shapes::buf::ShapeBuf;
  |     ^^^^^^^^^^^^^^^^^^^^^^^^^^^^^^^^^
  |
  = note: `#[warn(unused_imports)]` (part of `#[warn(unused)]`) on by default

warning: unused import: `incin_core::shapes::dynamic::Dyn`
  --> crates/incin-backends/src/backend_kind.rs:10:5
   |
10 | use incin_core::shapes::dynamic::Dyn;
   |     ^^^^^^^^^^^^^^^^^^^^^^^^^^^^^^^^

warning: unused import: `incin_core::tensor::device::Cpu`
  --> crates/incin-backends/src/backend_kind.rs:12:5
   |
12 | use incin_core::tensor::device::Cpu;
   |     ^^^^^^^^^^^^^^^^^^^^^^^^^^^^^^^

warning: unused import: `super::*`
   --> crates/incin-backends/src/backend_kind.rs:109:9
    |
109 |     use super::*;
    |         ^^^^^^^^

warning: unused import: `incin_core::error::Error`
   --> crates/incin-backends/src/backend_kind.rs:113:9
    |
113 |     use incin_core::error::Error;
    |         ^^^^^^^^^^^^^^^^^^^^^^^^

warning: unused imports: `LayerNorm` and `Linear`
   --> crates/incin-backends/src/backend_kind.rs:116:26
    |
116 |     use incin_core::nn::{LayerNorm, Linear};
    |                          ^^^^^^^^^  ^^^^^^

warning: unused import: `incin_core::shapes::OperationKind`
   --> crates/incin-backends/src/backend_kind.rs:117:9
    |
117 |     use incin_core::shapes::OperationKind;
    |         ^^^^^^^^^^^^^^^^^^^^^^^^^^^^^^^^^

warning: unused import: `incin_core::tensor::base::Tensor`
   --> crates/incin-backends/src/backend_kind.rs:118:9
    |
118 |     use incin_core::tensor::base::Tensor;
    |         ^^^^^^^^^^^^^^^^^^^^^^^^^^^^^^^^

warning: unused import: `incin_core::tensor::device::DeviceId`
   --> crates/incin-backends/src/backend_kind.rs:119:9
    |
119 |     use incin_core::tensor::device::DeviceId;
    |         ^^^^^^^^^^^^^^^^^^^^^^^^^^^^^^^^^^^^

warning: unused imports: `Grad` and `RequiresGrad`
   --> crates/incin-backends/src/backend_kind.rs:122:36
    |
122 |     use incin_core::tensor::grad::{Grad, RequiresGrad};
    |                                    ^^^^  ^^^^^^^^^^^^

warning: unused import: `incin_core::tensor::transfer::ToDevice`
   --> crates/incin-backends/src/backend_kind.rs:123:9
    |
123 |     use incin_core::tensor::transfer::ToDevice;
    |         ^^^^^^^^^^^^^^^^^^^^^^^^^^^^^^^^^^^^^^

warning: unused import: `Cpu`
  --> crates/incin-backends/src/target.rs:86:34
   |
86 | use incin_core::tensor::device::{Cpu, Device, DeviceId};
   |                                  ^^^

warning: unused variable: `bytes`
    --> crates/incin-backends/src/dispatch.rs:1116:9
     |
1116 |         bytes: &[u8],
     |         ^^^^^ help: if this is intentional, prefix it with an underscore: `_bytes`
     |
     = note: `#[warn(unused_variables)]` (part of `#[warn(unused)]`) on by default

warning: unused variable: `shape`
    --> crates/incin-backends/src/dispatch.rs:1117:9
     |
1117 |         shape: &[usize],
     |         ^^^^^ help: if this is intentional, prefix it with an underscore: `_shape`

warning: unused variable: `dtype`
    --> crates/incin-backends/src/dispatch.rs:1118:9
     |
1118 |         dtype: DTypeDescriptor,
     |         ^^^^^ help: if this is intentional, prefix it with an underscore: `_dtype`

warning: unused variable: `shape`
    --> crates/incin-backends/src/dispatch.rs:1165:9
     |
1165 |         shape: &[usize],
     |         ^^^^^ help: if this is intentional, prefix it with an underscore: `_shape`

warning: unused variable: `dtype`
    --> crates/incin-backends/src/dispatch.rs:1166:9
     |
1166 |         dtype: DTypeDescriptor,
     |         ^^^^^ help: if this is intentional, prefix it with an underscore: `_dtype`

warning: unused variable: `shape`
    --> crates/incin-backends/src/dispatch.rs:1172:9
     |
1172 |         shape: &[usize],
     |         ^^^^^ help: if this is intentional, prefix it with an underscore: `_shape`

warning: unused variable: `dtype`
    --> crates/incin-backends/src/dispatch.rs:1173:9
     |
1173 |         dtype: DTypeDescriptor,
     |         ^^^^^ help: if this is intentional, prefix it with an underscore: `_dtype`

warning: unused variable: `shape`
    --> crates/incin-backends/src/dispatch.rs:1179:9
     |
1179 |         shape: &[usize],
     |         ^^^^^ help: if this is intentional, prefix it with an underscore: `_shape`

warning: unused variable: `dtype`
    --> crates/incin-backends/src/dispatch.rs:1180:9
     |
1180 |         dtype: DTypeDescriptor,
     |         ^^^^^ help: if this is intentional, prefix it with an underscore: `_dtype`

warning: unused variable: `shape`
    --> crates/incin-backends/src/dispatch.rs:1186:9
     |
1186 |         shape: &[usize],
     |         ^^^^^ help: if this is intentional, prefix it with an underscore: `_shape`

warning: unused variable: `dtype`
    --> crates/incin-backends/src/dispatch.rs:1187:9
     |
1187 |         dtype: DTypeDescriptor,
     |         ^^^^^ help: if this is intentional, prefix it with an underscore: `_dtype`

warning: unused variable: `val`
    --> crates/incin-backends/src/dispatch.rs:1193:9
     |
1193 |         val: f64,
     |         ^^^ help: if this is intentional, prefix it with an underscore: `_val`

warning: unused variable: `shape`
    --> crates/incin-backends/src/dispatch.rs:1194:9
     |
1194 |         shape: &[usize],
     |         ^^^^^ help: if this is intentional, prefix it with an underscore: `_shape`

warning: unused variable: `dtype`
    --> crates/incin-backends/src/dispatch.rs:1195:9
     |
1195 |         dtype: DTypeDescriptor,
     |         ^^^^^ help: if this is intentional, prefix it with an underscore: `_dtype`

warning: unused variable: `start`
    --> crates/incin-backends/src/dispatch.rs:1231:9
     |
1231 |         start: f64,
     |         ^^^^^ help: if this is intentional, prefix it with an underscore: `_start`

warning: unused variable: `step`
    --> crates/incin-backends/src/dispatch.rs:1232:9
     |
1232 |         step: f64,
     |         ^^^^ help: if this is intentional, prefix it with an underscore: `_step`

warning: unused variable: `shape`
    --> crates/incin-backends/src/dispatch.rs:1233:9
     |
1233 |         shape: &[usize],
     |         ^^^^^ help: if this is intentional, prefix it with an underscore: `_shape`

warning: unused variable: `dtype`
    --> crates/incin-backends/src/dispatch.rs:1234:9
     |
1234 |         dtype: DTypeDescriptor,
     |         ^^^^^ help: if this is intentional, prefix it with an underscore: `_dtype`

warning: unused variable: `start`
    --> crates/incin-backends/src/dispatch.rs:1276:9
     |
1276 |         start: f64,
     |         ^^^^^ help: if this is intentional, prefix it with an underscore: `_start`

warning: unused variable: `end`
    --> crates/incin-backends/src/dispatch.rs:1277:9
     |
1277 |         end: f64,
     |         ^^^ help: if this is intentional, prefix it with an underscore: `_end`

warning: unused variable: `shape`
    --> crates/incin-backends/src/dispatch.rs:1278:9
     |
1278 |         shape: &[usize],
     |         ^^^^^ help: if this is intentional, prefix it with an underscore: `_shape`

warning: unused variable: `dtype`
    --> crates/incin-backends/src/dispatch.rs:1279:9
     |
1279 |         dtype: DTypeDescriptor,
     |         ^^^^^ help: if this is intentional, prefix it with an underscore: `_dtype`

warning: unused variable: `shape`
    --> crates/incin-backends/src/dispatch.rs:1322:9
     |
1322 |         shape: &[usize],
     |         ^^^^^ help: if this is intentional, prefix it with an underscore: `_shape`

warning: unused variable: `dtype`
    --> crates/incin-backends/src/dispatch.rs:1323:9
     |
1323 |         dtype: DTypeDescriptor,
     |         ^^^^^ help: if this is intentional, prefix it with an underscore: `_dtype`

warning: unused variable: `shape`
    --> crates/incin-backends/src/dispatch.rs:1330:9
     |
1330 |         shape: &[usize],
     |         ^^^^^ help: if this is intentional, prefix it with an underscore: `_shape`

warning: unused variable: `dtype`
    --> crates/incin-backends/src/dispatch.rs:1331:9
     |
1331 |         dtype: DTypeDescriptor,
     |         ^^^^^ help: if this is intentional, prefix it with an underscore: `_dtype`

warning: unused variable: `shape`
    --> crates/incin-backends/src/dispatch.rs:1338:9
     |
1338 |         shape: &[usize],
     |         ^^^^^ help: if this is intentional, prefix it with an underscore: `_shape`

warning: unused variable: `dtype`
    --> crates/incin-backends/src/dispatch.rs:1339:9
     |
1339 |         dtype: DTypeDescriptor,
     |         ^^^^^ help: if this is intentional, prefix it with an underscore: `_dtype`

warning: unused variable: `shape`
    --> crates/incin-backends/src/dispatch.rs:1346:9
     |
1346 |         shape: &[usize],
     |         ^^^^^ help: if this is intentional, prefix it with an underscore: `_shape`

warning: unused variable: `dtype`
    --> crates/incin-backends/src/dispatch.rs:1347:9
     |
1347 |         dtype: DTypeDescriptor,
     |         ^^^^^ help: if this is intentional, prefix it with an underscore: `_dtype`

warning: unused variable: `shape`
    --> crates/incin-backends/src/dispatch.rs:1355:51
     |
1355 |     pub fn reshape<K: DType>(t: &DispatchStorage, shape: &[usize]) -> Result<DispatchStorage> {
     |                                                   ^^^^^ help: if this is intentional, prefix it with an underscore: `_shape`

warning: unused variable: `dim1`
    --> crates/incin-backends/src/dispatch.rs:1360:9
     |
1360 |         dim1: usize,
     |         ^^^^ help: if this is intentional, prefix it with an underscore: `_dim1`

warning: unused variable: `dim2`
    --> crates/incin-backends/src/dispatch.rs:1361:9
     |
1361 |         dim2: usize,
     |         ^^^^ help: if this is intentional, prefix it with an underscore: `_dim2`

warning: unused variable: `shape`
    --> crates/incin-backends/src/dispatch.rs:1371:56
     |
1371 |     pub fn broadcast_as<K: DType>(t: &DispatchStorage, shape: &[usize]) -> Result<DispatchStorage> {
     |                                                        ^^^^^ help: if this is intentional, prefix it with an underscore: `_shape`

warning: unused variable: `dim`
    --> crates/incin-backends/src/dispatch.rs:1376:9
     |
1376 |         dim: usize,
     |         ^^^ help: if this is intentional, prefix it with an underscore: `_dim`

warning: unused variable: `start`
    --> crates/incin-backends/src/dispatch.rs:1377:9
     |
1377 |         start: usize,
     |         ^^^^^ help: if this is intentional, prefix it with an underscore: `_start`

warning: unused variable: `len`
    --> crates/incin-backends/src/dispatch.rs:1378:9
     |
1378 |         len: usize,
     |         ^^^ help: if this is intentional, prefix it with an underscore: `_len`

warning: unused variable: `dim`
    --> crates/incin-backends/src/dispatch.rs:1382:51
     |
1382 |     pub fn squeeze<K: DType>(t: &DispatchStorage, dim: usize) -> Result<DispatchStorage> {
     |                                                   ^^^ help: if this is intentional, prefix it with an underscore: `_dim`

warning: unused variable: `dim`
    --> crates/incin-backends/src/dispatch.rs:1385:52
     |
1385 |     pub fn stack<K: DType>(t: &[&DispatchStorage], dim: usize) -> Result<DispatchStorage> {
     |                                                    ^^^ help: if this is intentional, prefix it with an underscore: `_dim`

warning: unused variable: `dim`
    --> crates/incin-backends/src/dispatch.rs:1388:53
     |
1388 |     pub fn concat<K: DType>(t: &[&DispatchStorage], dim: usize) -> Result<DispatchStorage> {
     |                                                     ^^^ help: if this is intentional, prefix it with an underscore: `_dim`

warning: unused variable: `ranges`
    --> crates/incin-backends/src/dispatch.rs:1393:9
     |
1393 |         ranges: &[(usize, usize)],
     |         ^^^^^^ help: if this is intentional, prefix it with an underscore: `_ranges`

warning: unused variable: `start`
    --> crates/incin-backends/src/dispatch.rs:1399:9
     |
1399 |         start: usize,
     |         ^^^^^ help: if this is intentional, prefix it with an underscore: `_start`

warning: unused variable: `end`
    --> crates/incin-backends/src/dispatch.rs:1400:9
     |
1400 |         end: usize,
     |         ^^^ help: if this is intentional, prefix it with an underscore: `_end`

warning: unused variable: `dim`
    --> crates/incin-backends/src/dispatch.rs:1432:9
     |
1432 |         dim: usize,
     |         ^^^ help: if this is intentional, prefix it with an underscore: `_dim`

warning: unused variable: `dim`
    --> crates/incin-backends/src/dispatch.rs:1458:9
     |
1458 |         dim: usize,
     |         ^^^ help: if this is intentional, prefix it with an underscore: `_dim`

warning: unused variable: `dim`
    --> crates/incin-backends/src/dispatch.rs:1486:9
     |
1486 |         dim: usize,
     |         ^^^ help: if this is intentional, prefix it with an underscore: `_dim`

warning: unused variable: `value`
    --> crates/incin-backends/src/dispatch.rs:1514:9
     |
1514 |         value: f64,
     |         ^^^^^ help: if this is intentional, prefix it with an underscore: `_value`

warning: unused variable: `dim`
    --> crates/incin-backends/src/dispatch.rs:1538:53
     |
1538 |     pub fn unsqueeze<K: DType>(t: &DispatchStorage, dim: usize) -> Result<DispatchStorage> {
     |                                                     ^^^ help: if this is intentional, prefix it with an underscore: `_dim`

warning: unused variable: `repeats`
    --> crates/incin-backends/src/dispatch.rs:1541:50
     |
1541 |     pub fn repeat<K: DType>(t: &DispatchStorage, repeats: &[usize]) -> Result<DispatchStorage> {
     |                                                  ^^^^^^^ help: if this is intentional, prefix it with an underscore: `_repeats`

warning: unused variable: `padding`
    --> crates/incin-backends/src/dispatch.rs:1546:9
     |
1546 |         padding: &[(usize, usize)],
     |         ^^^^^^^ help: if this is intentional, prefix it with an underscore: `_padding`

warning: unused variable: `val`
    --> crates/incin-backends/src/dispatch.rs:1547:9
     |
1547 |         val: f64,
     |         ^^^ help: if this is intentional, prefix it with an underscore: `_val`

warning: unused variable: `k`
    --> crates/incin-backends/src/dispatch.rs:1551:48
     |
1551 |     pub fn triu<K: DType>(t: &DispatchStorage, k: i64) -> Result<DispatchStorage> {
     |                                                ^ help: if this is intentional, prefix it with an underscore: `_k`

warning: unused variable: `k`
    --> crates/incin-backends/src/dispatch.rs:1554:48
     |
1554 |     pub fn tril<K: DType>(t: &DispatchStorage, k: i64) -> Result<DispatchStorage> {
     |                                                ^ help: if this is intentional, prefix it with an underscore: `_k`

warning: unused variable: `k`
    --> crates/incin-backends/src/dispatch.rs:1557:48
     |
1557 |     pub fn diag<K: DType>(t: &DispatchStorage, k: i64) -> Result<DispatchStorage> {
     |                                                ^ help: if this is intentional, prefix it with an underscore: `_k`

warning: unused variable: `shape`
    --> crates/incin-backends/src/dispatch.rs:1562:9
     |
1562 |         shape: &[usize],
     |         ^^^^^ help: if this is intentional, prefix it with an underscore: `_shape`

warning: unused variable: `dtype`
    --> crates/incin-backends/src/dispatch.rs:1650:9
     |
1650 |         dtype: DTypeDescriptor,
     |         ^^^^^ help: if this is intentional, prefix it with an underscore: `_dtype`

warning: unused variable: `val`
    --> crates/incin-backends/src/dispatch.rs:1787:54
     |
1787 |     pub fn sub_scalar<K: DType>(t: &DispatchStorage, val: f64) -> Result<DispatchStorage> {
     |                                                      ^^^ help: if this is intentional, prefix it with an underscore: `_val`

warning: unused variable: `val`
    --> crates/incin-backends/src/dispatch.rs:1790:54
     |
1790 |     pub fn div_scalar<K: DType>(t: &DispatchStorage, val: f64) -> Result<DispatchStorage> {
     |                                                      ^^^ help: if this is intentional, prefix it with an underscore: `_val`

warning: unused variable: `dim`
    --> crates/incin-backends/src/dispatch.rs:1878:9
     |
1878 |         dim: usize,
     |         ^^^ help: if this is intentional, prefix it with an underscore: `_dim`

warning: unused variable: `size`
    --> crates/incin-backends/src/dispatch.rs:1879:9
     |
1879 |         size: usize,
     |         ^^^^ help: if this is intentional, prefix it with an underscore: `_size`

warning: unused variable: `step`
    --> crates/incin-backends/src/dispatch.rs:1880:9
     |
1880 |         step: usize,
     |         ^^^^ help: if this is intentional, prefix it with an underscore: `_step`

warning: unused variable: `upscale_factor`
    --> crates/incin-backends/src/dispatch.rs:1886:9
     |
1886 |         upscale_factor: usize,
     |         ^^^^^^^^^^^^^^ help: if this is intentional, prefix it with an underscore: `_upscale_factor`

warning: unused variable: `groups`
    --> crates/incin-backends/src/dispatch.rs:1892:9
     |
1892 |         groups: usize,
     |         ^^^^^^ help: if this is intentional, prefix it with an underscore: `_groups`

warning: unused variable: `eps`
    --> crates/incin-backends/src/dispatch.rs:1893:9
     |
1893 |         eps: f64,
     |         ^^^ help: if this is intentional, prefix it with an underscore: `_eps`

warning: unused variable: `eps`
    --> crates/incin-backends/src/dispatch.rs:1897:57
     |
1897 |     pub fn instance_norm<K: DType>(t: &DispatchStorage, eps: f64) -> Result<DispatchStorage> {
     |                                                         ^^^ help: if this is intentional, prefix it with an underscore: `_eps`

warning: unused variable: `dim`
    --> crates/incin-backends/src/dispatch.rs:1955:51
     |
1955 |     pub fn softmax<K: DType>(t: &DispatchStorage, dim: usize) -> Result<DispatchStorage> {
     |                                                   ^^^ help: if this is intentional, prefix it with an underscore: `_dim`

warning: unused variable: `scalar`
    --> crates/incin-backends/src/dispatch.rs:1958:60
     |
1958 |     pub fn add_scalar_float<K: DType>(t: &DispatchStorage, scalar: f64) -> Result<DispatchStorage> {
     |                                                            ^^^^^^ help: if this is intentional, prefix it with an underscore: `_scalar`

warning: unused variable: `scalar`
    --> crates/incin-backends/src/dispatch.rs:1961:60
     |
1961 |     pub fn mul_scalar_float<K: DType>(t: &DispatchStorage, scalar: f64) -> Result<DispatchStorage> {
     |                                                            ^^^^^^ help: if this is intentional, prefix it with an underscore: `_scalar`

warning: unused variable: `exponent`
    --> crates/incin-backends/src/dispatch.rs:1964:48
     |
1964 |     pub fn powf<K: DType>(t: &DispatchStorage, exponent: f64) -> Result<DispatchStorage> {
     |                                                ^^^^^^^^ help: if this is intentional, prefix it with an underscore: `_exponent`

warning: unused variable: `min`
    --> crates/incin-backends/src/dispatch.rs:1967:49
     |
1967 |     pub fn clamp<K: DType>(t: &DispatchStorage, min: f64, max: f64) -> Result<DispatchStorage> {
     |                                                 ^^^ help: if this is intentional, prefix it with an underscore: `_min`

warning: unused variable: `max`
    --> crates/incin-backends/src/dispatch.rs:1967:59
     |
1967 |     pub fn clamp<K: DType>(t: &DispatchStorage, min: f64, max: f64) -> Result<DispatchStorage> {
     |                                                           ^^^ help: if this is intentional, prefix it with an underscore: `_max`

warning: unused variable: `dim`
    --> crates/incin-backends/src/dispatch.rs:2049:9
     |
2049 |         dim: Option<usize>,
     |         ^^^ help: if this is intentional, prefix it with an underscore: `_dim`

warning: unused variable: `dim`
    --> crates/incin-backends/src/dispatch.rs:2076:9
     |
2076 |         dim: Option<usize>,
     |         ^^^ help: if this is intentional, prefix it with an underscore: `_dim`

warning: unused variable: `dim`
    --> crates/incin-backends/src/dispatch.rs:2103:9
     |
2103 |         dim: usize,
     |         ^^^ help: if this is intentional, prefix it with an underscore: `_dim`

warning: unused variable: `descending`
    --> crates/incin-backends/src/dispatch.rs:2104:9
     |
2104 |         descending: bool,
     |         ^^^^^^^^^^ help: if this is intentional, prefix it with an underscore: `_descending`

warning: unused variable: `k`
    --> crates/incin-backends/src/dispatch.rs:2134:9
     |
2134 |         k: usize,
     |         ^ help: if this is intentional, prefix it with an underscore: `_k`

warning: unused variable: `dim`
    --> crates/incin-backends/src/dispatch.rs:2135:9
     |
2135 |         dim: usize,
     |         ^^^ help: if this is intentional, prefix it with an underscore: `_dim`

warning: unused variable: `largest`
    --> crates/incin-backends/src/dispatch.rs:2136:9
     |
2136 |         largest: bool,
     |         ^^^^^^^ help: if this is intentional, prefix it with an underscore: `_largest`

warning: unused variable: `dim`
    --> crates/incin-backends/src/dispatch.rs:2188:51
     |
2188 |     pub fn sum_dim<K: DType>(t: &DispatchStorage, dim: usize) -> Result<DispatchStorage> {
     |                                                   ^^^ help: if this is intentional, prefix it with an underscore: `_dim`

warning: unused variable: `dim`
    --> crates/incin-backends/src/dispatch.rs:2191:55
     |
2191 |     pub fn sum_keepdim<K: DType>(t: &DispatchStorage, dim: usize) -> Result<DispatchStorage> {
     |                                                       ^^^ help: if this is intentional, prefix it with an underscore: `_dim`

warning: unused variable: `dim`
    --> crates/incin-backends/src/dispatch.rs:2194:52
     |
2194 |     pub fn mean_dim<K: DType>(t: &DispatchStorage, dim: usize) -> Result<DispatchStorage> {
     |                                                    ^^^ help: if this is intentional, prefix it with an underscore: `_dim`

warning: unused variable: `dim`
    --> crates/incin-backends/src/dispatch.rs:2197:56
     |
2197 |     pub fn mean_keepdim<K: DType>(t: &DispatchStorage, dim: usize) -> Result<DispatchStorage> {
     |                                                        ^^^ help: if this is intentional, prefix it with an underscore: `_dim`

warning: unused variable: `dim`
    --> crates/incin-backends/src/dispatch.rs:2200:51
     |
2200 |     pub fn max_dim<K: DType>(t: &DispatchStorage, dim: usize) -> Result<DispatchStorage> {
     |                                                   ^^^ help: if this is intentional, prefix it with an underscore: `_dim`

warning: unused variable: `dim`
    --> crates/incin-backends/src/dispatch.rs:2203:55
     |
2203 |     pub fn max_keepdim<K: DType>(t: &DispatchStorage, dim: usize) -> Result<DispatchStorage> {
     |                                                       ^^^ help: if this is intentional, prefix it with an underscore: `_dim`

warning: unused variable: `dim`
    --> crates/incin-backends/src/dispatch.rs:2206:51
     |
2206 |     pub fn min_dim<K: DType>(t: &DispatchStorage, dim: usize) -> Result<DispatchStorage> {
     |                                                   ^^^ help: if this is intentional, prefix it with an underscore: `_dim`

warning: unused variable: `dim`
    --> crates/incin-backends/src/dispatch.rs:2209:55
     |
2209 |     pub fn min_keepdim<K: DType>(t: &DispatchStorage, dim: usize) -> Result<DispatchStorage> {
     |                                                       ^^^ help: if this is intentional, prefix it with an underscore: `_dim`

warning: unused variable: `dim`
    --> crates/incin-backends/src/dispatch.rs:2215:52
     |
2215 |     pub fn prod_dim<K: DType>(t: &DispatchStorage, dim: usize) -> Result<DispatchStorage> {
     |                                                    ^^^ help: if this is intentional, prefix it with an underscore: `_dim`

warning: unused variable: `dim`
    --> crates/incin-backends/src/dispatch.rs:2218:50
     |
2218 |     pub fn cumsum<K: DType>(t: &DispatchStorage, dim: usize) -> Result<DispatchStorage> {
     |                                                  ^^^ help: if this is intentional, prefix it with an underscore: `_dim`

warning: unused variable: `weight`
    --> crates/incin-backends/src/dispatch.rs:2308:9
     |
2308 |         weight: &DispatchStorage,
     |         ^^^^^^ help: if this is intentional, prefix it with an underscore: `_weight`

warning: unused variable: `bias`
    --> crates/incin-backends/src/dispatch.rs:2309:9
     |
2309 |         bias: Option<&DispatchStorage>,
     |         ^^^^ help: if this is intentional, prefix it with an underscore: `_bias`

warning: unused variable: `eps`
    --> crates/incin-backends/src/dispatch.rs:2310:9
     |
2310 |         eps: f32,
     |         ^^^ help: if this is intentional, prefix it with an underscore: `_eps`

warning: unused variable: `w`
    --> crates/incin-backends/src/dispatch.rs:2323:9
     |
2323 |         w: Option<&DispatchStorage>,
     |         ^ help: if this is intentional, prefix it with an underscore: `_w`

warning: unused variable: `b`
    --> crates/incin-backends/src/dispatch.rs:2324:9
     |
2324 |         b: Option<&DispatchStorage>,
     |         ^ help: if this is intentional, prefix it with an underscore: `_b`

warning: unused variable: `rm`
    --> crates/incin-backends/src/dispatch.rs:2325:9
     |
2325 |         rm: Option<&DispatchStorage>,
     |         ^^ help: if this is intentional, prefix it with an underscore: `_rm`

warning: unused variable: `rv`
    --> crates/incin-backends/src/dispatch.rs:2326:9
     |
2326 |         rv: Option<&DispatchStorage>,
     |         ^^ help: if this is intentional, prefix it with an underscore: `_rv`

warning: unused variable: `e`
    --> crates/incin-backends/src/dispatch.rs:2327:9
     |
2327 |         e: f32,
     |         ^ help: if this is intentional, prefix it with an underscore: `_e`

warning: unused variable: `momentum`
    --> crates/incin-backends/src/dispatch.rs:2328:9
     |
2328 |         momentum: f64,
     |         ^^^^^^^^ help: if this is intentional, prefix it with an underscore: `_momentum`

warning: unused variable: `w`
    --> crates/incin-backends/src/dispatch.rs:2341:9
     |
2341 |         w: &DispatchStorage,
     |         ^ help: if this is intentional, prefix it with an underscore: `_w`

warning: unused variable: `w`
    --> crates/incin-backends/src/dispatch.rs:2354:9
     |
2354 |         w: &DispatchStorage,
     |         ^ help: if this is intentional, prefix it with an underscore: `_w`

warning: unused variable: `b`
    --> crates/incin-backends/src/dispatch.rs:2355:9
     |
2355 |         b: Option<&DispatchStorage>,
     |         ^ help: if this is intentional, prefix it with an underscore: `_b`

warning: unused variable: `stride`
    --> crates/incin-backends/src/dispatch.rs:2356:9
     |
2356 |         stride: usize,
     |         ^^^^^^ help: if this is intentional, prefix it with an underscore: `_stride`

warning: unused variable: `padding`
    --> crates/incin-backends/src/dispatch.rs:2357:9
     |
2357 |         padding: usize,
     |         ^^^^^^^ help: if this is intentional, prefix it with an underscore: `_padding`

warning: unused variable: `dilation`
    --> crates/incin-backends/src/dispatch.rs:2358:9
     |
2358 |         dilation: usize,
     |         ^^^^^^^^ help: if this is intentional, prefix it with an underscore: `_dilation`

warning: unused variable: `groups`
    --> crates/incin-backends/src/dispatch.rs:2359:9
     |
2359 |         groups: usize,
     |         ^^^^^^ help: if this is intentional, prefix it with an underscore: `_groups`

warning: unused variable: `w`
    --> crates/incin-backends/src/dispatch.rs:2372:9
     |
2372 |         w: &DispatchStorage,
     |         ^ help: if this is intentional, prefix it with an underscore: `_w`

warning: unused variable: `b`
    --> crates/incin-backends/src/dispatch.rs:2373:9
     |
2373 |         b: Option<&DispatchStorage>,
     |         ^ help: if this is intentional, prefix it with an underscore: `_b`

warning: unused variable: `stride`
    --> crates/incin-backends/src/dispatch.rs:2374:9
     |
2374 |         stride: usize,
     |         ^^^^^^ help: if this is intentional, prefix it with an underscore: `_stride`

warning: unused variable: `padding`
    --> crates/incin-backends/src/dispatch.rs:2375:9
     |
2375 |         padding: usize,
     |         ^^^^^^^ help: if this is intentional, prefix it with an underscore: `_padding`

warning: unused variable: `dilation`
    --> crates/incin-backends/src/dispatch.rs:2376:9
     |
2376 |         dilation: usize,
     |         ^^^^^^^^ help: if this is intentional, prefix it with an underscore: `_dilation`

warning: unused variable: `groups`
    --> crates/incin-backends/src/dispatch.rs:2377:9
     |
2377 |         groups: usize,
     |         ^^^^^^ help: if this is intentional, prefix it with an underscore: `_groups`

warning: unused variable: `w`
    --> crates/incin-backends/src/dispatch.rs:2391:9
     |
2391 |         w: &DispatchStorage,
     |         ^ help: if this is intentional, prefix it with an underscore: `_w`

warning: unused variable: `b`
    --> crates/incin-backends/src/dispatch.rs:2392:9
     |
2392 |         b: Option<&DispatchStorage>,
     |         ^ help: if this is intentional, prefix it with an underscore: `_b`

warning: unused variable: `stride`
    --> crates/incin-backends/src/dispatch.rs:2393:9
     |
2393 |         stride: usize,
     |         ^^^^^^ help: if this is intentional, prefix it with an underscore: `_stride`

warning: unused variable: `padding`
    --> crates/incin-backends/src/dispatch.rs:2394:9
     |
2394 |         padding: usize,
     |         ^^^^^^^ help: if this is intentional, prefix it with an underscore: `_padding`

warning: unused variable: `output_padding`
    --> crates/incin-backends/src/dispatch.rs:2395:9
     |
2395 |         output_padding: usize,
     |         ^^^^^^^^^^^^^^ help: if this is intentional, prefix it with an underscore: `_output_padding`

warning: unused variable: `dilation`
    --> crates/incin-backends/src/dispatch.rs:2396:9
     |
2396 |         dilation: usize,
     |         ^^^^^^^^ help: if this is intentional, prefix it with an underscore: `_dilation`

warning: unused variable: `groups`
    --> crates/incin-backends/src/dispatch.rs:2397:9
     |
2397 |         groups: usize,
     |         ^^^^^^ help: if this is intentional, prefix it with an underscore: `_groups`

warning: unused variable: `kernel_size`
    --> crates/incin-backends/src/dispatch.rs:2410:9
     |
2410 |         kernel_size: (usize, usize),
     |         ^^^^^^^^^^^ help: if this is intentional, prefix it with an underscore: `_kernel_size`

warning: unused variable: `stride`
    --> crates/incin-backends/src/dispatch.rs:2411:9
     |
2411 |         stride: (usize, usize),
     |         ^^^^^^ help: if this is intentional, prefix it with an underscore: `_stride`

warning: unused variable: `padding`
    --> crates/incin-backends/src/dispatch.rs:2412:9
     |
2412 |         padding: (usize, usize),
     |         ^^^^^^^ help: if this is intentional, prefix it with an underscore: `_padding`

warning: unused variable: `dilation`
    --> crates/incin-backends/src/dispatch.rs:2413:9
     |
2413 |         dilation: (usize, usize),
     |         ^^^^^^^^ help: if this is intentional, prefix it with an underscore: `_dilation`

warning: unused variable: `kernel_size`
    --> crates/incin-backends/src/dispatch.rs:2426:9
     |
2426 |         kernel_size: (usize, usize),
     |         ^^^^^^^^^^^ help: if this is intentional, prefix it with an underscore: `_kernel_size`

warning: unused variable: `stride`
    --> crates/incin-backends/src/dispatch.rs:2427:9
     |
2427 |         stride: (usize, usize),
     |         ^^^^^^ help: if this is intentional, prefix it with an underscore: `_stride`

warning: unused variable: `padding`
    --> crates/incin-backends/src/dispatch.rs:2428:9
     |
2428 |         padding: (usize, usize),
     |         ^^^^^^^ help: if this is intentional, prefix it with an underscore: `_padding`

warning: unused variable: `output_size`
    --> crates/incin-backends/src/dispatch.rs:2441:9
     |
2441 |         output_size: (usize, usize),
     |         ^^^^^^^^^^^ help: if this is intentional, prefix it with an underscore: `_output_size`

warning: unused variable: `target`
    --> crates/incin-backends/src/dispatch.rs:2590:9
     |
2590 |         target: &DispatchStorage,
     |         ^^^^^^ help: if this is intentional, prefix it with an underscore: `_target`

warning: unused variable: `reduction`
    --> crates/incin-backends/src/dispatch.rs:2591:9
     |
2591 |         reduction: incin_core::tensor::reduction::Reduction,
     |         ^^^^^^^^^ help: if this is intentional, prefix it with an underscore: `_reduction`

warning: unused variable: `request`
  --> crates/incin-backends/src/dispatch_capability.rs:10:9
   |
10 |         request: &PrecisionRequest,
   |         ^^^^^^^ help: if this is intentional, prefix it with an underscore: `_request`

warning: function `checked_contiguous_strides` is never used
  --> crates/incin-backends/src/layout.rs:33:15
   |
33 | pub(crate) fn checked_contiguous_strides(shape: &[usize]) -> Result<Vec<usize>> {
   |               ^^^^^^^^^^^^^^^^^^^^^^^^^^
   |
   = note: `#[warn(dead_code)]` (part of `#[warn(unused)]`) on by default

warning: function `contiguous_strides` is never used
  --> crates/incin-backends/src/layout.rs:46:15
   |
46 | pub(crate) fn contiguous_strides(shape: &[usize]) -> Vec<usize> {
   |               ^^^^^^^^^^^^^^^^^^

warning: function `broadcast_shape` is never used
  --> crates/incin-backends/src/layout.rs:57:15
   |
57 | pub(crate) fn broadcast_shape(a: &[usize], b: &[usize]) -> Result<Vec<usize>> {
   |               ^^^^^^^^^^^^^^^

warning: function `increment_index` is never used
  --> crates/incin-backends/src/layout.rs:68:15
   |
68 | pub(crate) fn increment_index(idx: &mut [usize], shape: &[usize]) {
   |               ^^^^^^^^^^^^^^^

warning: struct `BlockQ8_0` is never constructed
  --> crates/incin-backends/src/quant.rs:17:12
   |
17 | pub struct BlockQ8_0 {
   |            ^^^^^^^^^

warning: `incin-backends` (lib) generated 139 warnings (run `cargo fix --lib -p incin-backends` to apply 129 suggestions)
warning: function `assert_backend` is never used
   --> crates/incin-backends/src/backend_kind.rs:130:8
    |
130 |     fn assert_backend<B: Backend>() {}
    |        ^^^^^^^^^^^^^^
    |
    = note: `#[warn(dead_code)]` (part of `#[warn(unused)]`) on by default

warning: `incin-backends` (lib test) generated 146 warnings (133 duplicates) (run `cargo fix --lib -p incin-backends --tests` to apply 12 suggestions)
    Finished `dev` profile [unoptimized] target(s) in 7.45s

info: running `cargo check --all-targets --no-default-features --features autotune,distributed` on incin-backends (48/8212)
   Compiling incin-core v0.0.0 (/home/xupremix/Projects/incin/crates/incin-core)
    Checking incin-backends v0.0.0 (/home/xupremix/Projects/incin/crates/incin-backends)
warning: unused macro definition: `cpu_unary_call`
   --> crates/incin-backends/src/dispatch.rs:326:14
    |
326 | macro_rules! cpu_unary_call {
    |              ^^^^^^^^^^^^^^
    |
    = note: `#[warn(unused_macros)]` (part of `#[warn(unused)]`) on by default

warning: unused macro definition: `cpu_reduction_call`
   --> crates/incin-backends/src/dispatch.rs:500:14
    |
500 | macro_rules! cpu_reduction_call {
    |              ^^^^^^^^^^^^^^^^^^

warning: unused macro definition: `cpu_shape_call`
   --> crates/incin-backends/src/dispatch.rs:568:14
    |
568 | macro_rules! cpu_shape_call {
    |              ^^^^^^^^^^^^^^

warning: unused macro definition: `cpu_binary_call`
   --> crates/incin-backends/src/dispatch.rs:711:14
    |
711 | macro_rules! cpu_binary_call {
    |              ^^^^^^^^^^^^^^^

warning: unused import: `Cpu`
  --> crates/incin-backends/src/target.rs:86:34
   |
86 | use incin_core::tensor::device::{Cpu, Device, DeviceId};
   |                                  ^^^
   |
   = note: `#[warn(unused_imports)]` (part of `#[warn(unused)]`) on by default

warning: unused macro definition: `impl_unit_arg_target`
   --> crates/incin-backends/src/target.rs:842:14
    |
842 | macro_rules! impl_unit_arg_target {
    |              ^^^^^^^^^^^^^^^^^^^^

warning: unused imports: `Dyn` and `StrideBuf`
 --> crates/incin-backends/src/cuda/backend.rs:5:26
  |
5 | use incin_core::shapes::{Dyn, OperationKind, ShapeError, StrideBuf};
  |                          ^^^                             ^^^^^^^^^

warning: unused import: `Q8_0`
 --> crates/incin-backends/src/cuda/backend.rs:8:62
  |
8 |     ConstDType, DType, DTypeDescriptor, DTypeId, FloatDType, Q8_0, QuantDType,
  |                                                              ^^^^

warning: unused import: `Shape`
  --> crates/incin-backends/src/cuda/executor.rs:11:41
   |
11 | use incin_core::shapes::{OperationKind, Shape};
   |                                         ^^^^^

warning: unused import: `incin_core::shapes::buf::ShapeBuf`
 --> crates/incin-backends/src/backend_kind.rs:8:5
  |
8 | use incin_core::shapes::buf::ShapeBuf;
  |     ^^^^^^^^^^^^^^^^^^^^^^^^^^^^^^^^^
  |
  = note: `#[warn(unused_imports)]` (part of `#[warn(unused)]`) on by default

warning: unused import: `incin_core::shapes::dynamic::Dyn`
  --> crates/incin-backends/src/backend_kind.rs:10:5
   |
10 | use incin_core::shapes::dynamic::Dyn;
   |     ^^^^^^^^^^^^^^^^^^^^^^^^^^^^^^^^

warning: unused import: `incin_core::tensor::device::Cpu`
  --> crates/incin-backends/src/backend_kind.rs:12:5
   |
12 | use incin_core::tensor::device::Cpu;
   |     ^^^^^^^^^^^^^^^^^^^^^^^^^^^^^^^

warning: unused import: `super::*`
   --> crates/incin-backends/src/backend_kind.rs:109:9
    |
109 |     use super::*;
    |         ^^^^^^^^

warning: unused import: `incin_core::error::Error`
   --> crates/incin-backends/src/backend_kind.rs:113:9
    |
113 |     use incin_core::error::Error;
    |         ^^^^^^^^^^^^^^^^^^^^^^^^

warning: unused imports: `LayerNorm` and `Linear`
   --> crates/incin-backends/src/backend_kind.rs:116:26
    |
116 |     use incin_core::nn::{LayerNorm, Linear};
    |                          ^^^^^^^^^  ^^^^^^

warning: unused import: `incin_core::shapes::OperationKind`
   --> crates/incin-backends/src/backend_kind.rs:117:9
    |
117 |     use incin_core::shapes::OperationKind;
    |         ^^^^^^^^^^^^^^^^^^^^^^^^^^^^^^^^^

warning: unused import: `incin_core::tensor::base::Tensor`
   --> crates/incin-backends/src/backend_kind.rs:118:9
    |
118 |     use incin_core::tensor::base::Tensor;
    |         ^^^^^^^^^^^^^^^^^^^^^^^^^^^^^^^^

warning: unused import: `incin_core::tensor::device::DeviceId`
   --> crates/incin-backends/src/backend_kind.rs:119:9
    |
119 |     use incin_core::tensor::device::DeviceId;
    |         ^^^^^^^^^^^^^^^^^^^^^^^^^^^^^^^^^^^^

warning: unused imports: `Grad` and `RequiresGrad`
   --> crates/incin-backends/src/backend_kind.rs:122:36
    |
122 |     use incin_core::tensor::grad::{Grad, RequiresGrad};
    |                                    ^^^^  ^^^^^^^^^^^^

warning: unused import: `incin_core::tensor::transfer::ToDevice`
   --> crates/incin-backends/src/backend_kind.rs:123:9
    |
123 |     use incin_core::tensor::transfer::ToDevice;
    |         ^^^^^^^^^^^^^^^^^^^^^^^^^^^^^^^^^^^^^^

warning: unused import: `Cpu`
  --> crates/incin-backends/src/target.rs:86:34
   |
86 | use incin_core::tensor::device::{Cpu, Device, DeviceId};
   |                                  ^^^

warning: unused imports: `AutogradBackend` and `HostInterop`
    --> crates/incin-backends/src/cuda/backend.rs:3338:41
     |
3338 |     use incin_core::backend_authoring::{AutogradBackend, HostInterop};
     |                                         ^^^^^^^^^^^^^^^  ^^^^^^^^^^^

warning: unused variable: `request`
  --> crates/incin-backends/src/dispatch_capability.rs:10:9
   |
10 |         request: &PrecisionRequest,
   |         ^^^^^^^ help: if this is intentional, prefix it with an underscore: `_request`
   |
   = note: `#[warn(unused_variables)]` (part of `#[warn(unused)]`) on by default

warning: method `physical_index` is never used
  --> crates/incin-backends/src/iteration.rs:31:19
   |
29 | impl OperandIteration {
   | --------------------- method in this implementation
30 |     #[inline]
31 |     pub(crate) fn physical_index(&self, mut flat_index: usize, output_shape: &[usize]) -> usize {
   |                   ^^^^^^^^^^^^^^
   |
   = note: `#[warn(dead_code)]` (part of `#[warn(unused)]`) on by default

warning: `incin-backends` (lib) generated 11 warnings (run `cargo fix --lib -p incin-backends` to apply 5 suggestions)
warning: `incin-backends` (lib test) generated 22 warnings (9 duplicates) (run `cargo fix --lib -p incin-backends --tests` to apply 13 suggestions)
    Finished `dev` profile [unoptimized] target(s) in 9.17s

info: running `cargo check --all-targets --no-default-features --features compiled,distributed` on incin-backends (49/8212)
   Compiling incin-core v0.0.0 (/home/xupremix/Projects/incin/crates/incin-core)
warning: unused import: `alloc::vec`
 --> crates/incin-core/src/compiled/artifact.rs:5:5
  |
5 | use alloc::vec;
  |     ^^^^^^^^^^
  |
  = note: `#[warn(unused_imports)]` (part of `#[warn(unused)]`) on by default

warning: unused import: `CapturedNode`
 --> crates/incin-core/src/compiled/fusion.rs:5:47
  |
5 | use crate::compiled::capture::{CapturedGraph, CapturedNode};
  |                                               ^^^^^^^^^^^^

warning: unused import: `alloc::string::String`
 --> crates/incin-core/src/compiled/plan.rs:4:5
  |
4 | use alloc::string::String;
  |     ^^^^^^^^^^^^^^^^^^^^^

warning: unused import: `SymbolEnvironment`
  --> crates/incin-core/src/compiled/plan.rs:12:57
   |
12 |     DimExpr, LayoutClass, OperationIdentity, ShapeExpr, SymbolEnvironment, SymbolTable,
   |                                                         ^^^^^^^^^^^^^^^^^

